# x y f
-4.000000000000e+00 -3.000000000000e+00 -1.800000000000e+01
-4.000000000000e+00 -2.920000000000e+00 -1.769280000000e+01
-4.000000000000e+00 -2.840000000000e+00 -1.741120000000e+01
-4.000000000000e+00 -2.760000000000e+00 -1.715520000000e+01
-4.000000000000e+00 -2.680000000000e+00 -1.692480000000e+01
-4.000000000000e+00 -2.600000000000e+00 -1.672000000000e+01
-4.000000000000e+00 -2.520000000000e+00 -1.654080000000e+01
-4.000000000000e+00 -2.440000000000e+00 -1.638720000000e+01
-4.000000000000e+00 -2.360000000000e+00 -1.625920000000e+01
-4.000000000000e+00 -2.280000000000e+00 -1.615680000000e+01
-4.000000000000e+00 -2.200000000000e+00 -1.608000000000e+01
-4.000000000000e+00 -2.120000000000e+00 -1.602880000000e+01
-4.000000000000e+00 -2.040000000000e+00 -1.600320000000e+01
-4.000000000000e+00 -1.960000000000e+00 -1.600320000000e+01
-4.000000000000e+00 -1.880000000000e+00 -1.602880000000e+01
-4.000000000000e+00 -1.800000000000e+00 -1.608000000000e+01
-4.000000000000e+00 -1.720000000000e+00 -1.615680000000e+01
-4.000000000000e+00 -1.640000000000e+00 -1.625920000000e+01
-4.000000000000e+00 -1.560000000000e+00 -1.638720000000e+01
-4.000000000000e+00 -1.480000000000e+00 -1.654080000000e+01
-4.000000000000e+00 -1.400000000000e+00 -1.672000000000e+01
-4.000000000000e+00 -1.320000000000e+00 -1.692480000000e+01
-4.000000000000e+00 -1.240000000000e+00 -1.715520000000e+01
-4.000000000000e+00 -1.160000000000e+00 -1.741120000000e+01
-4.000000000000e+00 -1.080000000000e+00 -1.769280000000e+01
-4.000000000000e+00 -1.000000000000e+00 -1.800000000000e+01
-4.000000000000e+00 -9.200000000000e-01 -1.833280000000e+01
-4.000000000000e+00 -8.400000000000e-01 -1.869120000000e+01
-4.000000000000e+00 -7.600000000000e-01 -1.907520000000e+01
-4.000000000000e+00 -6.800000000000e-01 -1.948480000000e+01
-4.000000000000e+00 -6.000000000000e-01 -1.992000000000e+01
-4.000000000000e+00 -5.200000000000e-01 -2.038080000000e+01
-4.000000000000e+00 -4.400000000000e-01 -2.086720000000e+01
-4.000000000000e+00 -3.600000000000e-01 -2.137920000000e+01
-4.000000000000e+00 -2.800000000000e-01 -2.191680000000e+01
-4.000000000000e+00 -2.000000000000e-01 -2.248000000000e+01
-4.000000000000e+00 -1.200000000000e-01 -2.306880000000e+01
-4.000000000000e+00 -4.000000000000e-02 -2.368320000000e+01
-4.000000000000e+00  4.000000000000e-02 -2.432320000000e+01
-4.000000000000e+00  1.200000000000e-01 -2.498880000000e+01
-4.000000000000e+00  2.000000000000e-01 -2.568000000000e+01
-4.000000000000e+00  2.800000000000e-01 -2.639680000000e+01
-4.000000000000e+00  3.600000000000e-01 -2.713920000000e+01
-4.000000000000e+00  4.400000000000e-01 -2.790720000000e+01
-4.000000000000e+00  5.200000000000e-01 -2.870080000000e+01
-4.000000000000e+00  6.000000000000e-01 -2.952000000000e+01
-4.000000000000e+00  6.800000000000e-01 -3.036480000000e+01
-4.000000000000e+00  7.600000000000e-01 -3.123520000000e+01
-4.000000000000e+00  8.400000000000e-01 -3.213120000000e+01
-4.000000000000e+00  9.200000000000e-01 -3.305280000000e+01
-4.000000000000e+00  1.000000000000e+00 -3.400000000000e+01
-4.000000000000e+00  1.080000000000e+00 -3.497280000000e+01
-4.000000000000e+00  1.160000000000e+00 -3.597120000000e+01
-4.000000000000e+00  1.240000000000e+00 -3.699520000000e+01
-4.000000000000e+00  1.320000000000e+00 -3.804480000000e+01
-4.000000000000e+00  1.400000000000e+00 -3.912000000000e+01
-4.000000000000e+00  1.480000000000e+00 -4.022080000000e+01
-4.000000000000e+00  1.560000000000e+00 -4.134720000000e+01
-4.000000000000e+00  1.640000000000e+00 -4.249920000000e+01
-4.000000000000e+00  1.720000000000e+00 -4.367680000000e+01
-4.000000000000e+00  1.800000000000e+00 -4.488000000000e+01
-4.000000000000e+00  1.880000000000e+00 -4.610880000000e+01
-4.000000000000e+00  1.960000000000e+00 -4.736320000000e+01
-4.000000000000e+00  2.040000000000e+00 -4.864320000000e+01
-4.000000000000e+00  2.120000000000e+00 -4.994880000000e+01
-4.000000000000e+00  2.200000000000e+00 -5.128000000000e+01
-4.000000000000e+00  2.280000000000e+00 -5.263680000000e+01
-4.000000000000e+00  2.360000000000e+00 -5.401920000000e+01
-4.000000000000e+00  2.440000000000e+00 -5.542720000000e+01
-4.000000000000e+00  2.520000000000e+00 -5.686080000000e+01
-4.000000000000e+00  2.600000000000e+00 -5.832000000000e+01
-4.000000000000e+00  2.680000000000e+00 -5.980480000000e+01
-4.000000000000e+00  2.760000000000e+00 -6.131520000000e+01
-4.000000000000e+00  2.840000000000e+00 -6.285120000000e+01
-4.000000000000e+00  2.920000000000e+00 -6.441280000000e+01
-4.000000000000e+00  3.000000000000e+00 -6.600000000000e+01
-4.000000000000e+00  3.080000000000e+00 -6.761280000000e+01
-4.000000000000e+00  3.160000000000e+00 -6.925120000000e+01
-4.000000000000e+00  3.240000000000e+00 -7.091520000000e+01
-4.000000000000e+00  3.320000000000e+00 -7.260480000000e+01
-4.000000000000e+00  3.400000000000e+00 -7.432000000000e+01
-4.000000000000e+00  3.480000000000e+00 -7.606080000000e+01
-4.000000000000e+00  3.560000000000e+00 -7.782720000000e+01
-4.000000000000e+00  3.640000000000e+00 -7.961920000000e+01
-4.000000000000e+00  3.720000000000e+00 -8.143680000000e+01
-4.000000000000e+00  3.800000000000e+00 -8.328000000000e+01
-4.000000000000e+00  3.880000000000e+00 -8.514880000000e+01
-4.000000000000e+00  3.960000000000e+00 -8.704320000000e+01
-4.000000000000e+00  4.040000000000e+00 -8.896320000000e+01
-4.000000000000e+00  4.120000000000e+00 -9.090880000000e+01
-4.000000000000e+00  4.200000000000e+00 -9.288000000000e+01
-4.000000000000e+00  4.280000000000e+00 -9.487680000000e+01
-4.000000000000e+00  4.360000000000e+00 -9.689920000000e+01
-4.000000000000e+00  4.440000000000e+00 -9.894720000000e+01
-4.000000000000e+00  4.520000000000e+00 -1.010208000000e+02
-4.000000000000e+00  4.600000000000e+00 -1.031200000000e+02
-4.000000000000e+00  4.680000000000e+00 -1.052448000000e+02
-4.000000000000e+00  4.760000000000e+00 -1.073952000000e+02
-4.000000000000e+00  4.840000000000e+00 -1.095712000000e+02
-4.000000000000e+00  4.920000000000e+00 -1.117728000000e+02
-4.000000000000e+00  5.000000000000e+00 -1.140000000000e+02

-3.920000000000e+00 -3.000000000000e+00 -1.768640000000e+01
-3.920000000000e+00 -2.920000000000e+00 -1.736640000000e+01
-3.920000000000e+00 -2.840000000000e+00 -1.707200000000e+01
-3.920000000000e+00 -2.760000000000e+00 -1.680320000000e+01
-3.920000000000e+00 -2.680000000000e+00 -1.656000000000e+01
-3.920000000000e+00 -2.600000000000e+00 -1.634240000000e+01
-3.920000000000e+00 -2.520000000000e+00 -1.615040000000e+01
-3.920000000000e+00 -2.440000000000e+00 -1.598400000000e+01
-3.920000000000e+00 -2.360000000000e+00 -1.584320000000e+01
-3.920000000000e+00 -2.280000000000e+00 -1.572800000000e+01
-3.920000000000e+00 -2.200000000000e+00 -1.563840000000e+01
-3.920000000000e+00 -2.120000000000e+00 -1.557440000000e+01
-3.920000000000e+00 -2.040000000000e+00 -1.553600000000e+01
-3.920000000000e+00 -1.960000000000e+00 -1.552320000000e+01
-3.920000000000e+00 -1.880000000000e+00 -1.553600000000e+01
-3.920000000000e+00 -1.800000000000e+00 -1.557440000000e+01
-3.920000000000e+00 -1.720000000000e+00 -1.563840000000e+01
-3.920000000000e+00 -1.640000000000e+00 -1.572800000000e+01
-3.920000000000e+00 -1.560000000000e+00 -1.584320000000e+01
-3.920000000000e+00 -1.480000000000e+00 -1.598400000000e+01
-3.920000000000e+00 -1.400000000000e+00 -1.615040000000e+01
-3.920000000000e+00 -1.320000000000e+00 -1.634240000000e+01
-3.920000000000e+00 -1.240000000000e+00 -1.656000000000e+01
-3.920000000000e+00 -1.160000000000e+00 -1.680320000000e+01
-3.920000000000e+00 -1.080000000000e+00 -1.707200000000e+01
-3.920000000000e+00 -1.000000000000e+00 -1.736640000000e+01
-3.920000000000e+00 -9.200000000000e-01 -1.768640000000e+01
-3.920000000000e+00 -8.400000000000e-01 -1.803200000000e+01
-3.920000000000e+00 -7.600000000000e-01 -1.840320000000e+01
-3.920000000000e+00 -6.800000000000e-01 -1.880000000000e+01
-3.920000000000e+00 -6.000000000000e-01 -1.922240000000e+01
-3.920000000000e+00 -5.200000000000e-01 -1.967040000000e+01
-3.920000000000e+00 -4.400000000000e-01 -2.014400000000e+01
-3.920000000000e+00 -3.600000000000e-01 -2.064320000000e+01
-3.920000000000e+00 -2.800000000000e-01 -2.116800000000e+01
-3.920000000000e+00 -2.000000000000e-01 -2.171840000000e+01
-3.920000000000e+00 -1.200000000000e-01 -2.229440000000e+01
-3.920000000000e+00 -4.000000000000e-02 -2.289600000000e+01
-3.920000000000e+00  4.000000000000e-02 -2.352320000000e+01
-3.920000000000e+00  1.200000000000e-01 -2.417600000000e+01
-3.920000000000e+00  2.000000000000e-01 -2.485440000000e+01
-3.920000000000e+00  2.800000000000e-01 -2.555840000000e+01
-3.920000000000e+00  3.600000000000e-01 -2.628800000000e+01
-3.920000000000e+00  4.400000000000e-01 -2.704320000000e+01
-3.920000000000e+00  5.200000000000e-01 -2.782400000000e+01
-3.920000000000e+00  6.000000000000e-01 -2.863040000000e+01
-3.920000000000e+00  6.800000000000e-01 -2.946240000000e+01
-3.920000000000e+00  7.600000000000e-01 -3.032000000000e+01
-3.920000000000e+00  8.400000000000e-01 -3.120320000000e+01
-3.920000000000e+00  9.200000000000e-01 -3.211200000000e+01
-3.920000000000e+00  1.000000000000e+00 -3.304640000000e+01
-3.920000000000e+00  1.080000000000e+00 -3.400640000000e+01
-3.920000000000e+00  1.160000000000e+00 -3.499200000000e+01
-3.920000000000e+00  1.240000000000e+00 -3.600320000000e+01
-3.920000000000e+00  1.320000000000e+00 -3.704000000000e+01
-3.920000000000e+00  1.400000000000e+00 -3.810240000000e+01
-3.920000000000e+00  1.480000000000e+00 -3.919040000000e+01
-3.920000000000e+00  1.560000000000e+00 -4.030400000000e+01
-3.920000000000e+00  1.640000000000e+00 -4.144320000000e+01
-3.920000000000e+00  1.720000000000e+00 -4.260800000000e+01
-3.920000000000e+00  1.800000000000e+00 -4.379840000000e+01
-3.920000000000e+00  1.880000000000e+00 -4.501440000000e+01
-3.920000000000e+00  1.960000000000e+00 -4.625600000000e+01
-3.920000000000e+00  2.040000000000e+00 -4.752320000000e+01
-3.920000000000e+00  2.120000000000e+00 -4.881600000000e+01
-3.920000000000e+00  2.200000000000e+00 -5.013440000000e+01
-3.920000000000e+00  2.280000000000e+00 -5.147840000000e+01
-3.920000000000e+00  2.360000000000e+00 -5.284800000000e+01
-3.920000000000e+00  2.440000000000e+00 -5.424320000000e+01
-3.920000000000e+00  2.520000000000e+00 -5.566400000000e+01
-3.920000000000e+00  2.600000000000e+00 -5.711040000000e+01
-3.920000000000e+00  2.680000000000e+00 -5.858240000000e+01
-3.920000000000e+00  2.760000000000e+00 -6.008000000000e+01
-3.920000000000e+00  2.840000000000e+00 -6.160320000000e+01
-3.920000000000e+00  2.920000000000e+00 -6.315200000000e+01
-3.920000000000e+00  3.000000000000e+00 -6.472640000000e+01
-3.920000000000e+00  3.080000000000e+00 -6.632640000000e+01
-3.920000000000e+00  3.160000000000e+00 -6.795200000000e+01
-3.920000000000e+00  3.240000000000e+00 -6.960320000000e+01
-3.920000000000e+00  3.320000000000e+00 -7.128000000000e+01
-3.920000000000e+00  3.400000000000e+00 -7.298240000000e+01
-3.920000000000e+00  3.480000000000e+00 -7.471040000000e+01
-3.920000000000e+00  3.560000000000e+00 -7.646400000000e+01
-3.920000000000e+00  3.640000000000e+00 -7.824320000000e+01
-3.920000000000e+00  3.720000000000e+00 -8.004800000000e+01
-3.920000000000e+00  3.800000000000e+00 -8.187840000000e+01
-3.920000000000e+00  3.880000000000e+00 -8.373440000000e+01
-3.920000000000e+00  3.960000000000e+00 -8.561600000000e+01
-3.920000000000e+00  4.040000000000e+00 -8.752320000000e+01
-3.920000000000e+00  4.120000000000e+00 -8.945600000000e+01
-3.920000000000e+00  4.200000000000e+00 -9.141440000000e+01
-3.920000000000e+00  4.280000000000e+00 -9.339840000000e+01
-3.920000000000e+00  4.360000000000e+00 -9.540800000000e+01
-3.920000000000e+00  4.440000000000e+00 -9.744320000000e+01
-3.920000000000e+00  4.520000000000e+00 -9.950400000000e+01
-3.920000000000e+00  4.600000000000e+00 -1.015904000000e+02
-3.920000000000e+00  4.680000000000e+00 -1.037024000000e+02
-3.920000000000e+00  4.760000000000e+00 -1.058400000000e+02
-3.920000000000e+00  4.840000000000e+00 -1.080032000000e+02
-3.920000000000e+00  4.920000000000e+00 -1.101920000000e+02
-3.920000000000e+00  5.000000000000e+00 -1.124064000000e+02

-3.840000000000e+00 -3.000000000000e+00 -1.738560000000e+01
-3.840000000000e+00 -2.920000000000e+00 -1.705280000000e+01
-3.840000000000e+00 -2.840000000000e+00 -1.674560000000e+01
-3.840000000000e+00 -2.760000000000e+00 -1.646400000000e+01
-3.840000000000e+00 -2.680000000000e+00 -1.620800000000e+01
-3.840000000000e+00 -2.600000000000e+00 -1.597760000000e+01
-3.840000000000e+00 -2.520000000000e+00 -1.577280000000e+01
-3.840000000000e+00 -2.440000000000e+00 -1.559360000000e+01
-3.840000000000e+00 -2.360000000000e+00 -1.544000000000e+01
-3.840000000000e+00 -2.280000000000e+00 -1.531200000000e+01
-3.840000000000e+00 -2.200000000000e+00 -1.520960000000e+01
-3.840000000000e+00 -2.120000000000e+00 -1.513280000000e+01
-3.840000000000e+00 -2.040000000000e+00 -1.508160000000e+01
-3.840000000000e+00 -1.960000000000e+00 -1.505600000000e+01
-3.840000000000e+00 -1.880000000000e+00 -1.505600000000e+01
-3.840000000000e+00 -1.800000000000e+00 -1.508160000000e+01
-3.840000000000e+00 -1.720000000000e+00 -1.513280000000e+01
-3.840000000000e+00 -1.640000000000e+00 -1.520960000000e+01
-3.840000000000e+00 -1.560000000000e+00 -1.531200000000e+01
-3.840000000000e+00 -1.480000000000e+00 -1.544000000000e+01
-3.840000000000e+00 -1.400000000000e+00 -1.559360000000e+01
-3.840000000000e+00 -1.320000000000e+00 -1.577280000000e+01
-3.840000000000e+00 -1.240000000000e+00 -1.597760000000e+01
-3.840000000000e+00 -1.160000000000e+00 -1.620800000000e+01
-3.840000000000e+00 -1.080000000000e+00 -1.646400000000e+01
-3.840000000000e+00 -1.000000000000e+00 -1.674560000000e+01
-3.840000000000e+00 -9.200000000000e-01 -1.705280000000e+01
-3.840000000000e+00 -8.400000000000e-01 -1.738560000000e+01
-3.840000000000e+00 -7.600000000000e-01 -1.774400000000e+01
-3.840000000000e+00 -6.800000000000e-01 -1.812800000000e+01
-3.840000000000e+00 -6.000000000000e-01 -1.853760000000e+01
-3.840000000000e+00 -5.200000000000e-01 -1.897280000000e+01
-3.840000000000e+00 -4.400000000000e-01 -1.943360000000e+01
-3.840000000000e+00 -3.600000000000e-01 -1.992000000000e+01
-3.840000000000e+00 -2.800000000000e-01 -2.043200000000e+01
-3.840000000000e+00 -2.000000000000e-01 -2.096960000000e+01
-3.840000000000e+00 -1.200000000000e-01 -2.153280000000e+01
-3.840000000000e+00 -4.000000000000e-02 -2.212160000000e+01
-3.840000000000e+00  4.000000000000e-02 -2.273600000000e+01
-3.840000000000e+00  1.200000000000e-01 -2.337600000000e+01
-3.840000000000e+00  2.000000000000e-01 -2.404160000000e+01
-3.840000000000e+00  2.800000000000e-01 -2.473280000000e+01
-3.840000000000e+00  3.600000000000e-01 -2.544960000000e+01
-3.840000000000e+00  4.400000000000e-01 -2.619200000000e+01
-3.840000000000e+00  5.200000000000e-01 -2.696000000000e+01
-3.840000000000e+00  6.000000000000e-01 -2.775360000000e+01
-3.840000000000e+00  6.800000000000e-01 -2.857280000000e+01
-3.840000000000e+00  7.600000000000e-01 -2.941760000000e+01
-3.840000000000e+00  8.400000000000e-01 -3.028800000000e+01
-3.840000000000e+00  9.200000000000e-01 -3.118400000000e+01
-3.840000000000e+00  1.000000000000e+00 -3.210560000000e+01
-3.840000000000e+00  1.080000000000e+00 -3.305280000000e+01
-3.840000000000e+00  1.160000000000e+00 -3.402560000000e+01
-3.840000000000e+00  1.240000000000e+00 -3.502400000000e+01
-3.840000000000e+00  1.320000000000e+00 -3.604800000000e+01
-3.840000000000e+00  1.400000000000e+00 -3.709760000000e+01
-3.840000000000e+00  1.480000000000e+00 -3.817280000000e+01
-3.840000000000e+00  1.560000000000e+00 -3.927360000000e+01
-3.840000000000e+00  1.640000000000e+00 -4.040000000000e+01
-3.840000000000e+00  1.720000000000e+00 -4.155200000000e+01
-3.840000000000e+00  1.800000000000e+00 -4.272960000000e+01
-3.840000000000e+00  1.880000000000e+00 -4.393280000000e+01
-3.840000000000e+00  1.960000000000e+00 -4.516160000000e+01
-3.840000000000e+00  2.040000000000e+00 -4.641600000000e+01
-3.840000000000e+00  2.120000000000e+00 -4.769600000000e+01
-3.840000000000e+00  2.200000000000e+00 -4.900160000000e+01
-3.840000000000e+00  2.280000000000e+00 -5.033280000000e+01
-3.840000000000e+00  2.360000000000e+00 -5.168960000000e+01
-3.840000000000e+00  2.440000000000e+00 -5.307200000000e+01
-3.840000000000e+00  2.520000000000e+00 -5.448000000000e+01
-3.840000000000e+00  2.600000000000e+00 -5.591360000000e+01
-3.840000000000e+00  2.680000000000e+00 -5.737280000000e+01
-3.840000000000e+00  2.760000000000e+00 -5.885760000000e+01
-3.840000000000e+00  2.840000000000e+00 -6.036800000000e+01
-3.840000000000e+00  2.920000000000e+00 -6.190400000000e+01
-3.840000000000e+00  3.000000000000e+00 -6.346560000000e+01
-3.840000000000e+00  3.080000000000e+00 -6.505280000000e+01
-3.840000000000e+00  3.160000000000e+00 -6.666560000000e+01
-3.840000000000e+00  3.240000000000e+00 -6.830400000000e+01
-3.840000000000e+00  3.320000000000e+00 -6.996800000000e+01
-3.840000000000e+00  3.400000000000e+00 -7.165760000000e+01
-3.840000000000e+00  3.480000000000e+00 -7.337280000000e+01
-3.840000000000e+00  3.560000000000e+00 -7.511360000000e+01
-3.840000000000e+00  3.640000000000e+00 -7.688000000000e+01
-3.840000000000e+00  3.720000000000e+00 -7.867200000000e+01
-3.840000000000e+00  3.800000000000e+00 -8.048960000000e+01
-3.840000000000e+00  3.880000000000e+00 -8.233280000000e+01
-3.840000000000e+00  3.960000000000e+00 -8.420160000000e+01
-3.840000000000e+00  4.040000000000e+00 -8.609600000000e+01
-3.840000000000e+00  4.120000000000e+00 -8.801600000000e+01
-3.840000000000e+00  4.200000000000e+00 -8.996160000000e+01
-3.840000000000e+00  4.280000000000e+00 -9.193280000000e+01
-3.840000000000e+00  4.360000000000e+00 -9.392960000000e+01
-3.840000000000e+00  4.440000000000e+00 -9.595200000000e+01
-3.840000000000e+00  4.520000000000e+00 -9.800000000000e+01
-3.840000000000e+00  4.600000000000e+00 -1.000736000000e+02
-3.840000000000e+00  4.680000000000e+00 -1.021728000000e+02
-3.840000000000e+00  4.760000000000e+00 -1.042976000000e+02
-3.840000000000e+00  4.840000000000e+00 -1.064480000000e+02
-3.840000000000e+00  4.920000000000e+00 -1.086240000000e+02
-3.840000000000e+00  5.000000000000e+00 -1.108256000000e+02

-3.760000000000e+00 -3.000000000000e+00 -1.709760000000e+01
-3.760000000000e+00 -2.920000000000e+00 -1.675200000000e+01
-3.760000000000e+00 -2.840000000000e+00 -1.643200000000e+01
-3.760000000000e+00 -2.760000000000e+00 -1.613760000000e+01
-3.760000000000e+00 -2.680000000000e+00 -1.586880000000e+01
-3.760000000000e+00 -2.600000000000e+00 -1.562560000000e+01
-3.760000000000e+00 -2.520000000000e+00 -1.540800000000e+01
-3.760000000000e+00 -2.440000000000e+00 -1.521600000000e+01
-3.760000000000e+00 -2.360000000000e+00 -1.504960000000e+01
-3.760000000000e+00 -2.280000000000e+00 -1.490880000000e+01
-3.760000000000e+00 -2.200000000000e+00 -1.479360000000e+01
-3.760000000000e+00 -2.120000000000e+00 -1.470400000000e+01
-3.760000000000e+00 -2.040000000000e+00 -1.464000000000e+01
-3.760000000000e+00 -1.960000000000e+00 -1.460160000000e+01
-3.760000000000e+00 -1.880000000000e+00 -1.458880000000e+01
-3.760000000000e+00 -1.800000000000e+00 -1.460160000000e+01
-3.760000000000e+00 -1.720000000000e+00 -1.464000000000e+01
-3.760000000000e+00 -1.640000000000e+00 -1.470400000000e+01
-3.760000000000e+00 -1.560000000000e+00 -1.479360000000e+01
-3.760000000000e+00 -1.480000000000e+00 -1.490880000000e+01
-3.760000000000e+00 -1.400000000000e+00 -1.504960000000e+01
-3.760000000000e+00 -1.320000000000e+00 -1.521600000000e+01
-3.760000000000e+00 -1.240000000000e+00 -1.540800000000e+01
-3.760000000000e+00 -1.160000000000e+00 -1.562560000000e+01
-3.760000000000e+00 -1.080000000000e+00 -1.586880000000e+01
-3.760000000000e+00 -1.000000000000e+00 -1.613760000000e+01
-3.760000000000e+00 -9.200000000000e-01 -1.643200000000e+01
-3.760000000000e+00 -8.400000000000e-01 -1.675200000000e+01
-3.760000000000e+00 -7.600000000000e-01 -1.709760000000e+01
-3.760000000000e+00 -6.800000000000e-01 -1.746880000000e+01
-3.760000000000e+00 -6.000000000000e-01 -1.786560000000e+01
-3.760000000000e+00 -5.200000000000e-01 -1.828800000000e+01
-3.760000000000e+00 -4.400000000000e-01 -1.873600000000e+01
-3.760000000000e+00 -3.600000000000e-01 -1.920960000000e+01
-3.760000000000e+00 -2.800000000000e-01 -1.970880000000e+01
-3.760000000000e+00 -2.000000000000e-01 -2.023360000000e+01
-3.760000000000e+00 -1.200000000000e-01 -2.078400000000e+01
-3.760000000000e+00 -4.000000000000e-02 -2.136000000000e+01
-3.760000000000e+00  4.000000000000e-02 -2.196160000000e+01
-3.760000000000e+00  1.200000000000e-01 -2.258880000000e+01
-3.760000000000e+00  2.000000000000e-01 -2.324160000000e+01
-3.760000000000e+00  2.800000000000e-01 -2.392000000000e+01
-3.760000000000e+00  3.600000000000e-01 -2.462400000000e+01
-3.760000000000e+00  4.400000000000e-01 -2.535360000000e+01
-3.760000000000e+00  5.200000000000e-01 -2.610880000000e+01
-3.760000000000e+00  6.000000000000e-01 -2.688960000000e+01
-3.760000000000e+00  6.800000000000e-01 -2.769600000000e+01
-3.760000000000e+00  7.600000000000e-01 -2.852800000000e+01
-3.760000000000e+00  8.400000000000e-01 -2.938560000000e+01
-3.760000000000e+00  9.200000000000e-01 -3.026880000000e+01
-3.760000000000e+00  1.000000000000e+00 -3.117760000000e+01
-3.760000000000e+00  1.080000000000e+00 -3.211200000000e+01
-3.760000000000e+00  1.160000000000e+00 -3.307200000000e+01
-3.760000000000e+00  1.240000000000e+00 -3.405760000000e+01
-3.760000000000e+00  1.320000000000e+00 -3.506880000000e+01
-3.760000000000e+00  1.400000000000e+00 -3.610560000000e+01
-3.760000000000e+00  1.480000000000e+00 -3.716800000000e+01
-3.760000000000e+00  1.560000000000e+00 -3.825600000000e+01
-3.760000000000e+00  1.640000000000e+00 -3.936960000000e+01
-3.760000000000e+00  1.720000000000e+00 -4.050880000000e+01
-3.760000000000e+00  1.800000000000e+00 -4.167360000000e+01
-3.760000000000e+00  1.880000000000e+00 -4.286400000000e+01
-3.760000000000e+00  1.960000000000e+00 -4.408000000000e+01
-3.760000000000e+00  2.040000000000e+00 -4.532160000000e+01
-3.760000000000e+00  2.120000000000e+00 -4.658880000000e+01
-3.760000000000e+00  2.200000000000e+00 -4.788160000000e+01
-3.760000000000e+00  2.280000000000e+00 -4.920000000000e+01
-3.760000000000e+00  2.360000000000e+00 -5.054400000000e+01
-3.760000000000e+00  2.440000000000e+00 -5.191360000000e+01
-3.760000000000e+00  2.520000000000e+00 -5.330880000000e+01
-3.760000000000e+00  2.600000000000e+00 -5.472960000000e+01
-3.760000000000e+00  2.680000000000e+00 -5.617600000000e+01
-3.760000000000e+00  2.760000000000e+00 -5.764800000000e+01
-3.760000000000e+00  2.840000000000e+00 -5.914560000000e+01
-3.760000000000e+00  2.920000000000e+00 -6.066880000000e+01
-3.760000000000e+00  3.000000000000e+00 -6.221760000000e+01
-3.760000000000e+00  3.080000000000e+00 -6.379200000000e+01
-3.760000000000e+00  3.160000000000e+00 -6.539200000000e+01
-3.760000000000e+00  3.240000000000e+00 -6.701760000000e+01
-3.760000000000e+00  3.320000000000e+00 -6.866880000000e+01
-3.760000000000e+00  3.400000000000e+00 -7.034560000000e+01
-3.760000000000e+00  3.480000000000e+00 -7.204800000000e+01
-3.760000000000e+00  3.560000000000e+00 -7.377600000000e+01
-3.760000000000e+00  3.640000000000e+00 -7.552960000000e+01
-3.760000000000e+00  3.720000000000e+00 -7.730880000000e+01
-3.760000000000e+00  3.800000000000e+00 -7.911360000000e+01
-3.760000000000e+00  3.880000000000e+00 -8.094400000000e+01
-3.760000000000e+00  3.960000000000e+00 -8.280000000000e+01
-3.760000000000e+00  4.040000000000e+00 -8.468160000000e+01
-3.760000000000e+00  4.120000000000e+00 -8.658880000000e+01
-3.760000000000e+00  4.200000000000e+00 -8.852160000000e+01
-3.760000000000e+00  4.280000000000e+00 -9.048000000000e+01
-3.760000000000e+00  4.360000000000e+00 -9.246400000000e+01
-3.760000000000e+00  4.440000000000e+00 -9.447360000000e+01
-3.760000000000e+00  4.520000000000e+00 -9.650880000000e+01
-3.760000000000e+00  4.600000000000e+00 -9.856960000000e+01
-3.760000000000e+00  4.680000000000e+00 -1.006560000000e+02
-3.760000000000e+00  4.760000000000e+00 -1.027680000000e+02
-3.760000000000e+00  4.840000000000e+00 -1.049056000000e+02
-3.760000000000e+00  4.920000000000e+00 -1.070688000000e+02
-3.760000000000e+00  5.000000000000e+00 -1.092576000000e+02

-3.680000000000e+00 -3.000000000000e+00 -1.682240000000e+01
-3.680000000000e+00 -2.920000000000e+00 -1.646400000000e+01
-3.680000000000e+00 -2.840000000000e+00 -1.613120000000e+01
-3.680000000000e+00 -2.760000000000e+00 -1.582400000000e+01
-3.680000000000e+00 -2.680000000000e+00 -1.554240000000e+01
-3.680000000000e+00 -2.600000000000e+00 -1.528640000000e+01
-3.680000000000e+00 -2.520000000000e+00 -1.505600000000e+01
-3.680000000000e+00 -2.440000000000e+00 -1.485120000000e+01
-3.680000000000e+00 -2.360000000000e+00 -1.467200000000e+01
-3.680000000000e+00 -2.280000000000e+00 -1.451840000000e+01
-3.680000000000e+00 -2.200000000000e+00 -1.439040000000e+01
-3.680000000000e+00 -2.120000000000e+00 -1.428800000000e+01
-3.680000000000e+00 -2.040000000000e+00 -1.421120000000e+01
-3.680000000000e+00 -1.960000000000e+00 -1.416000000000e+01
-3.680000000000e+00 -1.880000000000e+00 -1.413440000000e+01
-3.680000000000e+00 -1.800000000000e+00 -1.413440000000e+01
-3.680000000000e+00 -1.720000000000e+00 -1.416000000000e+01
-3.680000000000e+00 -1.640000000000e+00 -1.421120000000e+01
-3.680000000000e+00 -1.560000000000e+00 -1.428800000000e+01
-3.680000000000e+00 -1.480000000000e+00 -1.439040000000e+01
-3.680000000000e+00 -1.400000000000e+00 -1.451840000000e+01
-3.680000000000e+00 -1.320000000000e+00 -1.467200000000e+01
-3.680000000000e+00 -1.240000000000e+00 -1.485120000000e+01
-3.680000000000e+00 -1.160000000000e+00 -1.505600000000e+01
-3.680000000000e+00 -1.080000000000e+00 -1.528640000000e+01
-3.680000000000e+00 -1.000000000000e+00 -1.554240000000e+01
-3.680000000000e+00 -9.200000000000e-01 -1.582400000000e+01
-3.680000000000e+00 -8.400000000000e-01 -1.613120000000e+01
-3.680000000000e+00 -7.600000000000e-01 -1.646400000000e+01
-3.680000000000e+00 -6.800000000000e-01 -1.682240000000e+01
-3.680000000000e+00 -6.000000000000e-01 -1.720640000000e+01
-3.680000000000e+00 -5.200000000000e-01 -1.761600000000e+01
-3.680000000000e+00 -4.400000000000e-01 -1.805120000000e+01
-3.680000000000e+00 -3.600000000000e-01 -1.851200000000e+01
-3.680000000000e+00 -2.800000000000e-01 -1.899840000000e+01
-3.680000000000e+00 -2.000000000000e-01 -1.951040000000e+01
-3.680000000000e+00 -1.200000000000e-01 -2.004800000000e+01
-3.680000000000e+00 -4.000000000000e-02 -2.061120000000e+01
-3.680000000000e+00  4.000000000000e-02 -2.120000000000e+01
-3.680000000000e+00  1.200000000000e-01 -2.181440000000e+01
-3.680000000000e+00  2.000000000000e-01 -2.245440000000e+01
-3.680000000000e+00  2.800000000000e-01 -2.312000000000e+01
-3.680000000000e+00  3.600000000000e-01 -2.381120000000e+01
-3.680000000000e+00  4.400000000000e-01 -2.452800000000e+01
-3.680000000000e+00  5.200000000000e-01 -2.527040000000e+01
-3.680000000000e+00  6.000000000000e-01 -2.603840000000e+01
-3.680000000000e+00  6.800000000000e-01 -2.683200000000e+01
-3.680000000000e+00  7.600000000000e-01 -2.765120000000e+01
-3.680000000000e+00  8.400000000000e-01 -2.849600000000e+01
-3.680000000000e+00  9.200000000000e-01 -2.936640000000e+01
-3.680000000000e+00  1.000000000000e+00 -3.026240000000e+01
-3.680000000000e+00  1.080000000000e+00 -3.118400000000e+01
-3.680000000000e+00  1.160000000000e+00 -3.213120000000e+01
-3.680000000000e+00  1.240000000000e+00 -3.310400000000e+01
-3.680000000000e+00  1.320000000000e+00 -3.410240000000e+01
-3.680000000000e+00  1.400000000000e+00 -3.512640000000e+01
-3.680000000000e+00  1.480000000000e+00 -3.617600000000e+01
-3.680000000000e+00  1.560000000000e+00 -3.725120000000e+01
-3.680000000000e+00  1.640000000000e+00 -3.835200000000e+01
-3.680000000000e+00  1.720000000000e+00 -3.947840000000e+01
-3.680000000000e+00  1.800000000000e+00 -4.063040000000e+01
-3.680000000000e+00  1.880000000000e+00 -4.180800000000e+01
-3.680000000000e+00  1.960000000000e+00 -4.301120000000e+01
-3.680000000000e+00  2.040000000000e+00 -4.424000000000e+01
-3.680000000000e+00  2.120000000000e+00 -4.549440000000e+01
-3.680000000000e+00  2.200000000000e+00 -4.677440000000e+01
-3.680000000000e+00  2.280000000000e+00 -4.808000000000e+01
-3.680000000000e+00  2.360000000000e+00 -4.941120000000e+01
-3.680000000000e+00  2.440000000000e+00 -5.076800000000e+01
-3.680000000000e+00  2.520000000000e+00 -5.215040000000e+01
-3.680000000000e+00  2.600000000000e+00 -5.355840000000e+01
-3.680000000000e+00  2.680000000000e+00 -5.499200000000e+01
-3.680000000000e+00  2.760000000000e+00 -5.645120000000e+01
-3.680000000000e+00  2.840000000000e+00 -5.793600000000e+01
-3.680000000000e+00  2.920000000000e+00 -5.944640000000e+01
-3.680000000000e+00  3.000000000000e+00 -6.098240000000e+01
-3.680000000000e+00  3.080000000000e+00 -6.254400000000e+01
-3.680000000000e+00  3.160000000000e+00 -6.413120000000e+01
-3.680000000000e+00  3.240000000000e+00 -6.574400000000e+01
-3.680000000000e+00  3.320000000000e+00 -6.738240000000e+01
-3.680000000000e+00  3.400000000000e+00 -6.904640000000e+01
-3.680000000000e+00  3.480000000000e+00 -7.073600000000e+01
-3.680000000000e+00  3.560000000000e+00 -7.245120000000e+01
-3.680000000000e+00  3.640000000000e+00 -7.419200000000e+01
-3.680000000000e+00  3.720000000000e+00 -7.595840000000e+01
-3.680000000000e+00  3.800000000000e+00 -7.775040000000e+01
-3.680000000000e+00  3.880000000000e+00 -7.956800000000e+01
-3.680000000000e+00  3.960000000000e+00 -8.141120000000e+01
-3.680000000000e+00  4.040000000000e+00 -8.328000000000e+01
-3.680000000000e+00  4.120000000000e+00 -8.517440000000e+01
-3.680000000000e+00  4.200000000000e+00 -8.709440000000e+01
-3.680000000000e+00  4.280000000000e+00 -8.904000000000e+01
-3.680000000000e+00  4.360000000000e+00 -9.101120000000e+01
-3.680000000000e+00  4.440000000000e+00 -9.300800000000e+01
-3.680000000000e+00  4.520000000000e+00 -9.503040000000e+01
-3.680000000000e+00  4.600000000000e+00 -9.707840000000e+01
-3.680000000000e+00  4.680000000000e+00 -9.915200000000e+01
-3.680000000000e+00  4.760000000000e+00 -1.012512000000e+02
-3.680000000000e+00  4.840000000000e+00 -1.033760000000e+02
-3.680000000000e+00  4.920000000000e+00 -1.055264000000e+02
-3.680000000000e+00  5.000000000000e+00 -1.077024000000e+02

-3.600000000000e+00 -3.000000000000e+00 -1.656000000000e+01
-3.600000000000e+00 -2.920000000000e+00 -1.618880000000e+01
-3.600000000000e+00 -2.840000000000e+00 -1.584320000000e+01
-3.600000000000e+00 -2.760000000000e+00 -1.552320000000e+01
-3.600000000000e+00 -2.680000000000e+00 -1.522880000000e+01
-3.600000000000e+00 -2.600000000000e+00 -1.496000000000e+01
-3.600000000000e+00 -2.520000000000e+00 -1.471680000000e+01
-3.600000000000e+00 -2.440000000000e+00 -1.449920000000e+01
-3.600000000000e+00 -2.360000000000e+00 -1.430720000000e+01
-3.600000000000e+00 -2.280000000000e+00 -1.414080000000e+01
-3.600000000000e+00 -2.200000000000e+00 -1.400000000000e+01
-3.600000000000e+00 -2.120000000000e+00 -1.388480000000e+01
-3.600000000000e+00 -2.040000000000e+00 -1.379520000000e+01
-3.600000000000e+00 -1.960000000000e+00 -1.373120000000e+01
-3.600000000000e+00 -1.880000000000e+00 -1.369280000000e+01
-3.600000000000e+00 -1.800000000000e+00 -1.368000000000e+01
-3.600000000000e+00 -1.720000000000e+00 -1.369280000000e+01
-3.600000000000e+00 -1.640000000000e+00 -1.373120000000e+01
-3.600000000000e+00 -1.560000000000e+00 -1.379520000000e+01
-3.600000000000e+00 -1.480000000000e+00 -1.388480000000e+01
-3.600000000000e+00 -1.400000000000e+00 -1.400000000000e+01
-3.600000000000e+00 -1.320000000000e+00 -1.414080000000e+01
-3.600000000000e+00 -1.240000000000e+00 -1.430720000000e+01
-3.600000000000e+00 -1.160000000000e+00 -1.449920000000e+01
-3.600000000000e+00 -1.080000000000e+00 -1.471680000000e+01
-3.600000000000e+00 -1.000000000000e+00 -1.496000000000e+01
-3.600000000000e+00 -9.200000000000e-01 -1.522880000000e+01
-3.600000000000e+00 -8.400000000000e-01 -1.552320000000e+01
-3.600000000000e+00 -7.600000000000e-01 -1.584320000000e+01
-3.600000000000e+00 -6.800000000000e-01 -1.618880000000e+01
-3.600000000000e+00 -6.000000000000e-01 -1.656000000000e+01
-3.600000000000e+00 -5.200000000000e-01 -1.695680000000e+01
-3.600000000000e+00 -4.400000000000e-01 -1.737920000000e+01
-3.600000000000e+00 -3.600000000000e-01 -1.782720000000e+01
-3.600000000000e+00 -2.800000000000e-01 -1.830080000000e+01
-3.600000000000e+00 -2.000000000000e-01 -1.880000000000e+01
-3.600000000000e+00 -1.200000000000e-01 -1.932480000000e+01
-3.600000000000e+00 -4.000000000000e-02 -1.987520000000e+01
-3.600000000000e+00  4.000000000000e-02 -2.045120000000e+01
-3.600000000000e+00  1.200000000000e-01 -2.105280000000e+01
-3.600000000000e+00  2.000000000000e-01 -2.168000000000e+01
-3.600000000000e+00  2.800000000000e-01 -2.233280000000e+01
-3.600000000000e+00  3.600000000000e-01 -2.301120000000e+01
-3.600000000000e+00  4.400000000000e-01 -2.371520000000e+01
-3.600000000000e+00  5.200000000000e-01 -2.444480000000e+01
-3.600000000000e+00  6.000000000000e-01 -2.520000000000e+01
-3.600000000000e+00  6.800000000000e-01 -2.598080000000e+01
-3.600000000000e+00  7.600000000000e-01 -2.678720000000e+01
-3.600000000000e+00  8.400000000000e-01 -2.761920000000e+01
-3.600000000000e+00  9.200000000000e-01 -2.847680000000e+01
-3.600000000000e+00  1.000000000000e+00 -2.936000000000e+01
-3.600000000000e+00  1.080000000000e+00 -3.026880000000e+01
-3.600000000000e+00  1.160000000000e+00 -3.120320000000e+01
-3.600000000000e+00  1.240000000000e+00 -3.216320000000e+01
-3.600000000000e+00  1.320000000000e+00 -3.314880000000e+01
-3.600000000000e+00  1.400000000000e+00 -3.416000000000e+01
-3.600000000000e+00  1.480000000000e+00 -3.519680000000e+01
-3.600000000000e+00  1.560000000000e+00 -3.625920000000e+01
-3.600000000000e+00  1.640000000000e+00 -3.734720000000e+01
-3.600000000000e+00  1.720000000000e+00 -3.846080000000e+01
-3.600000000000e+00  1.800000000000e+00 -3.960000000000e+01
-3.600000000000e+00  1.880000000000e+00 -4.076480000000e+01
-3.600000000000e+00  1.960000000000e+00 -4.195520000000e+01
-3.600000000000e+00  2.040000000000e+00 -4.317120000000e+01
-3.600000000000e+00  2.120000000000e+00 -4.441280000000e+01
-3.600000000000e+00  2.200000000000e+00 -4.568000000000e+01
-3.600000000000e+00  2.280000000000e+00 -4.697280000000e+01
-3.600000000000e+00  2.360000000000e+00 -4.829120000000e+01
-3.600000000000e+00  2.440000000000e+00 -4.963520000000e+01
-3.600000000000e+00  2.520000000000e+00 -5.100480000000e+01
-3.600000000000e+00  2.600000000000e+00 -5.240000000000e+01
-3.600000000000e+00  2.680000000000e+00 -5.382080000000e+01
-3.600000000000e+00  2.760000000000e+00 -5.526720000000e+01
-3.600000000000e+00  2.840000000000e+00 -5.673920000000e+01
-3.600000000000e+00  2.920000000000e+00 -5.823680000000e+01
-3.600000000000e+00  3.000000000000e+00 -5.976000000000e+01
-3.600000000000e+00  3.080000000000e+00 -6.130880000000e+01
-3.600000000000e+00  3.160000000000e+00 -6.288320000000e+01
-3.600000000000e+00  3.240000000000e+00 -6.448320000000e+01
-3.600000000000e+00  3.320000000000e+00 -6.610880000000e+01
-3.600000000000e+00  3.400000000000e+00 -6.776000000000e+01
-3.600000000000e+00  3.480000000000e+00 -6.943680000000e+01
-3.600000000000e+00  3.560000000000e+00 -7.113920000000e+01
-3.600000000000e+00  3.640000000000e+00 -7.286720000000e+01
-3.600000000000e+00  3.720000000000e+00 -7.462080000000e+01
-3.600000000000e+00  3.800000000000e+00 -7.640000000000e+01
-3.600000000000e+00  3.880000000000e+00 -7.820480000000e+01
-3.600000000000e+00  3.960000000000e+00 -8.003520000000e+01
-3.600000000000e+00  4.040000000000e+00 -8.189120000000e+01
-3.600000000000e+00  4.120000000000e+00 -8.377280000000e+01
-3.600000000000e+00  4.200000000000e+00 -8.568000000000e+01
-3.600000000000e+00  4.280000000000e+00 -8.761280000000e+01
-3.600000000000e+00  4.360000000000e+00 -8.957120000000e+01
-3.600000000000e+00  4.440000000000e+00 -9.155520000000e+01
-3.600000000000e+00  4.520000000000e+00 -9.356480000000e+01
-3.600000000000e+00  4.600000000000e+00 -9.560000000000e+01
-3.600000000000e+00  4.680000000000e+00 -9.766080000000e+01
-3.600000000000e+00  4.760000000000e+00 -9.974720000000e+01
-3.600000000000e+00  4.840000000000e+00 -1.018592000000e+02
-3.600000000000e+00  4.920000000000e+00 -1.039968000000e+02
-3.600000000000e+00  5.000000000000e+00 -1.061600000000e+02

-3.520000000000e+00 -3.000000000000e+00 -1.631040000000e+01
-3.520000000000e+00 -2.920000000000e+00 -1.592640000000e+01
-3.520000000000e+00 -2.840000000000e+00 -1.556800000000e+01
-3.520000000000e+00 -2.760000000000e+00 -1.523520000000e+01
-3.520000000000e+00 -2.680000000000e+00 -1.492800000000e+01
-3.520000000000e+00 -2.600000000000e+00 -1.464640000000e+01
-3.520000000000e+00 -2.520000000000e+00 -1.439040000000e+01
-3.520000000000e+00 -2.440000000000e+00 -1.416000000000e+01
-3.520000000000e+00 -2.360000000000e+00 -1.395520000000e+01
-3.520000000000e+00 -2.280000000000e+00 -1.377600000000e+01
-3.520000000000e+00 -2.200000000000e+00 -1.362240000000e+01
-3.520000000000e+00 -2.120000000000e+00 -1.349440000000e+01
-3.520000000000e+00 -2.040000000000e+00 -1.339200000000e+01
-3.520000000000e+00 -1.960000000000e+00 -1.331520000000e+01
-3.520000000000e+00 -1.880000000000e+00 -1.326400000000e+01
-3.520000000000e+00 -1.800000000000e+00 -1.323840000000e+01
-3.520000000000e+00 -1.720000000000e+00 -1.323840000000e+01
-3.520000000000e+00 -1.640000000000e+00 -1.326400000000e+01
-3.520000000000e+00 -1.560000000000e+00 -1.331520000000e+01
-3.520000000000e+00 -1.480000000000e+00 -1.339200000000e+01
-3.520000000000e+00 -1.400000000000e+00 -1.349440000000e+01
-3.520000000000e+00 -1.320000000000e+00 -1.362240000000e+01
-3.520000000000e+00 -1.240000000000e+00 -1.377600000000e+01
-3.520000000000e+00 -1.160000000000e+00 -1.395520000000e+01
-3.520000000000e+00 -1.080000000000e+00 -1.416000000000e+01
-3.520000000000e+00 -1.000000000000e+00 -1.439040000000e+01
-3.520000000000e+00 -9.200000000000e-01 -1.464640000000e+01
-3.520000000000e+00 -8.400000000000e-01 -1.492800000000e+01
-3.520000000000e+00 -7.600000000000e-01 -1.523520000000e+01
-3.520000000000e+00 -6.800000000000e-01 -1.556800000000e+01
-3.520000000000e+00 -6.000000000000e-01 -1.592640000000e+01
-3.520000000000e+00 -5.200000000000e-01 -1.631040000000e+01
-3.520000000000e+00 -4.400000000000e-01 -1.672000000000e+01
-3.520000000000e+00 -3.600000000000e-01 -1.715520000000e+01
-3.520000000000e+00 -2.800000000000e-01 -1.761600000000e+01
-3.520000000000e+00 -2.000000000000e-01 -1.810240000000e+01
-3.520000000000e+00 -1.200000000000e-01 -1.861440000000e+01
-3.520000000000e+00 -4.000000000000e-02 -1.915200000000e+01
-3.520000000000e+00  4.000000000000e-02 -1.971520000000e+01
-3.520000000000e+00  1.200000000000e-01 -2.030400000000e+01
-3.520000000000e+00  2.000000000000e-01 -2.091840000000e+01
-3.520000000000e+00  2.800000000000e-01 -2.155840000000e+01
-3.520000000000e+00  3.600000000000e-01 -2.222400000000e+01
-3.520000000000e+00  4.400000000000e-01 -2.291520000000e+01
-3.520000000000e+00  5.200000000000e-01 -2.363200000000e+01
-3.520000000000e+00  6.000000000000e-01 -2.437440000000e+01
-3.520000000000e+00  6.800000000000e-01 -2.514240000000e+01
-3.520000000000e+00  7.600000000000e-01 -2.593600000000e+01
-3.520000000000e+00  8.400000000000e-01 -2.675520000000e+01
-3.520000000000e+00  9.200000000000e-01 -2.760000000000e+01
-3.520000000000e+00  1.000000000000e+00 -2.847040000000e+01
-3.520000000000e+00  1.080000000000e+00 -2.936640000000e+01
-3.520000000000e+00  1.160000000000e+00 -3.028800000000e+01
-3.520000000000e+00  1.240000000000e+00 -3.123520000000e+01
-3.520000000000e+00  1.320000000000e+00 -3.220800000000e+01
-3.520000000000e+00  1.400000000000e+00 -3.320640000000e+01
-3.520000000000e+00  1.480000000000e+00 -3.423040000000e+01
-3.520000000000e+00  1.560000000000e+00 -3.528000000000e+01
-3.520000000000e+00  1.640000000000e+00 -3.635520000000e+01
-3.520000000000e+00  1.720000000000e+00 -3.745600000000e+01
-3.520000000000e+00  1.800000000000e+00 -3.858240000000e+01
-3.520000000000e+00  1.880000000000e+00 -3.973440000000e+01
-3.520000000000e+00  1.960000000000e+00 -4.091200000000e+01
-3.520000000000e+00  2.040000000000e+00 -4.211520000000e+01
-3.520000000000e+00  2.120000000000e+00 -4.334400000000e+01
-3.520000000000e+00  2.200000000000e+00 -4.459840000000e+01
-3.520000000000e+00  2.280000000000e+00 -4.587840000000e+01
-3.520000000000e+00  2.360000000000e+00 -4.718400000000e+01
-3.520000000000e+00  2.440000000000e+00 -4.851520000000e+01
-3.520000000000e+00  2.520000000000e+00 -4.987200000000e+01
-3.520000000000e+00  2.600000000000e+00 -5.125440000000e+01
-3.520000000000e+00  2.680000000000e+00 -5.266240000000e+01
-3.520000000000e+00  2.760000000000e+00 -5.409600000000e+01
-3.520000000000e+00  2.840000000000e+00 -5.555520000000e+01
-3.520000000000e+00  2.920000000000e+00 -5.704000000000e+01
-3.520000000000e+00  3.000000000000e+00 -5.855040000000e+01
-3.520000000000e+00  3.080000000000e+00 -6.008640000000e+01
-3.520000000000e+00  3.160000000000e+00 -6.164800000000e+01
-3.520000000000e+00  3.240000000000e+00 -6.323520000000e+01
-3.520000000000e+00  3.320000000000e+00 -6.484800000000e+01
-3.520000000000e+00  3.400000000000e+00 -6.648640000000e+01
-3.520000000000e+00  3.480000000000e+00 -6.815040000000e+01
-3.520000000000e+00  3.560000000000e+00 -6.984000000000e+01
-3.520000000000e+00  3.640000000000e+00 -7.155520000000e+01
-3.520000000000e+00  3.720000000000e+00 -7.329600000000e+01
-3.520000000000e+00  3.800000000000e+00 -7.506240000000e+01
-3.520000000000e+00  3.880000000000e+00 -7.685440000000e+01
-3.520000000000e+00  3.960000000000e+00 -7.867200000000e+01
-3.520000000000e+00  4.040000000000e+00 -8.051520000000e+01
-3.520000000000e+00  4.120000000000e+00 -8.238400000000e+01
-3.520000000000e+00  4.200000000000e+00 -8.427840000000e+01
-3.520000000000e+00  4.280000000000e+00 -8.619840000000e+01
-3.520000000000e+00  4.360000000000e+00 -8.814400000000e+01
-3.520000000000e+00  4.440000000000e+00 -9.011520000000e+01
-3.520000000000e+00  4.520000000000e+00 -9.211200000000e+01
-3.520000000000e+00  4.600000000000e+00 -9.413440000000e+01
-3.520000000000e+00  4.680000000000e+00 -9.618240000000e+01
-3.520000000000e+00  4.760000000000e+00 -9.825600000000e+01
-3.520000000000e+00  4.840000000000e+00 -1.003552000000e+02
-3.520000000000e+00  4.920000000000e+00 -1.024800000000e+02
-3.520000000000e+00  5.000000000000e+00 -1.046304000000e+02

-3.440000000000e+00 -3.000000000000e+00 -1.607360000000e+01
-3.440000000000e+00 -2.920000000000e+00 -1.567680000000e+01
-3.440000000000e+00 -2.840000000000e+00 -1.530560000000e+01
-3.440000000000e+00 -2.760000000000e+00 -1.496000000000e+01
-3.440000000000e+00 -2.680000000000e+00 -1.464000000000e+01
-3.440000000000e+00 -2.600000000000e+00 -1.434560000000e+01
-3.440000000000e+00 -2.520000000000e+00 -1.407680000000e+01
-3.440000000000e+00 -2.440000000000e+00 -1.383360000000e+01
-3.440000000000e+00 -2.360000000000e+00 -1.361600000000e+01
-3.440000000000e+00 -2.280000000000e+00 -1.342400000000e+01
-3.440000000000e+00 -2.200000000000e+00 -1.325760000000e+01
-3.440000000000e+00 -2.120000000000e+00 -1.311680000000e+01
-3.440000000000e+00 -2.040000000000e+00 -1.300160000000e+01
-3.440000000000e+00 -1.960000000000e+00 -1.291200000000e+01
-3.440000000000e+00 -1.880000000000e+00 -1.284800000000e+01
-3.440000000000e+00 -1.800000000000e+00 -1.280960000000e+01
-3.440000000000e+00 -1.720000000000e+00 -1.279680000000e+01
-3.440000000000e+00 -1.640000000000e+00 -1.280960000000e+01
-3.440000000000e+00 -1.560000000000e+00 -1.284800000000e+01
-3.440000000000e+00 -1.480000000000e+00 -1.291200000000e+01
-3.440000000000e+00 -1.400000000000e+00 -1.300160000000e+01
-3.440000000000e+00 -1.320000000000e+00 -1.311680000000e+01
-3.440000000000e+00 -1.240000000000e+00 -1.325760000000e+01
-3.440000000000e+00 -1.160000000000e+00 -1.342400000000e+01
-3.440000000000e+00 -1.080000000000e+00 -1.361600000000e+01
-3.440000000000e+00 -1.000000000000e+00 -1.383360000000e+01
-3.440000000000e+00 -9.200000000000e-01 -1.407680000000e+01
-3.440000000000e+00 -8.400000000000e-01 -1.434560000000e+01
-3.440000000000e+00 -7.600000000000e-01 -1.464000000000e+01
-3.440000000000e+00 -6.800000000000e-01 -1.496000000000e+01
-3.440000000000e+00 -6.000000000000e-01 -1.530560000000e+01
-3.440000000000e+00 -5.200000000000e-01 -1.567680000000e+01
-3.440000000000e+00 -4.400000000000e-01 -1.607360000000e+01
-3.440000000000e+00 -3.600000000000e-01 -1.649600000000e+01
-3.440000000000e+00 -2.800000000000e-01 -1.694400000000e+01
-3.440000000000e+00 -2.000000000000e-01 -1.741760000000e+01
-3.440000000000e+00 -1.200000000000e-01 -1.791680000000e+01
-3.440000000000e+00 -4.000000000000e-02 -1.844160000000e+01
-3.440000000000e+00  4.000000000000e-02 -1.899200000000e+01
-3.440000000000e+00  1.200000000000e-01 -1.956800000000e+01
-3.440000000000e+00  2.000000000000e-01 -2.016960000000e+01
-3.440000000000e+00  2.800000000000e-01 -2.079680000000e+01
-3.440000000000e+00  3.600000000000e-01 -2.144960000000e+01
-3.440000000000e+00  4.400000000000e-01 -2.212800000000e+01
-3.440000000000e+00  5.200000000000e-01 -2.283200000000e+01
-3.440000000000e+00  6.000000000000e-01 -2.356160000000e+01
-3.440000000000e+00  6.800000000000e-01 -2.431680000000e+01
-3.440000000000e+00  7.600000000000e-01 -2.509760000000e+01
-3.440000000000e+00  8.400000000000e-01 -2.590400000000e+01
-3.440000000000e+00  9.200000000000e-01 -2.673600000000e+01
-3.440000000000e+00  1.000000000000e+00 -2.759360000000e+01
-3.440000000000e+00  1.080000000000e+00 -2.847680000000e+01
-3.440000000000e+00  1.160000000000e+00 -2.938560000000e+01
-3.440000000000e+00  1.240000000000e+00 -3.032000000000e+01
-3.440000000000e+00  1.320000000000e+00 -3.128000000000e+01
-3.440000000000e+00  1.400000000000e+00 -3.226560000000e+01
-3.440000000000e+00  1.480000000000e+00 -3.327680000000e+01
-3.440000000000e+00  1.560000000000e+00 -3.431360000000e+01
-3.440000000000e+00  1.640000000000e+00 -3.537600000000e+01
-3.440000000000e+00  1.720000000000e+00 -3.646400000000e+01
-3.440000000000e+00  1.800000000000e+00 -3.757760000000e+01
-3.440000000000e+00  1.880000000000e+00 -3.871680000000e+01
-3.440000000000e+00  1.960000000000e+00 -3.988160000000e+01
-3.440000000000e+00  2.040000000000e+00 -4.107200000000e+01
-3.440000000000e+00  2.120000000000e+00 -4.228800000000e+01
-3.440000000000e+00  2.200000000000e+00 -4.352960000000e+01
-3.440000000000e+00  2.280000000000e+00 -4.479680000000e+01
-3.440000000000e+00  2.360000000000e+00 -4.608960000000e+01
-3.440000000000e+00  2.440000000000e+00 -4.740800000000e+01
-3.440000000000e+00  2.520000000000e+00 -4.875200000000e+01
-3.440000000000e+00  2.600000000000e+00 -5.012160000000e+01
-3.440000000000e+00  2.680000000000e+00 -5.151680000000e+01
-3.440000000000e+00  2.760000000000e+00 -5.293760000000e+01
-3.440000000000e+00  2.840000000000e+00 -5.438400000000e+01
-3.440000000000e+00  2.920000000000e+00 -5.585600000000e+01
-3.440000000000e+00  3.000000000000e+00 -5.735360000000e+01
-3.440000000000e+00  3.080000000000e+00 -5.887680000000e+01
-3.440000000000e+00  3.160000000000e+00 -6.042560000000e+01
-3.440000000000e+00  3.240000000000e+00 -6.200000000000e+01
-3.440000000000e+00  3.320000000000e+00 -6.360000000000e+01
-3.440000000000e+00  3.400000000000e+00 -6.522560000000e+01
-3.440000000000e+00  3.480000000000e+00 -6.687680000000e+01
-3.440000000000e+00  3.560000000000e+00 -6.855360000000e+01
-3.440000000000e+00  3.640000000000e+00 -7.025600000000e+01
-3.440000000000e+00  3.720000000000e+00 -7.198400000000e+01
-3.440000000000e+00  3.800000000000e+00 -7.373760000000e+01
-3.440000000000e+00  3.880000000000e+00 -7.551680000000e+01
-3.440000000000e+00  3.960000000000e+00 -7.732160000000e+01
-3.440000000000e+00  4.040000000000e+00 -7.915200000000e+01
-3.440000000000e+00  4.120000000000e+00 -8.100800000000e+01
-3.440000000000e+00  4.200000000000e+00 -8.288960000000e+01
-3.440000000000e+00  4.280000000000e+00 -8.479680000000e+01
-3.440000000000e+00  4.360000000000e+00 -8.672960000000e+01
-3.440000000000e+00  4.440000000000e+00 -8.868800000000e+01
-3.440000000000e+00  4.520000000000e+00 -9.067200000000e+01
-3.440000000000e+00  4.600000000000e+00 -9.268160000000e+01
-3.440000000000e+00  4.680000000000e+00 -9.471680000000e+01
-3.440000000000e+00  4.760000000000e+00 -9.677760000000e+01
-3.440000000000e+00  4.840000000000e+00 -9.886400000000e+01
-3.440000000000e+00  4.920000000000e+00 -1.009760000000e+02
-3.440000000000e+00  5.000000000000e+00 -1.031136000000e+02

-3.360000000000e+00 -3.000000000000e+00 -1.584960000000e+01
-3.360000000000e+00 -2.920000000000e+00 -1.544000000000e+01
-3.360000000000e+00 -2.840000000000e+00 -1.505600000000e+01
-3.360000000000e+00 -2.760000000000e+00 -1.469760000000e+01
-3.360000000000e+00 -2.680000000000e+00 -1.436480000000e+01
-3.360000000000e+00 -2.600000000000e+00 -1.405760000000e+01
-3.360000000000e+00 -2.520000000000e+00 -1.377600000000e+01
-3.360000000000e+00 -2.440000000000e+00 -1.352000000000e+01
-3.360000000000e+00 -2.360000000000e+00 -1.328960000000e+01
-3.360000000000e+00 -2.280000000000e+00 -1.308480000000e+01
-3.360000000000e+00 -2.200000000000e+00 -1.290560000000e+01
-3.360000000000e+00 -2.120000000000e+00 -1.275200000000e+01
-3.360000000000e+00 -2.040000000000e+00 -1.262400000000e+01
-3.360000000000e+00 -1.960000000000e+00 -1.252160000000e+01
-3.360000000000e+00 -1.880000000000e+00 -1.244480000000e+01
-3.360000000000e+00 -1.800000000000e+00 -1.239360000000e+01
-3.360000000000e+00 -1.720000000000e+00 -1.236800000000e+01
-3.360000000000e+00 -1.640000000000e+00 -1.236800000000e+01
-3.360000000000e+00 -1.560000000000e+00 -1.239360000000e+01
-3.360000000000e+00 -1.480000000000e+00 -1.244480000000e+01
-3.360000000000e+00 -1.400000000000e+00 -1.252160000000e+01
-3.360000000000e+00 -1.320000000000e+00 -1.262400000000e+01
-3.360000000000e+00 -1.240000000000e+00 -1.275200000000e+01
-3.360000000000e+00 -1.160000000000e+00 -1.290560000000e+01
-3.360000000000e+00 -1.080000000000e+00 -1.308480000000e+01
-3.360000000000e+00 -1.000000000000e+00 -1.328960000000e+01
-3.360000000000e+00 -9.200000000000e-01 -1.352000000000e+01
-3.360000000000e+00 -8.400000000000e-01 -1.377600000000e+01
-3.360000000000e+00 -7.600000000000e-01 -1.405760000000e+01
-3.360000000000e+00 -6.800000000000e-01 -1.436480000000e+01
-3.360000000000e+00 -6.000000000000e-01 -1.469760000000e+01
-3.360000000000e+00 -5.200000000000e-01 -1.505600000000e+01
-3.360000000000e+00 -4.400000000000e-01 -1.544000000000e+01
-3.360000000000e+00 -3.600000000000e-01 -1.584960000000e+01
-3.360000000000e+00 -2.800000000000e-01 -1.628480000000e+01
-3.360000000000e+00 -2.000000000000e-01 -1.674560000000e+01
-3.360000000000e+00 -1.200000000000e-01 -1.723200000000e+01
-3.360000000000e+00 -4.000000000000e-02 -1.774400000000e+01
-3.360000000000e+00  4.000000000000e-02 -1.828160000000e+01
-3.360000000000e+00  1.200000000000e-01 -1.884480000000e+01
-3.360000000000e+00  2.000000000000e-01 -1.943360000000e+01
-3.360000000000e+00  2.800000000000e-01 -2.004800000000e+01
-3.360000000000e+00  3.600000000000e-01 -2.068800000000e+01
-3.360000000000e+00  4.400000000000e-01 -2.135360000000e+01
-3.360000000000e+00  5.200000000000e-01 -2.204480000000e+01
-3.360000000000e+00  6.000000000000e-01 -2.276160000000e+01
-3.360000000000e+00  6.800000000000e-01 -2.350400000000e+01
-3.360000000000e+00  7.600000000000e-01 -2.427200000000e+01
-3.360000000000e+00  8.400000000000e-01 -2.506560000000e+01
-3.360000000000e+00  9.200000000000e-01 -2.588480000000e+01
-3.360000000000e+00  1.000000000000e+00 -2.672960000000e+01
-3.360000000000e+00  1.080000000000e+00 -2.760000000000e+01
-3.360000000000e+00  1.160000000000e+00 -2.849600000000e+01
-3.360000000000e+00  1.240000000000e+00 -2.941760000000e+01
-3.360000000000e+00  1.320000000000e+00 -3.036480000000e+01
-3.360000000000e+00  1.400000000000e+00 -3.133760000000e+01
-3.360000000000e+00  1.480000000000e+00 -3.233600000000e+01
-3.360000000000e+00  1.560000000000e+00 -3.336000000000e+01
-3.360000000000e+00  1.640000000000e+00 -3.440960000000e+01
-3.360000000000e+00  1.720000000000e+00 -3.548480000000e+01
-3.360000000000e+00  1.800000000000e+00 -3.658560000000e+01
-3.360000000000e+00  1.880000000000e+00 -3.771200000000e+01
-3.360000000000e+00  1.960000000000e+00 -3.886400000000e+01
-3.360000000000e+00  2.040000000000e+00 -4.004160000000e+01
-3.360000000000e+00  2.120000000000e+00 -4.124480000000e+01
-3.360000000000e+00  2.200000000000e+00 -4.247360000000e+01
-3.360000000000e+00  2.280000000000e+00 -4.372800000000e+01
-3.360000000000e+00  2.360000000000e+00 -4.500800000000e+01
-3.360000000000e+00  2.440000000000e+00 -4.631360000000e+01
-3.360000000000e+00  2.520000000000e+00 -4.764480000000e+01
-3.360000000000e+00  2.600000000000e+00 -4.900160000000e+01
-3.360000000000e+00  2.680000000000e+00 -5.038400000000e+01
-3.360000000000e+00  2.760000000000e+00 -5.179200000000e+01
-3.360000000000e+00  2.840000000000e+00 -5.322560000000e+01
-3.360000000000e+00  2.920000000000e+00 -5.468480000000e+01
-3.360000000000e+00  3.000000000000e+00 -5.616960000000e+01
-3.360000000000e+00  3.080000000000e+00 -5.768000000000e+01
-3.360000000000e+00  3.160000000000e+00 -5.921600000000e+01
-3.360000000000e+00  3.240000000000e+00 -6.077760000000e+01
-3.360000000000e+00  3.320000000000e+00 -6.236480000000e+01
-3.360000000000e+00  3.400000000000e+00 -6.397760000000e+01
-3.360000000000e+00  3.480000000000e+00 -6.561600000000e+01
-3.360000000000e+00  3.560000000000e+00 -6.728000000000e+01
-3.360000000000e+00  3.640000000000e+00 -6.896960000000e+01
-3.360000000000e+00  3.720000000000e+00 -7.068480000000e+01
-3.360000000000e+00  3.800000000000e+00 -7.242560000000e+01
-3.360000000000e+00  3.880000000000e+00 -7.419200000000e+01
-3.360000000000e+00  3.960000000000e+00 -7.598400000000e+01
-3.360000000000e+00  4.040000000000e+00 -7.780160000000e+01
-3.360000000000e+00  4.120000000000e+00 -7.964480000000e+01
-3.360000000000e+00  4.200000000000e+00 -8.151360000000e+01
-3.360000000000e+00  4.280000000000e+00 -8.340800000000e+01
-3.360000000000e+00  4.360000000000e+00 -8.532800000000e+01
-3.360000000000e+00  4.440000000000e+00 -8.727360000000e+01
-3.360000000000e+00  4.520000000000e+00 -8.924480000000e+01
-3.360000000000e+00  4.600000000000e+00 -9.124160000000e+01
-3.360000000000e+00  4.680000000000e+00 -9.326400000000e+01
-3.360000000000e+00  4.760000000000e+00 -9.531200000000e+01
-3.360000000000e+00  4.840000000000e+00 -9.738560000000e+01
-3.360000000000e+00  4.920000000000e+00 -9.948480000000e+01
-3.360000000000e+00  5.000000000000e+00 -1.016096000000e+02

-3.280000000000e+00 -3.000000000000e+00 -1.563840000000e+01
-3.280000000000e+00 -2.920000000000e+00 -1.521600000000e+01
-3.280000000000e+00 -2.840000000000e+00 -1.481920000000e+01
-3.280000000000e+00 -2.760000000000e+00 -1.444800000000e+01
-3.280000000000e+00 -2.680000000000e+00 -1.410240000000e+01
-3.280000000000e+00 -2.600000000000e+00 -1.378240000000e+01
-3.280000000000e+00 -2.520000000000e+00 -1.348800000000e+01
-3.280000000000e+00 -2.440000000000e+00 -1.321920000000e+01
-3.280000000000e+00 -2.360000000000e+00 -1.297600000000e+01
-3.280000000000e+00 -2.280000000000e+00 -1.275840000000e+01
-3.280000000000e+00 -2.200000000000e+00 -1.256640000000e+01
-3.280000000000e+00 -2.120000000000e+00 -1.240000000000e+01
-3.280000000000e+00 -2.040000000000e+00 -1.225920000000e+01
-3.280000000000e+00 -1.960000000000e+00 -1.214400000000e+01
-3.280000000000e+00 -1.880000000000e+00 -1.205440000000e+01
-3.280000000000e+00 -1.800000000000e+00 -1.199040000000e+01
-3.280000000000e+00 -1.720000000000e+00 -1.195200000000e+01
-3.280000000000e+00 -1.640000000000e+00 -1.193920000000e+01
-3.280000000000e+00 -1.560000000000e+00 -1.195200000000e+01
-3.280000000000e+00 -1.480000000000e+00 -1.199040000000e+01
-3.280000000000e+00 -1.400000000000e+00 -1.205440000000e+01
-3.280000000000e+00 -1.320000000000e+00 -1.214400000000e+01
-3.280000000000e+00 -1.240000000000e+00 -1.225920000000e+01
-3.280000000000e+00 -1.160000000000e+00 -1.240000000000e+01
-3.280000000000e+00 -1.080000000000e+00 -1.256640000000e+01
-3.280000000000e+00 -1.000000000000e+00 -1.275840000000e+01
-3.280000000000e+00 -9.200000000000e-01 -1.297600000000e+01
-3.280000000000e+00 -8.400000000000e-01 -1.321920000000e+01
-3.280000000000e+00 -7.600000000000e-01 -1.348800000000e+01
-3.280000000000e+00 -6.800000000000e-01 -1.378240000000e+01
-3.280000000000e+00 -6.000000000000e-01 -1.410240000000e+01
-3.280000000000e+00 -5.200000000000e-01 -1.444800000000e+01
-3.280000000000e+00 -4.400000000000e-01 -1.481920000000e+01
-3.280000000000e+00 -3.600000000000e-01 -1.521600000000e+01
-3.280000000000e+00 -2.800000000000e-01 -1.563840000000e+01
-3.280000000000e+00 -2.000000000000e-01 -1.608640000000e+01
-3.280000000000e+00 -1.200000000000e-01 -1.656000000000e+01
-3.280000000000e+00 -4.000000000000e-02 -1.705920000000e+01
-3.280000000000e+00  4.000000000000e-02 -1.758400000000e+01
-3.280000000000e+00  1.200000000000e-01 -1.813440000000e+01
-3.280000000000e+00  2.000000000000e-01 -1.871040000000e+01
-3.280000000000e+00  2.800000000000e-01 -1.931200000000e+01
-3.280000000000e+00  3.600000000000e-01 -1.993920000000e+01
-3.280000000000e+00  4.400000000000e-01 -2.059200000000e+01
-3.280000000000e+00  5.200000000000e-01 -2.127040000000e+01
-3.280000000000e+00  6.000000000000e-01 -2.197440000000e+01
-3.280000000000e+00  6.800000000000e-01 -2.270400000000e+01
-3.280000000000e+00  7.600000000000e-01 -2.345920000000e+01
-3.280000000000e+00  8.400000000000e-01 -2.424000000000e+01
-3.280000000000e+00  9.200000000000e-01 -2.504640000000e+01
-3.280000000000e+00  1.000000000000e+00 -2.587840000000e+01
-3.280000000000e+00  1.080000000000e+00 -2.673600000000e+01
-3.280000000000e+00  1.160000000000e+00 -2.761920000000e+01
-3.280000000000e+00  1.240000000000e+00 -2.852800000000e+01
-3.280000000000e+00  1.320000000000e+00 -2.946240000000e+01
-3.280000000000e+00  1.400000000000e+00 -3.042240000000e+01
-3.280000000000e+00  1.480000000000e+00 -3.140800000000e+01
-3.280000000000e+00  1.560000000000e+00 -3.241920000000e+01
-3.280000000000e+00  1.640000000000e+00 -3.345600000000e+01
-3.280000000000e+00  1.720000000000e+00 -3.451840000000e+01
-3.280000000000e+00  1.800000000000e+00 -3.560640000000e+01
-3.280000000000e+00  1.880000000000e+00 -3.672000000000e+01
-3.280000000000e+00  1.960000000000e+00 -3.785920000000e+01
-3.280000000000e+00  2.040000000000e+00 -3.902400000000e+01
-3.280000000000e+00  2.120000000000e+00 -4.021440000000e+01
-3.280000000000e+00  2.200000000000e+00 -4.143040000000e+01
-3.280000000000e+00  2.280000000000e+00 -4.267200000000e+01
-3.280000000000e+00  2.360000000000e+00 -4.393920000000e+01
-3.280000000000e+00  2.440000000000e+00 -4.523200000000e+01
-3.280000000000e+00  2.520000000000e+00 -4.655040000000e+01
-3.280000000000e+00  2.600000000000e+00 -4.789440000000e+01
-3.280000000000e+00  2.680000000000e+00 -4.926400000000e+01
-3.280000000000e+00  2.760000000000e+00 -5.065920000000e+01
-3.280000000000e+00  2.840000000000e+00 -5.208000000000e+01
-3.280000000000e+00  2.920000000000e+00 -5.352640000000e+01
-3.280000000000e+00  3.000000000000e+00 -5.499840000000e+01
-3.280000000000e+00  3.080000000000e+00 -5.649600000000e+01
-3.280000000000e+00  3.160000000000e+00 -5.801920000000e+01
-3.280000000000e+00  3.240000000000e+00 -5.956800000000e+01
-3.280000000000e+00  3.320000000000e+00 -6.114240000000e+01
-3.280000000000e+00  3.400000000000e+00 -6.274240000000e+01
-3.280000000000e+00  3.480000000000e+00 -6.436800000000e+01
-3.280000000000e+00  3.560000000000e+00 -6.601920000000e+01
-3.280000000000e+00  3.640000000000e+00 -6.769600000000e+01
-3.280000000000e+00  3.720000000000e+00 -6.939840000000e+01
-3.280000000000e+00  3.800000000000e+00 -7.112640000000e+01
-3.280000000000e+00  3.880000000000e+00 -7.288000000000e+01
-3.280000000000e+00  3.960000000000e+00 -7.465920000000e+01
-3.280000000000e+00  4.040000000000e+00 -7.646400000000e+01
-3.280000000000e+00  4.120000000000e+00 -7.829440000000e+01
-3.280000000000e+00  4.200000000000e+00 -8.015040000000e+01
-3.280000000000e+00  4.280000000000e+00 -8.203200000000e+01
-3.280000000000e+00  4.360000000000e+00 -8.393920000000e+01
-3.280000000000e+00  4.440000000000e+00 -8.587200000000e+01
-3.280000000000e+00  4.520000000000e+00 -8.783040000000e+01
-3.280000000000e+00  4.600000000000e+00 -8.981440000000e+01
-3.280000000000e+00  4.680000000000e+00 -9.182400000000e+01
-3.280000000000e+00  4.760000000000e+00 -9.385920000000e+01
-3.280000000000e+00  4.840000000000e+00 -9.592000000000e+01
-3.280000000000e+00  4.920000000000e+00 -9.800640000000e+01
-3.280000000000e+00  5.000000000000e+00 -1.001184000000e+02

-3.200000000000e+00 -3.000000000000e+00 -1.544000000000e+01
-3.200000000000e+00 -2.920000000000e+00 -1.500480000000e+01
-3.200000000000e+00 -2.840000000000e+00 -1.459520000000e+01
-3.200000000000e+00 -2.760000000000e+00 -1.421120000000e+01
-3.200000000000e+00 -2.680000000000e+00 -1.385280000000e+01
-3.200000000000e+00 -2.600000000000e+00 -1.352000000000e+01
-3.200000000000e+00 -2.520000000000e+00 -1.321280000000e+01
-3.200000000000e+00 -2.440000000000e+00 -1.293120000000e+01
-3.200000000000e+00 -2.360000000000e+00 -1.267520000000e+01
-3.200000000000e+00 -2.280000000000e+00 -1.244480000000e+01
-3.200000000000e+00 -2.200000000000e+00 -1.224000000000e+01
-3.200000000000e+00 -2.120000000000e+00 -1.206080000000e+01
-3.200000000000e+00 -2.040000000000e+00 -1.190720000000e+01
-3.200000000000e+00 -1.960000000000e+00 -1.177920000000e+01
-3.200000000000e+00 -1.880000000000e+00 -1.167680000000e+01
-3.200000000000e+00 -1.800000000000e+00 -1.160000000000e+01
-3.200000000000e+00 -1.720000000000e+00 -1.154880000000e+01
-3.200000000000e+00 -1.640000000000e+00 -1.152320000000e+01
-3.200000000000e+00 -1.560000000000e+00 -1.152320000000e+01
-3.200000000000e+00 -1.480000000000e+00 -1.154880000000e+01
-3.200000000000e+00 -1.400000000000e+00 -1.160000000000e+01
-3.200000000000e+00 -1.320000000000e+00 -1.167680000000e+01
-3.200000000000e+00 -1.240000000000e+00 -1.177920000000e+01
-3.200000000000e+00 -1.160000000000e+00 -1.190720000000e+01
-3.200000000000e+00 -1.080000000000e+00 -1.206080000000e+01
-3.200000000000e+00 -1.000000000000e+00 -1.224000000000e+01
-3.200000000000e+00 -9.200000000000e-01 -1.244480000000e+01
-3.200000000000e+00 -8.400000000000e-01 -1.267520000000e+01
-3.200000000000e+00 -7.600000000000e-01 -1.293120000000e+01
-3.200000000000e+00 -6.800000000000e-01 -1.321280000000e+01
-3.200000000000e+00 -6.000000000000e-01 -1.352000000000e+01
-3.200000000000e+00 -5.200000000000e-01 -1.385280000000e+01
-3.200000000000e+00 -4.400000000000e-01 -1.421120000000e+01
-3.200000000000e+00 -3.600000000000e-01 -1.459520000000e+01
-3.200000000000e+00 -2.800000000000e-01 -1.500480000000e+01
-3.200000000000e+00 -2.000000000000e-01 -1.544000000000e+01
-3.200000000000e+00 -1.200000000000e-01 -1.590080000000e+01
-3.200000000000e+00 -4.000000000000e-02 -1.638720000000e+01
-3.200000000000e+00  4.000000000000e-02 -1.689920000000e+01
-3.200000000000e+00  1.200000000000e-01 -1.743680000000e+01
-3.200000000000e+00  2.000000000000e-01 -1.800000000000e+01
-3.200000000000e+00  2.800000000000e-01 -1.858880000000e+01
-3.200000000000e+00  3.600000000000e-01 -1.920320000000e+01
-3.200000000000e+00  4.400000000000e-01 -1.984320000000e+01
-3.200000000000e+00  5.200000000000e-01 -2.050880000000e+01
-3.200000000000e+00  6.000000000000e-01 -2.120000000000e+01
-3.200000000000e+00  6.800000000000e-01 -2.191680000000e+01
-3.200000000000e+00  7.600000000000e-01 -2.265920000000e+01
-3.200000000000e+00  8.400000000000e-01 -2.342720000000e+01
-3.200000000000e+00  9.200000000000e-01 -2.422080000000e+01
-3.200000000000e+00  1.000000000000e+00 -2.504000000000e+01
-3.200000000000e+00  1.080000000000e+00 -2.588480000000e+01
-3.200000000000e+00  1.160000000000e+00 -2.675520000000e+01
-3.200000000000e+00  1.240000000000e+00 -2.765120000000e+01
-3.200000000000e+00  1.320000000000e+00 -2.857280000000e+01
-3.200000000000e+00  1.400000000000e+00 -2.952000000000e+01
-3.200000000000e+00  1.480000000000e+00 -3.049280000000e+01
-3.200000000000e+00  1.560000000000e+00 -3.149120000000e+01
-3.200000000000e+00  1.640000000000e+00 -3.251520000000e+01
-3.200000000000e+00  1.720000000000e+00 -3.356480000000e+01
-3.200000000000e+00  1.800000000000e+00 -3.464000000000e+01
-3.200000000000e+00  1.880000000000e+00 -3.574080000000e+01
-3.200000000000e+00  1.960000000000e+00 -3.686720000000e+01
-3.200000000000e+00  2.040000000000e+00 -3.801920000000e+01
-3.200000000000e+00  2.120000000000e+00 -3.919680000000e+01
-3.200000000000e+00  2.200000000000e+00 -4.040000000000e+01
-3.200000000000e+00  2.280000000000e+00 -4.162880000000e+01
-3.200000000000e+00  2.360000000000e+00 -4.288320000000e+01
-3.200000000000e+00  2.440000000000e+00 -4.416320000000e+01
-3.200000000000e+00  2.520000000000e+00 -4.546880000000e+01
-3.200000000000e+00  2.600000000000e+00 -4.680000000000e+01
-3.200000000000e+00  2.680000000000e+00 -4.815680000000e+01
-3.200000000000e+00  2.760000000000e+00 -4.953920000000e+01
-3.200000000000e+00  2.840000000000e+00 -5.094720000000e+01
-3.200000000000e+00  2.920000000000e+00 -5.238080000000e+01
-3.200000000000e+00  3.000000000000e+00 -5.384000000000e+01
-3.200000000000e+00  3.080000000000e+00 -5.532480000000e+01
-3.200000000000e+00  3.160000000000e+00 -5.683520000000e+01
-3.200000000000e+00  3.240000000000e+00 -5.837120000000e+01
-3.200000000000e+00  3.320000000000e+00 -5.993280000000e+01
-3.200000000000e+00  3.400000000000e+00 -6.152000000000e+01
-3.200000000000e+00  3.480000000000e+00 -6.313280000000e+01
-3.200000000000e+00  3.560000000000e+00 -6.477120000000e+01
-3.200000000000e+00  3.640000000000e+00 -6.643520000000e+01
-3.200000000000e+00  3.720000000000e+00 -6.812480000000e+01
-3.200000000000e+00  3.800000000000e+00 -6.984000000000e+01
-3.200000000000e+00  3.880000000000e+00 -7.158080000000e+01
-3.200000000000e+00  3.960000000000e+00 -7.334720000000e+01
-3.200000000000e+00  4.040000000000e+00 -7.513920000000e+01
-3.200000000000e+00  4.120000000000e+00 -7.695680000000e+01
-3.200000000000e+00  4.200000000000e+00 -7.880000000000e+01
-3.200000000000e+00  4.280000000000e+00 -8.066880000000e+01
-3.200000000000e+00  4.360000000000e+00 -8.256320000000e+01
-3.200000000000e+00  4.440000000000e+00 -8.448320000000e+01
-3.200000000000e+00  4.520000000000e+00 -8.642880000000e+01
-3.200000000000e+00  4.600000000000e+00 -8.840000000000e+01
-3.200000000000e+00  4.680000000000e+00 -9.039680000000e+01
-3.200000000000e+00  4.760000000000e+00 -9.241920000000e+01
-3.200000000000e+00  4.840000000000e+00 -9.446720000000e+01
-3.200000000000e+00  4.920000000000e+00 -9.654080000000e+01
-3.200000000000e+00  5.000000000000e+00 -9.864000000000e+01

-3.120000000000e+00 -3.000000000000e+00 -1.525440000000e+01
-3.120000000000e+00 -2.920000000000e+00 -1.480640000000e+01
-3.120000000000e+00 -2.840000000000e+00 -1.438400000000e+01
-3.120000000000e+00 -2.760000000000e+00 -1.398720000000e+01
-3.120000000000e+00 -2.680000000000e+00 -1.361600000000e+01
-3.120000000000e+00 -2.600000000000e+00 -1.327040000000e+01
-3.120000000000e+00 -2.520000000000e+00 -1.295040000000e+01
-3.120000000000e+00 -2.440000000000e+00 -1.265600000000e+01
-3.120000000000e+00 -2.360000000000e+00 -1.238720000000e+01
-3.120000000000e+00 -2.280000000000e+00 -1.214400000000e+01
-3.120000000000e+00 -2.200000000000e+00 -1.192640000000e+01
-3.120000000000e+00 -2.120000000000e+00 -1.173440000000e+01
-3.120000000000e+00 -2.040000000000e+00 -1.156800000000e+01
-3.120000000000e+00 -1.960000000000e+00 -1.142720000000e+01
-3.120000000000e+00 -1.880000000000e+00 -1.131200000000e+01
-3.120000000000e+00 -1.800000000000e+00 -1.122240000000e+01
-3.120000000000e+00 -1.720000000000e+00 -1.115840000000e+01
-3.120000000000e+00 -1.640000000000e+00 -1.112000000000e+01
-3.120000000000e+00 -1.560000000000e+00 -1.110720000000e+01
-3.120000000000e+00 -1.480000000000e+00 -1.112000000000e+01
-3.120000000000e+00 -1.400000000000e+00 -1.115840000000e+01
-3.120000000000e+00 -1.320000000000e+00 -1.122240000000e+01
-3.120000000000e+00 -1.240000000000e+00 -1.131200000000e+01
-3.120000000000e+00 -1.160000000000e+00 -1.142720000000e+01
-3.120000000000e+00 -1.080000000000e+00 -1.156800000000e+01
-3.120000000000e+00 -1.000000000000e+00 -1.173440000000e+01
-3.120000000000e+00 -9.200000000000e-01 -1.192640000000e+01
-3.120000000000e+00 -8.400000000000e-01 -1.214400000000e+01
-3.120000000000e+00 -7.600000000000e-01 -1.238720000000e+01
-3.120000000000e+00 -6.800000000000e-01 -1.265600000000e+01
-3.120000000000e+00 -6.000000000000e-01 -1.295040000000e+01
-3.120000000000e+00 -5.200000000000e-01 -1.327040000000e+01
-3.120000000000e+00 -4.400000000000e-01 -1.361600000000e+01
-3.120000000000e+00 -3.600000000000e-01 -1.398720000000e+01
-3.120000000000e+00 -2.800000000000e-01 -1.438400000000e+01
-3.120000000000e+00 -2.000000000000e-01 -1.480640000000e+01
-3.120000000000e+00 -1.200000000000e-01 -1.525440000000e+01
-3.120000000000e+00 -4.000000000000e-02 -1.572800000000e+01
-3.120000000000e+00  4.000000000000e-02 -1.622720000000e+01
-3.120000000000e+00  1.200000000000e-01 -1.675200000000e+01
-3.120000000000e+00  2.000000000000e-01 -1.730240000000e+01
-3.120000000000e+00  2.800000000000e-01 -1.787840000000e+01
-3.120000000000e+00  3.600000000000e-01 -1.848000000000e+01
-3.120000000000e+00  4.400000000000e-01 -1.910720000000e+01
-3.120000000000e+00  5.200000000000e-01 -1.976000000000e+01
-3.120000000000e+00  6.000000000000e-01 -2.043840000000e+01
-3.120000000000e+00  6.800000000000e-01 -2.114240000000e+01
-3.120000000000e+00  7.600000000000e-01 -2.187200000000e+01
-3.120000000000e+00  8.400000000000e-01 -2.262720000000e+01
-3.120000000000e+00  9.200000000000e-01 -2.340800000000e+01
-3.120000000000e+00  1.000000000000e+00 -2.421440000000e+01
-3.120000000000e+00  1.080000000000e+00 -2.504640000000e+01
-3.120000000000e+00  1.160000000000e+00 -2.590400000000e+01
-3.120000000000e+00  1.240000000000e+00 -2.678720000000e+01
-3.120000000000e+00  1.320000000000e+00 -2.769600000000e+01
-3.120000000000e+00  1.400000000000e+00 -2.863040000000e+01
-3.120000000000e+00  1.480000000000e+00 -2.959040000000e+01
-3.120000000000e+00  1.560000000000e+00 -3.057600000000e+01
-3.120000000000e+00  1.640000000000e+00 -3.158720000000e+01
-3.120000000000e+00  1.720000000000e+00 -3.262400000000e+01
-3.120000000000e+00  1.800000000000e+00 -3.368640000000e+01
-3.120000000000e+00  1.880000000000e+00 -3.477440000000e+01
-3.120000000000e+00  1.960000000000e+00 -3.588800000000e+01
-3.120000000000e+00  2.040000000000e+00 -3.702720000000e+01
-3.120000000000e+00  2.120000000000e+00 -3.819200000000e+01
-3.120000000000e+00  2.200000000000e+00 -3.938240000000e+01
-3.120000000000e+00  2.280000000000e+00 -4.059840000000e+01
-3.120000000000e+00  2.360000000000e+00 -4.184000000000e+01
-3.120000000000e+00  2.440000000000e+00 -4.310720000000e+01
-3.120000000000e+00  2.520000000000e+00 -4.440000000000e+01
-3.120000000000e+00  2.600000000000e+00 -4.571840000000e+01
-3.120000000000e+00  2.680000000000e+00 -4.706240000000e+01
-3.120000000000e+00  2.760000000000e+00 -4.843200000000e+01
-3.120000000000e+00  2.840000000000e+00 -4.982720000000e+01
-3.120000000000e+00  2.920000000000e+00 -5.124800000000e+01
-3.120000000000e+00  3.000000000000e+00 -5.269440000000e+01
-3.120000000000e+00  3.080000000000e+00 -5.416640000000e+01
-3.120000000000e+00  3.160000000000e+00 -5.566400000000e+01
-3.120000000000e+00  3.240000000000e+00 -5.718720000000e+01
-3.120000000000e+00  3.320000000000e+00 -5.873600000000e+01
-3.120000000000e+00  3.400000000000e+00 -6.031040000000e+01
-3.120000000000e+00  3.480000000000e+00 -6.191040000000e+01
-3.120000000000e+00  3.560000000000e+00 -6.353600000000e+01
-3.120000000000e+00  3.640000000000e+00 -6.518720000000e+01
-3.120000000000e+00  3.720000000000e+00 -6.686400000000e+01
-3.120000000000e+00  3.800000000000e+00 -6.856640000000e+01
-3.120000000000e+00  3.880000000000e+00 -7.029440000000e+01
-3.120000000000e+00  3.960000000000e+00 -7.204800000000e+01
-3.120000000000e+00  4.040000000000e+00 -7.382720000000e+01
-3.120000000000e+00  4.120000000000e+00 -7.563200000000e+01
-3.120000000000e+00  4.200000000000e+00 -7.746240000000e+01
-3.120000000000e+00  4.280000000000e+00 -7.931840000000e+01
-3.120000000000e+00  4.360000000000e+00 -8.120000000000e+01
-3.120000000000e+00  4.440000000000e+00 -8.310720000000e+01
-3.120000000000e+00  4.520000000000e+00 -8.504000000000e+01
-3.120000000000e+00  4.600000000000e+00 -8.699840000000e+01
-3.120000000000e+00  4.680000000000e+00 -8.898240000000e+01
-3.120000000000e+00  4.760000000000e+00 -9.099200000000e+01
-3.120000000000e+00  4.840000000000e+00 -9.302720000000e+01
-3.120000000000e+00  4.920000000000e+00 -9.508800000000e+01
-3.120000000000e+00  5.000000000000e+00 -9.717440000000e+01

-3.040000000000e+00 -3.000000000000e+00 -1.508160000000e+01
-3.040000000000e+00 -2.920000000000e+00 -1.462080000000e+01
-3.040000000000e+00 -2.840000000000e+00 -1.418560000000e+01
-3.040000000000e+00 -2.760000000000e+00 -1.377600000000e+01
-3.040000000000e+00 -2.680000000000e+00 -1.339200000000e+01
-3.040000000000e+00 -2.600000000000e+00 -1.303360000000e+01
-3.040000000000e+00 -2.520000000000e+00 -1.270080000000e+01
-3.040000000000e+00 -2.440000000000e+00 -1.239360000000e+01
-3.040000000000e+00 -2.360000000000e+00 -1.211200000000e+01
-3.040000000000e+00 -2.280000000000e+00 -1.185600000000e+01
-3.040000000000e+00 -2.200000000000e+00 -1.162560000000e+01
-3.040000000000e+00 -2.120000000000e+00 -1.142080000000e+01
-3.040000000000e+00 -2.040000000000e+00 -1.124160000000e+01
-3.040000000000e+00 -1.960000000000e+00 -1.108800000000e+01
-3.040000000000e+00 -1.880000000000e+00 -1.096000000000e+01
-3.040000000000e+00 -1.800000000000e+00 -1.085760000000e+01
-3.040000000000e+00 -1.720000000000e+00 -1.078080000000e+01
-3.040000000000e+00 -1.640000000000e+00 -1.072960000000e+01
-3.040000000000e+00 -1.560000000000e+00 -1.070400000000e+01
-3.040000000000e+00 -1.480000000000e+00 -1.070400000000e+01
-3.040000000000e+00 -1.400000000000e+00 -1.072960000000e+01
-3.040000000000e+00 -1.320000000000e+00 -1.078080000000e+01
-3.040000000000e+00 -1.240000000000e+00 -1.085760000000e+01
-3.040000000000e+00 -1.160000000000e+00 -1.096000000000e+01
-3.040000000000e+00 -1.080000000000e+00 -1.108800000000e+01
-3.040000000000e+00 -1.000000000000e+00 -1.124160000000e+01
-3.040000000000e+00 -9.200000000000e-01 -1.142080000000e+01
-3.040000000000e+00 -8.400000000000e-01 -1.162560000000e+01
-3.040000000000e+00 -7.600000000000e-01 -1.185600000000e+01
-3.040000000000e+00 -6.800000000000e-01 -1.211200000000e+01
-3.040000000000e+00 -6.000000000000e-01 -1.239360000000e+01
-3.040000000000e+00 -5.200000000000e-01 -1.270080000000e+01
-3.040000000000e+00 -4.400000000000e-01 -1.303360000000e+01
-3.040000000000e+00 -3.600000000000e-01 -1.339200000000e+01
-3.040000000000e+00 -2.800000000000e-01 -1.377600000000e+01
-3.040000000000e+00 -2.000000000000e-01 -1.418560000000e+01
-3.040000000000e+00 -1.200000000000e-01 -1.462080000000e+01
-3.040000000000e+00 -4.000000000000e-02 -1.508160000000e+01
-3.040000000000e+00  4.000000000000e-02 -1.556800000000e+01
-3.040000000000e+00  1.200000000000e-01 -1.608000000000e+01
-3.040000000000e+00  2.000000000000e-01 -1.661760000000e+01
-3.040000000000e+00  2.800000000000e-01 -1.718080000000e+01
-3.040000000000e+00  3.600000000000e-01 -1.776960000000e+01
-3.040000000000e+00  4.400000000000e-01 -1.838400000000e+01
-3.040000000000e+00  5.200000000000e-01 -1.902400000000e+01
-3.040000000000e+00  6.000000000000e-01 -1.968960000000e+01
-3.040000000000e+00  6.800000000000e-01 -2.038080000000e+01
-3.040000000000e+00  7.600000000000e-01 -2.109760000000e+01
-3.040000000000e+00  8.400000000000e-01 -2.184000000000e+01
-3.040000000000e+00  9.200000000000e-01 -2.260800000000e+01
-3.040000000000e+00  1.000000000000e+00 -2.340160000000e+01
-3.040000000000e+00  1.080000000000e+00 -2.422080000000e+01
-3.040000000000e+00  1.160000000000e+00 -2.506560000000e+01
-3.040000000000e+00  1.240000000000e+00 -2.593600000000e+01
-3.040000000000e+00  1.320000000000e+00 -2.683200000000e+01
-3.040000000000e+00  1.400000000000e+00 -2.775360000000e+01
-3.040000000000e+00  1.480000000000e+00 -2.870080000000e+01
-3.040000000000e+00  1.560000000000e+00 -2.967360000000e+01
-3.040000000000e+00  1.640000000000e+00 -3.067200000000e+01
-3.040000000000e+00  1.720000000000e+00 -3.169600000000e+01
-3.040000000000e+00  1.800000000000e+00 -3.274560000000e+01
-3.040000000000e+00  1.880000000000e+00 -3.382080000000e+01
-3.040000000000e+00  1.960000000000e+00 -3.492160000000e+01
-3.040000000000e+00  2.040000000000e+00 -3.604800000000e+01
-3.040000000000e+00  2.120000000000e+00 -3.720000000000e+01
-3.040000000000e+00  2.200000000000e+00 -3.837760000000e+01
-3.040000000000e+00  2.280000000000e+00 -3.958080000000e+01
-3.040000000000e+00  2.360000000000e+00 -4.080960000000e+01
-3.040000000000e+00  2.440000000000e+00 -4.206400000000e+01
-3.040000000000e+00  2.520000000000e+00 -4.334400000000e+01
-3.040000000000e+00  2.600000000000e+00 -4.464960000000e+01
-3.040000000000e+00  2.680000000000e+00 -4.598080000000e+01
-3.040000000000e+00  2.760000000000e+00 -4.733760000000e+01
-3.040000000000e+00  2.840000000000e+00 -4.872000000000e+01
-3.040000000000e+00  2.920000000000e+00 -5.012800000000e+01
-3.040000000000e+00  3.000000000000e+00 -5.156160000000e+01
-3.040000000000e+00  3.080000000000e+00 -5.302080000000e+01
-3.040000000000e+00  3.160000000000e+00 -5.450560000000e+01
-3.040000000000e+00  3.240000000000e+00 -5.601600000000e+01
-3.040000000000e+00  3.320000000000e+00 -5.755200000000e+01
-3.040000000000e+00  3.400000000000e+00 -5.911360000000e+01
-3.040000000000e+00  3.480000000000e+00 -6.070080000000e+01
-3.040000000000e+00  3.560000000000e+00 -6.231360000000e+01
-3.040000000000e+00  3.640000000000e+00 -6.395200000000e+01
-3.040000000000e+00  3.720000000000e+00 -6.561600000000e+01
-3.040000000000e+00  3.800000000000e+00 -6.730560000000e+01
-3.040000000000e+00  3.880000000000e+00 -6.902080000000e+01
-3.040000000000e+00  3.960000000000e+00 -7.076160000000e+01
-3.040000000000e+00  4.040000000000e+00 -7.252800000000e+01
-3.040000000000e+00  4.120000000000e+00 -7.432000000000e+01
-3.040000000000e+00  4.200000000000e+00 -7.613760000000e+01
-3.040000000000e+00  4.280000000000e+00 -7.798080000000e+01
-3.040000000000e+00  4.360000000000e+00 -7.984960000000e+01
-3.040000000000e+00  4.440000000000e+00 -8.174400000000e+01
-3.040000000000e+00  4.520000000000e+00 -8.366400000000e+01
-3.040000000000e+00  4.600000000000e+00 -8.560960000000e+01
-3.040000000000e+00  4.680000000000e+00 -8.758080000000e+01
-3.040000000000e+00  4.760000000000e+00 -8.957760000000e+01
-3.040000000000e+00  4.840000000000e+00 -9.160000000000e+01
-3.040000000000e+00  4.920000000000e+00 -9.364800000000e+01
-3.040000000000e+00  5.000000000000e+00 -9.572160000000e+01

-2.960000000000e+00 -3.000000000000e+00 -1.492160000000e+01
-2.960000000000e+00 -2.920000000000e+00 -1.444800000000e+01
-2.960000000000e+00 -2.840000000000e+00 -1.400000000000e+01
-2.960000000000e+00 -2.760000000000e+00 -1.357760000000e+01
-2.960000000000e+00 -2.680000000000e+00 -1.318080000000e+01
-2.960000000000e+00 -2.600000000000e+00 -1.280960000000e+01
-2.960000000000e+00 -2.520000000000e+00 -1.246400000000e+01
-2.960000000000e+00 -2.440000000000e+00 -1.214400000000e+01
-2.960000000000e+00 -2.360000000000e+00 -1.184960000000e+01
-2.960000000000e+00 -2.280000000000e+00 -1.158080000000e+01
-2.960000000000e+00 -2.200000000000e+00 -1.133760000000e+01
-2.960000000000e+00 -2.120000000000e+00 -1.112000000000e+01
-2.960000000000e+00 -2.040000000000e+00 -1.092800000000e+01
-2.960000000000e+00 -1.960000000000e+00 -1.076160000000e+01
-2.960000000000e+00 -1.880000000000e+00 -1.062080000000e+01
-2.960000000000e+00 -1.800000000000e+00 -1.050560000000e+01
-2.960000000000e+00 -1.720000000000e+00 -1.041600000000e+01
-2.960000000000e+00 -1.640000000000e+00 -1.035200000000e+01
-2.960000000000e+00 -1.560000000000e+00 -1.031360000000e+01
-2.960000000000e+00 -1.480000000000e+00 -1.030080000000e+01
-2.960000000000e+00 -1.400000000000e+00 -1.031360000000e+01
-2.960000000000e+00 -1.320000000000e+00 -1.035200000000e+01
-2.960000000000e+00 -1.240000000000e+00 -1.041600000000e+01
-2.960000000000e+00 -1.160000000000e+00 -1.050560000000e+01
-2.960000000000e+00 -1.080000000000e+00 -1.062080000000e+01
-2.960000000000e+00 -1.000000000000e+00 -1.076160000000e+01
-2.960000000000e+00 -9.200000000000e-01 -1.092800000000e+01
-2.960000000000e+00 -8.400000000000e-01 -1.112000000000e+01
-2.960000000000e+00 -7.600000000000e-01 -1.133760000000e+01
-2.960000000000e+00 -6.800000000000e-01 -1.158080000000e+01
-2.960000000000e+00 -6.000000000000e-01 -1.184960000000e+01
-2.960000000000e+00 -5.200000000000e-01 -1.214400000000e+01
-2.960000000000e+00 -4.400000000000e-01 -1.246400000000e+01
-2.960000000000e+00 -3.600000000000e-01 -1.280960000000e+01
-2.960000000000e+00 -2.800000000000e-01 -1.318080000000e+01
-2.960000000000e+00 -2.000000000000e-01 -1.357760000000e+01
-2.960000000000e+00 -1.200000000000e-01 -1.400000000000e+01
-2.960000000000e+00 -4.000000000000e-02 -1.444800000000e+01
-2.960000000000e+00  4.000000000000e-02 -1.492160000000e+01
-2.960000000000e+00  1.200000000000e-01 -1.542080000000e+01
-2.960000000000e+00  2.000000000000e-01 -1.594560000000e+01
-2.960000000000e+00  2.800000000000e-01 -1.649600000000e+01
-2.960000000000e+00  3.600000000000e-01 -1.707200000000e+01
-2.960000000000e+00  4.400000000000e-01 -1.767360000000e+01
-2.960000000000e+00  5.200000000000e-01 -1.830080000000e+01
-2.960000000000e+00  6.000000000000e-01 -1.895360000000e+01
-2.960000000000e+00  6.800000000000e-01 -1.963200000000e+01
-2.960000000000e+00  7.600000000000e-01 -2.033600000000e+01
-2.960000000000e+00  8.400000000000e-01 -2.106560000000e+01
-2.960000000000e+00  9.200000000000e-01 -2.182080000000e+01
-2.960000000000e+00  1.000000000000e+00 -2.260160000000e+01
-2.960000000000e+00  1.080000000000e+00 -2.340800000000e+01
-2.960000000000e+00  1.160000000000e+00 -2.424000000000e+01
-2.960000000000e+00  1.240000000000e+00 -2.509760000000e+01
-2.960000000000e+00  1.320000000000e+00 -2.598080000000e+01
-2.960000000000e+00  1.400000000000e+00 -2.688960000000e+01
-2.960000000000e+00  1.480000000000e+00 -2.782400000000e+01
-2.960000000000e+00  1.560000000000e+00 -2.878400000000e+01
-2.960000000000e+00  1.640000000000e+00 -2.976960000000e+01
-2.960000000000e+00  1.720000000000e+00 -3.078080000000e+01
-2.960000000000e+00  1.800000000000e+00 -3.181760000000e+01
-2.960000000000e+00  1.880000000000e+00 -3.288000000000e+01
-2.960000000000e+00  1.960000000000e+00 -3.396800000000e+01
-2.960000000000e+00  2.040000000000e+00 -3.508160000000e+01
-2.960000000000e+00  2.120000000000e+00 -3.622080000000e+01
-2.960000000000e+00  2.200000000000e+00 -3.738560000000e+01
-2.960000000000e+00  2.280000000000e+00 -3.857600000000e+01
-2.960000000000e+00  2.360000000000e+00 -3.979200000000e+01
-2.960000000000e+00  2.440000000000e+00 -4.103360000000e+01
-2.960000000000e+00  2.520000000000e+00 -4.230080000000e+01
-2.960000000000e+00  2.600000000000e+00 -4.359360000000e+01
-2.960000000000e+00  2.680000000000e+00 -4.491200000000e+01
-2.960000000000e+00  2.760000000000e+00 -4.625600000000e+01
-2.960000000000e+00  2.840000000000e+00 -4.762560000000e+01
-2.960000000000e+00  2.920000000000e+00 -4.902080000000e+01
-2.960000000000e+00  3.000000000000e+00 -5.044160000000e+01
-2.960000000000e+00  3.080000000000e+00 -5.188800000000e+01
-2.960000000000e+00  3.160000000000e+00 -5.336000000000e+01
-2.960000000000e+00  3.240000000000e+00 -5.485760000000e+01
-2.960000000000e+00  3.320000000000e+00 -5.638080000000e+01
-2.960000000000e+00  3.400000000000e+00 -5.792960000000e+01
-2.960000000000e+00  3.480000000000e+00 -5.950400000000e+01
-2.960000000000e+00  3.560000000000e+00 -6.110400000000e+01
-2.960000000000e+00  3.640000000000e+00 -6.272960000000e+01
-2.960000000000e+00  3.720000000000e+00 -6.438080000000e+01
-2.960000000000e+00  3.800000000000e+00 -6.605760000000e+01
-2.960000000000e+00  3.880000000000e+00 -6.776000000000e+01
-2.960000000000e+00  3.960000000000e+00 -6.948800000000e+01
-2.960000000000e+00  4.040000000000e+00 -7.124160000000e+01
-2.960000000000e+00  4.120000000000e+00 -7.302080000000e+01
-2.960000000000e+00  4.200000000000e+00 -7.482560000000e+01
-2.960000000000e+00  4.280000000000e+00 -7.665600000000e+01
-2.960000000000e+00  4.360000000000e+00 -7.851200000000e+01
-2.960000000000e+00  4.440000000000e+00 -8.039360000000e+01
-2.960000000000e+00  4.520000000000e+00 -8.230080000000e+01
-2.960000000000e+00  4.600000000000e+00 -8.423360000000e+01
-2.960000000000e+00  4.680000000000e+00 -8.619200000000e+01
-2.960000000000e+00  4.760000000000e+00 -8.817600000000e+01
-2.960000000000e+00  4.840000000000e+00 -9.018560000000e+01
-2.960000000000e+00  4.920000000000e+00 -9.222080000000e+01
-2.960000000000e+00  5.000000000000e+00 -9.428160000000e+01

-2.880000000000e+00 -3.000000000000e+00 -1.477440000000e+01
-2.880000000000e+00 -2.920000000000e+00 -1.428800000000e+01
-2.880000000000e+00 -2.840000000000e+00 -1.382720000000e+01
-2.880000000000e+00 -2.760000000000e+00 -1.339200000000e+01
-2.880000000000e+00 -2.680000000000e+00 -1.298240000000e+01
-2.880000000000e+00 -2.600000000000e+00 -1.259840000000e+01
-2.880000000000e+00 -2.520000000000e+00 -1.224000000000e+01
-2.880000000000e+00 -2.440000000000e+00 -1.190720000000e+01
-2.880000000000e+00 -2.360000000000e+00 -1.160000000000e+01
-2.880000000000e+00 -2.280000000000e+00 -1.131840000000e+01
-2.880000000000e+00 -2.200000000000e+00 -1.106240000000e+01
-2.880000000000e+00 -2.120000000000e+00 -1.083200000000e+01
-2.880000000000e+00 -2.040000000000e+00 -1.062720000000e+01
-2.880000000000e+00 -1.960000000000e+00 -1.044800000000e+01
-2.880000000000e+00 -1.880000000000e+00 -1.029440000000e+01
-2.880000000000e+00 -1.800000000000e+00 -1.016640000000e+01
-2.880000000000e+00 -1.720000000000e+00 -1.006400000000e+01
-2.880000000000e+00 -1.640000000000e+00 -9.987200000000e+00
-2.880000000000e+00 -1.560000000000e+00 -9.936000000000e+00
-2.880000000000e+00 -1.480000000000e+00 -9.910400000000e+00
-2.880000000000e+00 -1.400000000000e+00 -9.910400000000e+00
-2.880000000000e+00 -1.320000000000e+00 -9.936000000000e+00
-2.880000000000e+00 -1.240000000000e+00 -9.987200000000e+00
-2.880000000000e+00 -1.160000000000e+00 -1.006400000000e+01
-2.880000000000e+00 -1.080000000000e+00 -1.016640000000e+01
-2.880000000000e+00 -1.000000000000e+00 -1.029440000000e+01
-2.880000000000e+00 -9.200000000000e-01 -1.044800000000e+01
-2.880000000000e+00 -8.400000000000e-01 -1.062720000000e+01
-2.880000000000e+00 -7.600000000000e-01 -1.083200000000e+01
-2.880000000000e+00 -6.800000000000e-01 -1.106240000000e+01
-2.880000000000e+00 -6.000000000000e-01 -1.131840000000e+01
-2.880000000000e+00 -5.200000000000e-01 -1.160000000000e+01
-2.880000000000e+00 -4.400000000000e-01 -1.190720000000e+01
-2.880000000000e+00 -3.600000000000e-01 -1.224000000000e+01
-2.880000000000e+00 -2.800000000000e-01 -1.259840000000e+01
-2.880000000000e+00 -2.000000000000e-01 -1.298240000000e+01
-2.880000000000e+00 -1.200000000000e-01 -1.339200000000e+01
-2.880000000000e+00 -4.000000000000e-02 -1.382720000000e+01
-2.880000000000e+00  4.000000000000e-02 -1.428800000000e+01
-2.880000000000e+00  1.200000000000e-01 -1.477440000000e+01
-2.880000000000e+00  2.000000000000e-01 -1.528640000000e+01
-2.880000000000e+00  2.800000000000e-01 -1.582400000000e+01
-2.880000000000e+00  3.600000000000e-01 -1.638720000000e+01
-2.880000000000e+00  4.400000000000e-01 -1.697600000000e+01
-2.880000000000e+00  5.200000000000e-01 -1.759040000000e+01
-2.880000000000e+00  6.000000000000e-01 -1.823040000000e+01
-2.880000000000e+00  6.800000000000e-01 -1.889600000000e+01
-2.880000000000e+00  7.600000000000e-01 -1.958720000000e+01
-2.880000000000e+00  8.400000000000e-01 -2.030400000000e+01
-2.880000000000e+00  9.200000000000e-01 -2.104640000000e+01
-2.880000000000e+00  1.000000000000e+00 -2.181440000000e+01
-2.880000000000e+00  1.080000000000e+00 -2.260800000000e+01
-2.880000000000e+00  1.160000000000e+00 -2.342720000000e+01
-2.880000000000e+00  1.240000000000e+00 -2.427200000000e+01
-2.880000000000e+00  1.320000000000e+00 -2.514240000000e+01
-2.880000000000e+00  1.400000000000e+00 -2.603840000000e+01
-2.880000000000e+00  1.480000000000e+00 -2.696000000000e+01
-2.880000000000e+00  1.560000000000e+00 -2.790720000000e+01
-2.880000000000e+00  1.640000000000e+00 -2.888000000000e+01
-2.880000000000e+00  1.720000000000e+00 -2.987840000000e+01
-2.880000000000e+00  1.800000000000e+00 -3.090240000000e+01
-2.880000000000e+00  1.880000000000e+00 -3.195200000000e+01
-2.880000000000e+00  1.960000000000e+00 -3.302720000000e+01
-2.880000000000e+00  2.040000000000e+00 -3.412800000000e+01
-2.880000000000e+00  2.120000000000e+00 -3.525440000000e+01
-2.880000000000e+00  2.200000000000e+00 -3.640640000000e+01
-2.880000000000e+00  2.280000000000e+00 -3.758400000000e+01
-2.880000000000e+00  2.360000000000e+00 -3.878720000000e+01
-2.880000000000e+00  2.440000000000e+00 -4.001600000000e+01
-2.880000000000e+00  2.520000000000e+00 -4.127040000000e+01
-2.880000000000e+00  2.600000000000e+00 -4.255040000000e+01
-2.880000000000e+00  2.680000000000e+00 -4.385600000000e+01
-2.880000000000e+00  2.760000000000e+00 -4.518720000000e+01
-2.880000000000e+00  2.840000000000e+00 -4.654400000000e+01
-2.880000000000e+00  2.920000000000e+00 -4.792640000000e+01
-2.880000000000e+00  3.000000000000e+00 -4.933440000000e+01
-2.880000000000e+00  3.080000000000e+00 -5.076800000000e+01
-2.880000000000e+00  3.160000000000e+00 -5.222720000000e+01
-2.880000000000e+00  3.240000000000e+00 -5.371200000000e+01
-2.880000000000e+00  3.320000000000e+00 -5.522240000000e+01
-2.880000000000e+00  3.400000000000e+00 -5.675840000000e+01
-2.880000000000e+00  3.480000000000e+00 -5.832000000000e+01
-2.880000000000e+00  3.560000000000e+00 -5.990720000000e+01
-2.880000000000e+00  3.640000000000e+00 -6.152000000000e+01
-2.880000000000e+00  3.720000000000e+00 -6.315840000000e+01
-2.880000000000e+00  3.800000000000e+00 -6.482240000000e+01
-2.880000000000e+00  3.880000000000e+00 -6.651200000000e+01
-2.880000000000e+00  3.960000000000e+00 -6.822720000000e+01
-2.880000000000e+00  4.040000000000e+00 -6.996800000000e+01
-2.880000000000e+00  4.120000000000e+00 -7.173440000000e+01
-2.880000000000e+00  4.200000000000e+00 -7.352640000000e+01
-2.880000000000e+00  4.280000000000e+00 -7.534400000000e+01
-2.880000000000e+00  4.360000000000e+00 -7.718720000000e+01
-2.880000000000e+00  4.440000000000e+00 -7.905600000000e+01
-2.880000000000e+00  4.520000000000e+00 -8.095040000000e+01
-2.880000000000e+00  4.600000000000e+00 -8.287040000000e+01
-2.880000000000e+00  4.680000000000e+00 -8.481600000000e+01
-2.880000000000e+00  4.760000000000e+00 -8.678720000000e+01
-2.880000000000e+00  4.840000000000e+00 -8.878400000000e+01
-2.880000000000e+00  4.920000000000e+00 -9.080640000000e+01
-2.880000000000e+00  5.000000000000e+00 -9.285440000000e+01

-2.800000000000e+00 -3.000000000000e+00 -1.464000000000e+01
-2.800000000000e+00 -2.920000000000e+00 -1.414080000000e+01
-2.800000000000e+00 -2.840000000000e+00 -1.366720000000e+01
-2.800000000000e+00 -2.760000000000e+00 -1.321920000000e+01
-2.800000000000e+00 -2.680000000000e+00 -1.279680000000e+01
-2.800000000000e+00 -2.600000000000e+00 -1.240000000000e+01
-2.800000000000e+00 -2.520000000000e+00 -1.202880000000e+01
-2.800000000000e+00 -2.440000000000e+00 -1.168320000000e+01
-2.800000000000e+00 -2.360000000000e+00 -1.136320000000e+01
-2.800000000000e+00 -2.280000000000e+00 -1.106880000000e+01
-2.800000000000e+00 -2.200000000000e+00 -1.080000000000e+01
-2.800000000000e+00 -2.120000000000e+00 -1.055680000000e+01
-2.800000000000e+00 -2.040000000000e+00 -1.033920000000e+01
-2.800000000000e+00 -1.960000000000e+00 -1.014720000000e+01
-2.800000000000e+00 -1.880000000000e+00 -9.980800000000e+00
-2.800000000000e+00 -1.800000000000e+00 -9.840000000000e+00
-2.800000000000e+00 -1.720000000000e+00 -9.724800000000e+00
-2.800000000000e+00 -1.640000000000e+00 -9.635200000000e+00
-2.800000000000e+00 -1.560000000000e+00 -9.571200000000e+00
-2.800000000000e+00 -1.480000000000e+00 -9.532800000000e+00
-2.800000000000e+00 -1.400000000000e+00 -9.520000000000e+00
-2.800000000000e+00 -1.320000000000e+00 -9.532800000000e+00
-2.800000000000e+00 -1.240000000000e+00 -9.571200000000e+00
-2.800000000000e+00 -1.160000000000e+00 -9.635200000000e+00
-2.800000000000e+00 -1.080000000000e+00 -9.724800000000e+00
-2.800000000000e+00 -1.000000000000e+00 -9.840000000000e+00
-2.800000000000e+00 -9.200000000000e-01 -9.980800000000e+00
-2.800000000000e+00 -8.400000000000e-01 -1.014720000000e+01
-2.800000000000e+00 -7.600000000000e-01 -1.033920000000e+01
-2.800000000000e+00 -6.800000000000e-01 -1.055680000000e+01
-2.800000000000e+00 -6.000000000000e-01 -1.080000000000e+01
-2.800000000000e+00 -5.200000000000e-01 -1.106880000000e+01
-2.800000000000e+00 -4.400000000000e-01 -1.136320000000e+01
-2.800000000000e+00 -3.600000000000e-01 -1.168320000000e+01
-2.800000000000e+00 -2.800000000000e-01 -1.202880000000e+01
-2.800000000000e+00 -2.000000000000e-01 -1.240000000000e+01
-2.800000000000e+00 -1.200000000000e-01 -1.279680000000e+01
-2.800000000000e+00 -4.000000000000e-02 -1.321920000000e+01
-2.800000000000e+00  4.000000000000e-02 -1.366720000000e+01
-2.800000000000e+00  1.200000000000e-01 -1.414080000000e+01
-2.800000000000e+00  2.000000000000e-01 -1.464000000000e+01
-2.800000000000e+00  2.800000000000e-01 -1.516480000000e+01
-2.800000000000e+00  3.600000000000e-01 -1.571520000000e+01
-2.800000000000e+00  4.400000000000e-01 -1.629120000000e+01
-2.800000000000e+00  5.200000000000e-01 -1.689280000000e+01
-2.800000000000e+00  6.000000000000e-01 -1.752000000000e+01
-2.800000000000e+00  6.800000000000e-01 -1.817280000000e+01
-2.800000000000e+00  7.600000000000e-01 -1.885120000000e+01
-2.800000000000e+00  8.400000000000e-01 -1.955520000000e+01
-2.800000000000e+00  9.200000000000e-01 -2.028480000000e+01
-2.800000000000e+00  1.000000000000e+00 -2.104000000000e+01
-2.800000000000e+00  1.080000000000e+00 -2.182080000000e+01
-2.800000000000e+00  1.160000000000e+00 -2.262720000000e+01
-2.800000000000e+00  1.240000000000e+00 -2.345920000000e+01
-2.800000000000e+00  1.320000000000e+00 -2.431680000000e+01
-2.800000000000e+00  1.400000000000e+00 -2.520000000000e+01
-2.800000000000e+00  1.480000000000e+00 -2.610880000000e+01
-2.800000000000e+00  1.560000000000e+00 -2.704320000000e+01
-2.800000000000e+00  1.640000000000e+00 -2.800320000000e+01
-2.800000000000e+00  1.720000000000e+00 -2.898880000000e+01
-2.800000000000e+00  1.800000000000e+00 -3.000000000000e+01
-2.800000000000e+00  1.880000000000e+00 -3.103680000000e+01
-2.800000000000e+00  1.960000000000e+00 -3.209920000000e+01
-2.800000000000e+00  2.040000000000e+00 -3.318720000000e+01
-2.800000000000e+00  2.120000000000e+00 -3.430080000000e+01
-2.800000000000e+00  2.200000000000e+00 -3.544000000000e+01
-2.800000000000e+00  2.280000000000e+00 -3.660480000000e+01
-2.800000000000e+00  2.360000000000e+00 -3.779520000000e+01
-2.800000000000e+00  2.440000000000e+00 -3.901120000000e+01
-2.800000000000e+00  2.520000000000e+00 -4.025280000000e+01
-2.800000000000e+00  2.600000000000e+00 -4.152000000000e+01
-2.800000000000e+00  2.680000000000e+00 -4.281280000000e+01
-2.800000000000e+00  2.760000000000e+00 -4.413120000000e+01
-2.800000000000e+00  2.840000000000e+00 -4.547520000000e+01
-2.800000000000e+00  2.920000000000e+00 -4.684480000000e+01
-2.800000000000e+00  3.000000000000e+00 -4.824000000000e+01
-2.800000000000e+00  3.080000000000e+00 -4.966080000000e+01
-2.800000000000e+00  3.160000000000e+00 -5.110720000000e+01
-2.800000000000e+00  3.240000000000e+00 -5.257920000000e+01
-2.800000000000e+00  3.320000000000e+00 -5.407680000000e+01
-2.800000000000e+00  3.400000000000e+00 -5.560000000000e+01
-2.800000000000e+00  3.480000000000e+00 -5.714880000000e+01
-2.800000000000e+00  3.560000000000e+00 -5.872320000000e+01
-2.800000000000e+00  3.640000000000e+00 -6.032320000000e+01
-2.800000000000e+00  3.720000000000e+00 -6.194880000000e+01
-2.800000000000e+00  3.800000000000e+00 -6.360000000000e+01
-2.800000000000e+00  3.880000000000e+00 -6.527680000000e+01
-2.800000000000e+00  3.960000000000e+00 -6.697920000000e+01
-2.800000000000e+00  4.040000000000e+00 -6.870720000000e+01
-2.800000000000e+00  4.120000000000e+00 -7.046080000000e+01
-2.800000000000e+00  4.200000000000e+00 -7.224000000000e+01
-2.800000000000e+00  4.280000000000e+00 -7.404480000000e+01
-2.800000000000e+00  4.360000000000e+00 -7.587520000000e+01
-2.800000000000e+00  4.440000000000e+00 -7.773120000000e+01
-2.800000000000e+00  4.520000000000e+00 -7.961280000000e+01
-2.800000000000e+00  4.600000000000e+00 -8.152000000000e+01
-2.800000000000e+00  4.680000000000e+00 -8.345280000000e+01
-2.800000000000e+00  4.760000000000e+00 -8.541120000000e+01
-2.800000000000e+00  4.840000000000e+00 -8.739520000000e+01
-2.800000000000e+00  4.920000000000e+00 -8.940480000000e+01
-2.800000000000e+00  5.000000000000e+00 -9.144000000000e+01

-2.720000000000e+00 -3.000000000000e+00 -1.451840000000e+01
-2.720000000000e+00 -2.920000000000e+00 -1.400640000000e+01
-2.720000000000e+00 -2.840000000000e+00 -1.352000000000e+01
-2.720000000000e+00 -2.760000000000e+00 -1.305920000000e+01
-2.720000000000e+00 -2.680000000000e+00 -1.262400000000e+01
-2.720000000000e+00 -2.600000000000e+00 -1.221440000000e+01
-2.720000000000e+00 -2.520000000000e+00 -1.183040000000e+01
-2.720000000000e+00 -2.440000000000e+00 -1.147200000000e+01
-2.720000000000e+00 -2.360000000000e+00 -1.113920000000e+01
-2.720000000000e+00 -2.280000000000e+00 -1.083200000000e+01
-2.720000000000e+00 -2.200000000000e+00 -1.055040000000e+01
-2.720000000000e+00 -2.120000000000e+00 -1.029440000000e+01
-2.720000000000e+00 -2.040000000000e+00 -1.006400000000e+01
-2.720000000000e+00 -1.960000000000e+00 -9.859200000000e+00
-2.720000000000e+00 -1.880000000000e+00 -9.680000000000e+00
-2.720000000000e+00 -1.800000000000e+00 -9.526400000000e+00
-2.720000000000e+00 -1.720000000000e+00 -9.398400000000e+00
-2.720000000000e+00 -1.640000000000e+00 -9.296000000000e+00
-2.720000000000e+00 -1.560000000000e+00 -9.219200000000e+00
-2.720000000000e+00 -1.480000000000e+00 -9.168000000000e+00
-2.720000000000e+00 -1.400000000000e+00 -9.142400000000e+00
-2.720000000000e+00 -1.320000000000e+00 -9.142400000000e+00
-2.720000000000e+00 -1.240000000000e+00 -9.168000000000e+00
-2.720000000000e+00 -1.160000000000e+00 -9.219200000000e+00
-2.720000000000e+00 -1.080000000000e+00 -9.296000000000e+00
-2.720000000000e+00 -1.000000000000e+00 -9.398400000000e+00
-2.720000000000e+00 -9.200000000000e-01 -9.526400000000e+00
-2.720000000000e+00 -8.400000000000e-01 -9.680000000000e+00
-2.720000000000e+00 -7.600000000000e-01 -9.859200000000e+00
-2.720000000000e+00 -6.800000000000e-01 -1.006400000000e+01
-2.720000000000e+00 -6.000000000000e-01 -1.029440000000e+01
-2.720000000000e+00 -5.200000000000e-01 -1.055040000000e+01
-2.720000000000e+00 -4.400000000000e-01 -1.083200000000e+01
-2.720000000000e+00 -3.600000000000e-01 -1.113920000000e+01
-2.720000000000e+00 -2.800000000000e-01 -1.147200000000e+01
-2.720000000000e+00 -2.000000000000e-01 -1.183040000000e+01
-2.720000000000e+00 -1.200000000000e-01 -1.221440000000e+01
-2.720000000000e+00 -4.000000000000e-02 -1.262400000000e+01
-2.720000000000e+00  4.000000000000e-02 -1.305920000000e+01
-2.720000000000e+00  1.200000000000e-01 -1.352000000000e+01
-2.720000000000e+00  2.000000000000e-01 -1.400640000000e+01
-2.720000000000e+00  2.800000000000e-01 -1.451840000000e+01
-2.720000000000e+00  3.600000000000e-01 -1.505600000000e+01
-2.720000000000e+00  4.400000000000e-01 -1.561920000000e+01
-2.720000000000e+00  5.200000000000e-01 -1.620800000000e+01
-2.720000000000e+00  6.000000000000e-01 -1.682240000000e+01
-2.720000000000e+00  6.800000000000e-01 -1.746240000000e+01
-2.720000000000e+00  7.600000000000e-01 -1.812800000000e+01
-2.720000000000e+00  8.400000000000e-01 -1.881920000000e+01
-2.720000000000e+00  9.200000000000e-01 -1.953600000000e+01
-2.720000000000e+00  1.000000000000e+00 -2.027840000000e+01
-2.720000000000e+00  1.080000000000e+00 -2.104640000000e+01
-2.720000000000e+00  1.160000000000e+00 -2.184000000000e+01
-2.720000000000e+00  1.240000000000e+00 -2.265920000000e+01
-2.720000000000e+00  1.320000000000e+00 -2.350400000000e+01
-2.720000000000e+00  1.400000000000e+00 -2.437440000000e+01
-2.720000000000e+00  1.480000000000e+00 -2.527040000000e+01
-2.720000000000e+00  1.560000000000e+00 -2.619200000000e+01
-2.720000000000e+00  1.640000000000e+00 -2.713920000000e+01
-2.720000000000e+00  1.720000000000e+00 -2.811200000000e+01
-2.720000000000e+00  1.800000000000e+00 -2.911040000000e+01
-2.720000000000e+00  1.880000000000e+00 -3.013440000000e+01
-2.720000000000e+00  1.960000000000e+00 -3.118400000000e+01
-2.720000000000e+00  2.040000000000e+00 -3.225920000000e+01
-2.720000000000e+00  2.120000000000e+00 -3.336000000000e+01
-2.720000000000e+00  2.200000000000e+00 -3.448640000000e+01
-2.720000000000e+00  2.280000000000e+00 -3.563840000000e+01
-2.720000000000e+00  2.360000000000e+00 -3.681600000000e+01
-2.720000000000e+00  2.440000000000e+00 -3.801920000000e+01
-2.720000000000e+00  2.520000000000e+00 -3.924800000000e+01
-2.720000000000e+00  2.600000000000e+00 -4.050240000000e+01
-2.720000000000e+00  2.680000000000e+00 -4.178240000000e+01
-2.720000000000e+00  2.760000000000e+00 -4.308800000000e+01
-2.720000000000e+00  2.840000000000e+00 -4.441920000000e+01
-2.720000000000e+00  2.920000000000e+00 -4.577600000000e+01
-2.720000000000e+00  3.000000000000e+00 -4.715840000000e+01
-2.720000000000e+00  3.080000000000e+00 -4.856640000000e+01
-2.720000000000e+00  3.160000000000e+00 -5.000000000000e+01
-2.720000000000e+00  3.240000000000e+00 -5.145920000000e+01
-2.720000000000e+00  3.320000000000e+00 -5.294400000000e+01
-2.720000000000e+00  3.400000000000e+00 -5.445440000000e+01
-2.720000000000e+00  3.480000000000e+00 -5.599040000000e+01
-2.720000000000e+00  3.560000000000e+00 -5.755200000000e+01
-2.720000000000e+00  3.640000000000e+00 -5.913920000000e+01
-2.720000000000e+00  3.720000000000e+00 -6.075200000000e+01
-2.720000000000e+00  3.800000000000e+00 -6.239040000000e+01
-2.720000000000e+00  3.880000000000e+00 -6.405440000000e+01
-2.720000000000e+00  3.960000000000e+00 -6.574400000000e+01
-2.720000000000e+00  4.040000000000e+00 -6.745920000000e+01
-2.720000000000e+00  4.120000000000e+00 -6.920000000000e+01
-2.720000000000e+00  4.200000000000e+00 -7.096640000000e+01
-2.720000000000e+00  4.280000000000e+00 -7.275840000000e+01
-2.720000000000e+00  4.360000000000e+00 -7.457600000000e+01
-2.720000000000e+00  4.440000000000e+00 -7.641920000000e+01
-2.720000000000e+00  4.520000000000e+00 -7.828800000000e+01
-2.720000000000e+00  4.600000000000e+00 -8.018240000000e+01
-2.720000000000e+00  4.680000000000e+00 -8.210240000000e+01
-2.720000000000e+00  4.760000000000e+00 -8.404800000000e+01
-2.720000000000e+00  4.840000000000e+00 -8.601920000000e+01
-2.720000000000e+00  4.920000000000e+00 -8.801600000000e+01
-2.720000000000e+00  5.000000000000e+00 -9.003840000000e+01

-2.640000000000e+00 -3.000000000000e+00 -1.440960000000e+01
-2.640000000000e+00 -2.920000000000e+00 -1.388480000000e+01
-2.640000000000e+00 -2.840000000000e+00 -1.338560000000e+01
-2.640000000000e+00 -2.760000000000e+00 -1.291200000000e+01
-2.640000000000e+00 -2.680000000000e+00 -1.246400000000e+01
-2.640000000000e+00 -2.600000000000e+00 -1.204160000000e+01
-2.640000000000e+00 -2.520000000000e+00 -1.164480000000e+01
-2.640000000000e+00 -2.440000000000e+00 -1.127360000000e+01
-2.640000000000e+00 -2.360000000000e+00 -1.092800000000e+01
-2.640000000000e+00 -2.280000000000e+00 -1.060800000000e+01
-2.640000000000e+00 -2.200000000000e+00 -1.031360000000e+01
-2.640000000000e+00 -2.120000000000e+00 -1.004480000000e+01
-2.640000000000e+00 -2.040000000000e+00 -9.801600000000e+00
-2.640000000000e+00 -1.960000000000e+00 -9.584000000000e+00
-2.640000000000e+00 -1.880000000000e+00 -9.392000000000e+00
-2.640000000000e+00 -1.800000000000e+00 -9.225600000000e+00
-2.640000000000e+00 -1.720000000000e+00 -9.084800000000e+00
-2.640000000000e+00 -1.640000000000e+00 -8.969600000000e+00
-2.640000000000e+00 -1.560000000000e+00 -8.880000000000e+00
-2.640000000000e+00 -1.480000000000e+00 -8.816000000000e+00
-2.640000000000e+00 -1.400000000000e+00 -8.777600000000e+00
-2.640000000000e+00 -1.320000000000e+00 -8.764800000000e+00
-2.640000000000e+00 -1.240000000000e+00 -8.777600000000e+00
-2.640000000000e+00 -1.160000000000e+00 -8.816000000000e+00
-2.640000000000e+00 -1.080000000000e+00 -8.880000000000e+00
-2.640000000000e+00 -1.000000000000e+00 -8.969600000000e+00
-2.640000000000e+00 -9.200000000000e-01 -9.084800000000e+00
-2.640000000000e+00 -8.400000000000e-01 -9.225600000000e+00
-2.640000000000e+00 -7.600000000000e-01 -9.392000000000e+00
-2.640000000000e+00 -6.800000000000e-01 -9.584000000000e+00
-2.640000000000e+00 -6.000000000000e-01 -9.801600000000e+00
-2.640000000000e+00 -5.200000000000e-01 -1.004480000000e+01
-2.640000000000e+00 -4.400000000000e-01 -1.031360000000e+01
-2.640000000000e+00 -3.600000000000e-01 -1.060800000000e+01
-2.640000000000e+00 -2.800000000000e-01 -1.092800000000e+01
-2.640000000000e+00 -2.000000000000e-01 -1.127360000000e+01
-2.640000000000e+00 -1.200000000000e-01 -1.164480000000e+01
-2.640000000000e+00 -4.000000000000e-02 -1.204160000000e+01
-2.640000000000e+00  4.000000000000e-02 -1.246400000000e+01
-2.640000000000e+00  1.200000000000e-01 -1.291200000000e+01
-2.640000000000e+00  2.000000000000e-01 -1.338560000000e+01
-2.640000000000e+00  2.800000000000e-01 -1.388480000000e+01
-2.640000000000e+00  3.600000000000e-01 -1.440960000000e+01
-2.640000000000e+00  4.400000000000e-01 -1.496000000000e+01
-2.640000000000e+00  5.200000000000e-01 -1.553600000000e+01
-2.640000000000e+00  6.000000000000e-01 -1.613760000000e+01
-2.640000000000e+00  6.800000000000e-01 -1.676480000000e+01
-2.640000000000e+00  7.600000000000e-01 -1.741760000000e+01
-2.640000000000e+00  8.400000000000e-01 -1.809600000000e+01
-2.640000000000e+00  9.200000000000e-01 -1.880000000000e+01
-2.640000000000e+00  1.000000000000e+00 -1.952960000000e+01
-2.640000000000e+00  1.080000000000e+00 -2.028480000000e+01
-2.640000000000e+00  1.160000000000e+00 -2.106560000000e+01
-2.640000000000e+00  1.240000000000e+00 -2.187200000000e+01
-2.640000000000e+00  1.320000000000e+00 -2.270400000000e+01
-2.640000000000e+00  1.400000000000e+00 -2.356160000000e+01
-2.640000000000e+00  1.480000000000e+00 -2.444480000000e+01
-2.640000000000e+00  1.560000000000e+00 -2.535360000000e+01
-2.640000000000e+00  1.640000000000e+00 -2.628800000000e+01
-2.640000000000e+00  1.720000000000e+00 -2.724800000000e+01
-2.640000000000e+00  1.800000000000e+00 -2.823360000000e+01
-2.640000000000e+00  1.880000000000e+00 -2.924480000000e+01
-2.640000000000e+00  1.960000000000e+00 -3.028160000000e+01
-2.640000000000e+00  2.040000000000e+00 -3.134400000000e+01
-2.640000000000e+00  2.120000000000e+00 -3.243200000000e+01
-2.640000000000e+00  2.200000000000e+00 -3.354560000000e+01
-2.640000000000e+00  2.280000000000e+00 -3.468480000000e+01
-2.640000000000e+00  2.360000000000e+00 -3.584960000000e+01
-2.640000000000e+00  2.440000000000e+00 -3.704000000000e+01
-2.640000000000e+00  2.520000000000e+00 -3.825600000000e+01
-2.640000000000e+00  2.600000000000e+00 -3.949760000000e+01
-2.640000000000e+00  2.680000000000e+00 -4.076480000000e+01
-2.640000000000e+00  2.760000000000e+00 -4.205760000000e+01
-2.640000000000e+00  2.840000000000e+00 -4.337600000000e+01
-2.640000000000e+00  2.920000000000e+00 -4.472000000000e+01
-2.640000000000e+00  3.000000000000e+00 -4.608960000000e+01
-2.640000000000e+00  3.080000000000e+00 -4.748480000000e+01
-2.640000000000e+00  3.160000000000e+00 -4.890560000000e+01
-2.640000000000e+00  3.240000000000e+00 -5.035200000000e+01
-2.640000000000e+00  3.320000000000e+00 -5.182400000000e+01
-2.640000000000e+00  3.400000000000e+00 -5.332160000000e+01
-2.640000000000e+00  3.480000000000e+00 -5.484480000000e+01
-2.640000000000e+00  3.560000000000e+00 -5.639360000000e+01
-2.640000000000e+00  3.640000000000e+00 -5.796800000000e+01
-2.640000000000e+00  3.720000000000e+00 -5.956800000000e+01
-2.640000000000e+00  3.800000000000e+00 -6.119360000000e+01
-2.640000000000e+00  3.880000000000e+00 -6.284480000000e+01
-2.640000000000e+00  3.960000000000e+00 -6.452160000000e+01
-2.640000000000e+00  4.040000000000e+00 -6.622400000000e+01
-2.640000000000e+00  4.120000000000e+00 -6.795200000000e+01
-2.640000000000e+00  4.200000000000e+00 -6.970560000000e+01
-2.640000000000e+00  4.280000000000e+00 -7.148480000000e+01
-2.640000000000e+00  4.360000000000e+00 -7.328960000000e+01
-2.640000000000e+00  4.440000000000e+00 -7.512000000000e+01
-2.640000000000e+00  4.520000000000e+00 -7.697600000000e+01
-2.640000000000e+00  4.600000000000e+00 -7.885760000000e+01
-2.640000000000e+00  4.680000000000e+00 -8.076480000000e+01
-2.640000000000e+00  4.760000000000e+00 -8.269760000000e+01
-2.640000000000e+00  4.840000000000e+00 -8.465600000000e+01
-2.640000000000e+00  4.920000000000e+00 -8.664000000000e+01
-2.640000000000e+00  5.000000000000e+00 -8.864960000000e+01

-2.560000000000e+00 -3.000000000000e+00 -1.431360000000e+01
-2.560000000000e+00 -2.920000000000e+00 -1.377600000000e+01
-2.560000000000e+00 -2.840000000000e+00 -1.326400000000e+01
-2.560000000000e+00 -2.760000000000e+00 -1.277760000000e+01
-2.560000000000e+00 -2.680000000000e+00 -1.231680000000e+01
-2.560000000000e+00 -2.600000000000e+00 -1.188160000000e+01
-2.560000000000e+00 -2.520000000000e+00 -1.147200000000e+01
-2.560000000000e+00 -2.440000000000e+00 -1.108800000000e+01
-2.560000000000e+00 -2.360000000000e+00 -1.072960000000e+01
-2.560000000000e+00 -2.280000000000e+00 -1.039680000000e+01
-2.560000000000e+00 -2.200000000000e+00 -1.008960000000e+01
-2.560000000000e+00 -2.120000000000e+00 -9.808000000000e+00
-2.560000000000e+00 -2.040000000000e+00 -9.552000000000e+00
-2.560000000000e+00 -1.960000000000e+00 -9.321600000000e+00
-2.560000000000e+00 -1.880000000000e+00 -9.116800000000e+00
-2.560000000000e+00 -1.800000000000e+00 -8.937600000000e+00
-2.560000000000e+00 -1.720000000000e+00 -8.784000000000e+00
-2.560000000000e+00 -1.640000000000e+00 -8.656000000000e+00
-2.560000000000e+00 -1.560000000000e+00 -8.553600000000e+00
-2.560000000000e+00 -1.480000000000e+00 -8.476800000000e+00
-2.560000000000e+00 -1.400000000000e+00 -8.425600000000e+00
-2.560000000000e+00 -1.320000000000e+00 -8.400000000000e+00
-2.560000000000e+00 -1.240000000000e+00 -8.400000000000e+00
-2.560000000000e+00 -1.160000000000e+00 -8.425600000000e+00
-2.560000000000e+00 -1.080000000000e+00 -8.476800000000e+00
-2.560000000000e+00 -1.000000000000e+00 -8.553600000000e+00
-2.560000000000e+00 -9.200000000000e-01 -8.656000000000e+00
-2.560000000000e+00 -8.400000000000e-01 -8.784000000000e+00
-2.560000000000e+00 -7.600000000000e-01 -8.937600000000e+00
-2.560000000000e+00 -6.800000000000e-01 -9.116800000000e+00
-2.560000000000e+00 -6.000000000000e-01 -9.321600000000e+00
-2.560000000000e+00 -5.200000000000e-01 -9.552000000000e+00
-2.560000000000e+00 -4.400000000000e-01 -9.808000000000e+00
-2.560000000000e+00 -3.600000000000e-01 -1.008960000000e+01
-2.560000000000e+00 -2.800000000000e-01 -1.039680000000e+01
-2.560000000000e+00 -2.000000000000e-01 -1.072960000000e+01
-2.560000000000e+00 -1.200000000000e-01 -1.108800000000e+01
-2.560000000000e+00 -4.000000000000e-02 -1.147200000000e+01
-2.560000000000e+00  4.000000000000e-02 -1.188160000000e+01
-2.560000000000e+00  1.200000000000e-01 -1.231680000000e+01
-2.560000000000e+00  2.000000000000e-01 -1.277760000000e+01
-2.560000000000e+00  2.800000000000e-01 -1.326400000000e+01
-2.560000000000e+00  3.600000000000e-01 -1.377600000000e+01
-2.560000000000e+00  4.400000000000e-01 -1.431360000000e+01
-2.560000000000e+00  5.200000000000e-01 -1.487680000000e+01
-2.560000000000e+00  6.000000000000e-01 -1.546560000000e+01
-2.560000000000e+00  6.800000000000e-01 -1.608000000000e+01
-2.560000000000e+00  7.600000000000e-01 -1.672000000000e+01
-2.560000000000e+00  8.400000000000e-01 -1.738560000000e+01
-2.560000000000e+00  9.200000000000e-01 -1.807680000000e+01
-2.560000000000e+00  1.000000000000e+00 -1.879360000000e+01
-2.560000000000e+00  1.080000000000e+00 -1.953600000000e+01
-2.560000000000e+00  1.160000000000e+00 -2.030400000000e+01
-2.560000000000e+00  1.240000000000e+00 -2.109760000000e+01
-2.560000000000e+00  1.320000000000e+00 -2.191680000000e+01
-2.560000000000e+00  1.400000000000e+00 -2.276160000000e+01
-2.560000000000e+00  1.480000000000e+00 -2.363200000000e+01
-2.560000000000e+00  1.560000000000e+00 -2.452800000000e+01
-2.560000000000e+00  1.640000000000e+00 -2.544960000000e+01
-2.560000000000e+00  1.720000000000e+00 -2.639680000000e+01
-2.560000000000e+00  1.800000000000e+00 -2.736960000000e+01
-2.560000000000e+00  1.880000000000e+00 -2.836800000000e+01
-2.560000000000e+00  1.960000000000e+00 -2.939200000000e+01
-2.560000000000e+00  2.040000000000e+00 -3.044160000000e+01
-2.560000000000e+00  2.120000000000e+00 -3.151680000000e+01
-2.560000000000e+00  2.200000000000e+00 -3.261760000000e+01
-2.560000000000e+00  2.280000000000e+00 -3.374400000000e+01
-2.560000000000e+00  2.360000000000e+00 -3.489600000000e+01
-2.560000000000e+00  2.440000000000e+00 -3.607360000000e+01
-2.560000000000e+00  2.520000000000e+00 -3.727680000000e+01
-2.560000000000e+00  2.600000000000e+00 -3.850560000000e+01
-2.560000000000e+00  2.680000000000e+00 -3.976000000000e+01
-2.560000000000e+00  2.760000000000e+00 -4.104000000000e+01
-2.560000000000e+00  2.840000000000e+00 -4.234560000000e+01
-2.560000000000e+00  2.920000000000e+00 -4.367680000000e+01
-2.560000000000e+00  3.000000000000e+00 -4.503360000000e+01
-2.560000000000e+00  3.080000000000e+00 -4.641600000000e+01
-2.560000000000e+00  3.160000000000e+00 -4.782400000000e+01
-2.560000000000e+00  3.240000000000e+00 -4.925760000000e+01
-2.560000000000e+00  3.320000000000e+00 -5.071680000000e+01
-2.560000000000e+00  3.400000000000e+00 -5.220160000000e+01
-2.560000000000e+00  3.480000000000e+00 -5.371200000000e+01
-2.560000000000e+00  3.560000000000e+00 -5.524800000000e+01
-2.560000000000e+00  3.640000000000e+00 -5.680960000000e+01
-2.560000000000e+00  3.720000000000e+00 -5.839680000000e+01
-2.560000000000e+00  3.800000000000e+00 -6.000960000000e+01
-2.560000000000e+00  3.880000000000e+00 -6.164800000000e+01
-2.560000000000e+00  3.960000000000e+00 -6.331200000000e+01
-2.560000000000e+00  4.040000000000e+00 -6.500160000000e+01
-2.560000000000e+00  4.120000000000e+00 -6.671680000000e+01
-2.560000000000e+00  4.200000000000e+00 -6.845760000000e+01
-2.560000000000e+00  4.280000000000e+00 -7.022400000000e+01
-2.560000000000e+00  4.360000000000e+00 -7.201600000000e+01
-2.560000000000e+00  4.440000000000e+00 -7.383360000000e+01
-2.560000000000e+00  4.520000000000e+00 -7.567680000000e+01
-2.560000000000e+00  4.600000000000e+00 -7.754560000000e+01
-2.560000000000e+00  4.680000000000e+00 -7.944000000000e+01
-2.560000000000e+00  4.760000000000e+00 -8.136000000000e+01
-2.560000000000e+00  4.840000000000e+00 -8.330560000000e+01
-2.560000000000e+00  4.920000000000e+00 -8.527680000000e+01
-2.560000000000e+00  5.000000000000e+00 -8.727360000000e+01

-2.480000000000e+00 -3.000000000000e+00 -1.423040000000e+01
-2.480000000000e+00 -2.920000000000e+00 -1.368000000000e+01
-2.480000000000e+00 -2.840000000000e+00 -1.315520000000e+01
-2.480000000000e+00 -2.760000000000e+00 -1.265600000000e+01
-2.480000000000e+00 -2.680000000000e+00 -1.218240000000e+01
-2.480000000000e+00 -2.600000000000e+00 -1.173440000000e+01
-2.480000000000e+00 -2.520000000000e+00 -1.131200000000e+01
-2.480000000000e+00 -2.440000000000e+00 -1.091520000000e+01
-2.480000000000e+00 -2.360000000000e+00 -1.054400000000e+01
-2.480000000000e+00 -2.280000000000e+00 -1.019840000000e+01
-2.480000000000e+00 -2.200000000000e+00 -9.878400000000e+00
-2.480000000000e+00 -2.120000000000e+00 -9.584000000000e+00
-2.480000000000e+00 -2.040000000000e+00 -9.315200000000e+00
-2.480000000000e+00 -1.960000000000e+00 -9.072000000000e+00
-2.480000000000e+00 -1.880000000000e+00 -8.854400000000e+00
-2.480000000000e+00 -1.800000000000e+00 -8.662400000000e+00
-2.480000000000e+00 -1.720000000000e+00 -8.496000000000e+00
-2.480000000000e+00 -1.640000000000e+00 -8.355200000000e+00
-2.480000000000e+00 -1.560000000000e+00 -8.240000000000e+00
-2.480000000000e+00 -1.480000000000e+00 -8.150400000000e+00
-2.480000000000e+00 -1.400000000000e+00 -8.086400000000e+00
-2.480000000000e+00 -1.320000000000e+00 -8.048000000000e+00
-2.480000000000e+00 -1.240000000000e+00 -8.035200000000e+00
-2.480000000000e+00 -1.160000000000e+00 -8.048000000000e+00
-2.480000000000e+00 -1.080000000000e+00 -8.086400000000e+00
-2.480000000000e+00 -1.000000000000e+00 -8.150400000000e+00
-2.480000000000e+00 -9.200000000000e-01 -8.240000000000e+00
-2.480000000000e+00 -8.400000000000e-01 -8.355200000000e+00
-2.480000000000e+00 -7.600000000000e-01 -8.496000000000e+00
-2.480000000000e+00 -6.800000000000e-01 -8.662400000000e+00
-2.480000000000e+00 -6.000000000000e-01 -8.854400000000e+00
-2.480000000000e+00 -5.200000000000e-01 -9.072000000000e+00
-2.480000000000e+00 -4.400000000000e-01 -9.315200000000e+00
-2.480000000000e+00 -3.600000000000e-01 -9.584000000000e+00
-2.480000000000e+00 -2.800000000000e-01 -9.878400000000e+00
-2.480000000000e+00 -2.000000000000e-01 -1.019840000000e+01
-2.480000000000e+00 -1.200000000000e-01 -1.054400000000e+01
-2.480000000000e+00 -4.000000000000e-02 -1.091520000000e+01
-2.480000000000e+00  4.000000000000e-02 -1.131200000000e+01
-2.480000000000e+00  1.200000000000e-01 -1.173440000000e+01
-2.480000000000e+00  2.000000000000e-01 -1.218240000000e+01
-2.480000000000e+00  2.800000000000e-01 -1.265600000000e+01
-2.480000000000e+00  3.600000000000e-01 -1.315520000000e+01
-2.480000000000e+00  4.400000000000e-01 -1.368000000000e+01
-2.480000000000e+00  5.200000000000e-01 -1.423040000000e+01
-2.480000000000e+00  6.000000000000e-01 -1.480640000000e+01
-2.480000000000e+00  6.800000000000e-01 -1.540800000000e+01
-2.480000000000e+00  7.600000000000e-01 -1.603520000000e+01
-2.480000000000e+00  8.400000000000e-01 -1.668800000000e+01
-2.480000000000e+00  9.200000000000e-01 -1.736640000000e+01
-2.480000000000e+00  1.000000000000e+00 -1.807040000000e+01
-2.480000000000e+00  1.080000000000e+00 -1.880000000000e+01
-2.480000000000e+00  1.160000000000e+00 -1.955520000000e+01
-2.480000000000e+00  1.240000000000e+00 -2.033600000000e+01
-2.480000000000e+00  1.320000000000e+00 -2.114240000000e+01
-2.480000000000e+00  1.400000000000e+00 -2.197440000000e+01
-2.480000000000e+00  1.480000000000e+00 -2.283200000000e+01
-2.480000000000e+00  1.560000000000e+00 -2.371520000000e+01
-2.480000000000e+00  1.640000000000e+00 -2.462400000000e+01
-2.480000000000e+00  1.720000000000e+00 -2.555840000000e+01
-2.480000000000e+00  1.800000000000e+00 -2.651840000000e+01
-2.480000000000e+00  1.880000000000e+00 -2.750400000000e+01
-2.480000000000e+00  1.960000000000e+00 -2.851520000000e+01
-2.480000000000e+00  2.040000000000e+00 -2.955200000000e+01
-2.480000000000e+00  2.120000000000e+00 -3.061440000000e+01
-2.480000000000e+00  2.200000000000e+00 -3.170240000000e+01
-2.480000000000e+00  2.280000000000e+00 -3.281600000000e+01
-2.480000000000e+00  2.360000000000e+00 -3.395520000000e+01
-2.480000000000e+00  2.440000000000e+00 -3.512000000000e+01
-2.480000000000e+00  2.520000000000e+00 -3.631040000000e+01
-2.480000000000e+00  2.600000000000e+00 -3.752640000000e+01
-2.480000000000e+00  2.680000000000e+00 -3.876800000000e+01
-2.480000000000e+00  2.760000000000e+00 -4.003520000000e+01
-2.480000000000e+00  2.840000000000e+00 -4.132800000000e+01
-2.480000000000e+00  2.920000000000e+00 -4.264640000000e+01
-2.480000000000e+00  3.000000000000e+00 -4.399040000000e+01
-2.480000000000e+00  3.080000000000e+00 -4.536000000000e+01
-2.480000000000e+00  3.160000000000e+00 -4.675520000000e+01
-2.480000000000e+00  3.240000000000e+00 -4.817600000000e+01
-2.480000000000e+00  3.320000000000e+00 -4.962240000000e+01
-2.480000000000e+00  3.400000000000e+00 -5.109440000000e+01
-2.480000000000e+00  3.480000000000e+00 -5.259200000000e+01
-2.480000000000e+00  3.560000000000e+00 -5.411520000000e+01
-2.480000000000e+00  3.640000000000e+00 -5.566400000000e+01
-2.480000000000e+00  3.720000000000e+00 -5.723840000000e+01
-2.480000000000e+00  3.800000000000e+00 -5.883840000000e+01
-2.480000000000e+00  3.880000000000e+00 -6.046400000000e+01
-2.480000000000e+00  3.960000000000e+00 -6.211520000000e+01
-2.480000000000e+00  4.040000000000e+00 -6.379200000000e+01
-2.480000000000e+00  4.120000000000e+00 -6.549440000000e+01
-2.480000000000e+00  4.200000000000e+00 -6.722240000000e+01
-2.480000000000e+00  4.280000000000e+00 -6.897600000000e+01
-2.480000000000e+00  4.360000000000e+00 -7.075520000000e+01
-2.480000000000e+00  4.440000000000e+00 -7.256000000000e+01
-2.480000000000e+00  4.520000000000e+00 -7.439040000000e+01
-2.480000000000e+00  4.600000000000e+00 -7.624640000000e+01
-2.480000000000e+00  4.680000000000e+00 -7.812800000000e+01
-2.480000000000e+00  4.760000000000e+00 -8.003520000000e+01
-2.480000000000e+00  4.840000000000e+00 -8.196800000000e+01
-2.480000000000e+00  4.920000000000e+00 -8.392640000000e+01
-2.480000000000e+00  5.000000000000e+00 -8.591040000000e+01

-2.400000000000e+00 -3.000000000000e+00 -1.416000000000e+01
-2.400000000000e+00 -2.920000000000e+00 -1.359680000000e+01
-2.400000000000e+00 -2.840000000000e+00 -1.305920000000e+01
-2.400000000000e+00 -2.760000000000e+00 -1.254720000000e+01
-2.400000000000e+00 -2.680000000000e+00 -1.206080000000e+01
-2.400000000000e+00 -2.600000000000e+00 -1.160000000000e+01
-2.400000000000e+00 -2.520000000000e+00 -1.116480000000e+01
-2.400000000000e+00 -2.440000000000e+00 -1.075520000000e+01
-2.400000000000e+00 -2.360000000000e+00 -1.037120000000e+01
-2.400000000000e+00 -2.280000000000e+00 -1.001280000000e+01
-2.400000000000e+00 -2.200000000000e+00 -9.680000000000e+00
-2.400000000000e+00 -2.120000000000e+00 -9.372800000000e+00
-2.400000000000e+00 -2.040000000000e+00 -9.091200000000e+00
-2.400000000000e+00 -1.960000000000e+00 -8.835200000000e+00
-2.400000000000e+00 -1.880000000000e+00 -8.604800000000e+00
-2.400000000000e+00 -1.800000000000e+00 -8.400000000000e+00
-2.400000000000e+00 -1.720000000000e+00 -8.220800000000e+00
-2.400000000000e+00 -1.640000000000e+00 -8.067200000000e+00
-2.400000000000e+00 -1.560000000000e+00 -7.939200000000e+00
-2.400000000000e+00 -1.480000000000e+00 -7.836800000000e+00
-2.400000000000e+00 -1.400000000000e+00 -7.760000000000e+00
-2.400000000000e+00 -1.320000000000e+00 -7.708800000000e+00
-2.400000000000e+00 -1.240000000000e+00 -7.683200000000e+00
-2.400000000000e+00 -1.160000000000e+00 -7.683200000000e+00
-2.400000000000e+00 -1.080000000000e+00 -7.708800000000e+00
-2.400000000000e+00 -1.000000000000e+00 -7.760000000000e+00
-2.400000000000e+00 -9.200000000000e-01 -7.836800000000e+00
-2.400000000000e+00 -8.400000000000e-01 -7.939200000000e+00
-2.400000000000e+00 -7.600000000000e-01 -8.067200000000e+00
-2.400000000000e+00 -6.800000000000e-01 -8.220800000000e+00
-2.400000000000e+00 -6.000000000000e-01 -8.400000000000e+00
-2.400000000000e+00 -5.200000000000e-01 -8.604800000000e+00
-2.400000000000e+00 -4.400000000000e-01 -8.835200000000e+00
-2.400000000000e+00 -3.600000000000e-01 -9.091200000000e+00
-2.400000000000e+00 -2.800000000000e-01 -9.372800000000e+00
-2.400000000000e+00 -2.000000000000e-01 -9.680000000000e+00
-2.400000000000e+00 -1.200000000000e-01 -1.001280000000e+01
-2.400000000000e+00 -4.000000000000e-02 -1.037120000000e+01
-2.400000000000e+00  4.000000000000e-02 -1.075520000000e+01
-2.400000000000e+00  1.200000000000e-01 -1.116480000000e+01
-2.400000000000e+00  2.000000000000e-01 -1.160000000000e+01
-2.400000000000e+00  2.800000000000e-01 -1.206080000000e+01
-2.400000000000e+00  3.600000000000e-01 -1.254720000000e+01
-2.400000000000e+00  4.400000000000e-01 -1.305920000000e+01
-2.400000000000e+00  5.200000000000e-01 -1.359680000000e+01
-2.400000000000e+00  6.000000000000e-01 -1.416000000000e+01
-2.400000000000e+00  6.800000000000e-01 -1.474880000000e+01
-2.400000000000e+00  7.600000000000e-01 -1.536320000000e+01
-2.400000000000e+00  8.400000000000e-01 -1.600320000000e+01
-2.400000000000e+00  9.200000000000e-01 -1.666880000000e+01
-2.400000000000e+00  1.000000000000e+00 -1.736000000000e+01
-2.400000000000e+00  1.080000000000e+00 -1.807680000000e+01
-2.400000000000e+00  1.160000000000e+00 -1.881920000000e+01
-2.400000000000e+00  1.240000000000e+00 -1.958720000000e+01
-2.400000000000e+00  1.320000000000e+00 -2.038080000000e+01
-2.400000000000e+00  1.400000000000e+00 -2.120000000000e+01
-2.400000000000e+00  1.480000000000e+00 -2.204480000000e+01
-2.400000000000e+00  1.560000000000e+00 -2.291520000000e+01
-2.400000000000e+00  1.640000000000e+00 -2.381120000000e+01
-2.400000000000e+00  1.720000000000e+00 -2.473280000000e+01
-2.400000000000e+00  1.800000000000e+00 -2.568000000000e+01
-2.400000000000e+00  1.880000000000e+00 -2.665280000000e+01
-2.400000000000e+00  1.960000000000e+00 -2.765120000000e+01
-2.400000000000e+00  2.040000000000e+00 -2.867520000000e+01
-2.400000000000e+00  2.120000000000e+00 -2.972480000000e+01
-2.400000000000e+00  2.200000000000e+00 -3.080000000000e+01
-2.400000000000e+00  2.280000000000e+00 -3.190080000000e+01
-2.400000000000e+00  2.360000000000e+00 -3.302720000000e+01
-2.400000000000e+00  2.440000000000e+00 -3.417920000000e+01
-2.400000000000e+00  2.520000000000e+00 -3.535680000000e+01
-2.400000000000e+00  2.600000000000e+00 -3.656000000000e+01
-2.400000000000e+00  2.680000000000e+00 -3.778880000000e+01
-2.400000000000e+00  2.760000000000e+00 -3.904320000000e+01
-2.400000000000e+00  2.840000000000e+00 -4.032320000000e+01
-2.400000000000e+00  2.920000000000e+00 -4.162880000000e+01
-2.400000000000e+00  3.000000000000e+00 -4.296000000000e+01
-2.400000000000e+00  3.080000000000e+00 -4.431680000000e+01
-2.400000000000e+00  3.160000000000e+00 -4.569920000000e+01
-2.400000000000e+00  3.240000000000e+00 -4.710720000000e+01
-2.400000000000e+00  3.320000000000e+00 -4.854080000000e+01
-2.400000000000e+00  3.400000000000e+00 -5.000000000000e+01
-2.400000000000e+00  3.480000000000e+00 -5.148480000000e+01
-2.400000000000e+00  3.560000000000e+00 -5.299520000000e+01
-2.400000000000e+00  3.640000000000e+00 -5.453120000000e+01
-2.400000000000e+00  3.720000000000e+00 -5.609280000000e+01
-2.400000000000e+00  3.800000000000e+00 -5.768000000000e+01
-2.400000000000e+00  3.880000000000e+00 -5.929280000000e+01
-2.400000000000e+00  3.960000000000e+00 -6.093120000000e+01
-2.400000000000e+00  4.040000000000e+00 -6.259520000000e+01
-2.400000000000e+00  4.120000000000e+00 -6.428480000000e+01
-2.400000000000e+00  4.200000000000e+00 -6.600000000000e+01
-2.400000000000e+00  4.280000000000e+00 -6.774080000000e+01
-2.400000000000e+00  4.360000000000e+00 -6.950720000000e+01
-2.400000000000e+00  4.440000000000e+00 -7.129920000000e+01
-2.400000000000e+00  4.520000000000e+00 -7.311680000000e+01
-2.400000000000e+00  4.600000000000e+00 -7.496000000000e+01
-2.400000000000e+00  4.680000000000e+00 -7.682880000000e+01
-2.400000000000e+00  4.760000000000e+00 -7.872320000000e+01
-2.400000000000e+00  4.840000000000e+00 -8.064320000000e+01
-2.400000000000e+00  4.920000000000e+00 -8.258880000000e+01
-2.400000000000e+00  5.000000000000e+00 -8.456000000000e+01

-2.320000000000e+00 -3.000000000000e+00 -1.410240000000e+01
-2.320000000000e+00 -2.920000000000e+00 -1.352640000000e+01
-2.320000000000e+00 -2.840000000000e+00 -1.297600000000e+01
-2.320000000000e+00 -2.760000000000e+00 -1.245120000000e+01
-2.320000000000e+00 -2.680000000000e+00 -1.195200000000e+01
-2.320000000000e+00 -2.600000000000e+00 -1.147840000000e+01
-2.320000000000e+00 -2.520000000000e+00 -1.103040000000e+01
-2.320000000000e+00 -2.440000000000e+00 -1.060800000000e+01
-2.320000000000e+00 -2.360000000000e+00 -1.021120000000e+01
-2.320000000000e+00 -2.280000000000e+00 -9.840000000000e+00
-2.320000000000e+00 -2.200000000000e+00 -9.494400000000e+00
-2.320000000000e+00 -2.120000000000e+00 -9.174400000000e+00
-2.320000000000e+00 -2.040000000000e+00 -8.880000000000e+00
-2.320000000000e+00 -1.960000000000e+00 -8.611200000000e+00
-2.320000000000e+00 -1.880000000000e+00 -8.368000000000e+00
-2.320000000000e+00 -1.800000000000e+00 -8.150400000000e+00
-2.320000000000e+00 -1.720000000000e+00 -7.958400000000e+00
-2.320000000000e+00 -1.640000000000e+00 -7.792000000000e+00
-2.320000000000e+00 -1.560000000000e+00 -7.651200000000e+00
-2.320000000000e+00 -1.480000000000e+00 -7.536000000000e+00
-2.320000000000e+00 -1.400000000000e+00 -7.446400000000e+00
-2.320000000000e+00 -1.320000000000e+00 -7.382400000000e+00
-2.320000000000e+00 -1.240000000000e+00 -7.344000000000e+00
-2.320000000000e+00 -1.160000000000e+00 -7.331200000000e+00
-2.320000000000e+00 -1.080000000000e+00 -7.344000000000e+00
-2.320000000000e+00 -1.000000000000e+00 -7.382400000000e+00
-2.320000000000e+00 -9.200000000000e-01 -7.446400000000e+00
-2.320000000000e+00 -8.400000000000e-01 -7.536000000000e+00
-2.320000000000e+00 -7.600000000000e-01 -7.651200000000e+00
-2.320000000000e+00 -6.800000000000e-01 -7.792000000000e+00
-2.320000000000e+00 -6.000000000000e-01 -7.958400000000e+00
-2.320000000000e+00 -5.200000000000e-01 -8.150400000000e+00
-2.320000000000e+00 -4.400000000000e-01 -8.368000000000e+00
-2.320000000000e+00 -3.600000000000e-01 -8.611200000000e+00
-2.320000000000e+00 -2.800000000000e-01 -8.880000000000e+00
-2.320000000000e+00 -2.000000000000e-01 -9.174400000000e+00
-2.320000000000e+00 -1.200000000000e-01 -9.494400000000e+00
-2.320000000000e+00 -4.000000000000e-02 -9.840000000000e+00
-2.320000000000e+00  4.000000000000e-02 -1.021120000000e+01
-2.320000000000e+00  1.200000000000e-01 -1.060800000000e+01
-2.320000000000e+00  2.000000000000e-01 -1.103040000000e+01
-2.320000000000e+00  2.800000000000e-01 -1.147840000000e+01
-2.320000000000e+00  3.600000000000e-01 -1.195200000000e+01
-2.320000000000e+00  4.400000000000e-01 -1.245120000000e+01
-2.320000000000e+00  5.200000000000e-01 -1.297600000000e+01
-2.320000000000e+00  6.000000000000e-01 -1.352640000000e+01
-2.320000000000e+00  6.800000000000e-01 -1.410240000000e+01
-2.320000000000e+00  7.600000000000e-01 -1.470400000000e+01
-2.320000000000e+00  8.400000000000e-01 -1.533120000000e+01
-2.320000000000e+00  9.200000000000e-01 -1.598400000000e+01
-2.320000000000e+00  1.000000000000e+00 -1.666240000000e+01
-2.320000000000e+00  1.080000000000e+00 -1.736640000000e+01
-2.320000000000e+00  1.160000000000e+00 -1.809600000000e+01
-2.320000000000e+00  1.240000000000e+00 -1.885120000000e+01
-2.320000000000e+00  1.320000000000e+00 -1.963200000000e+01
-2.320000000000e+00  1.400000000000e+00 -2.043840000000e+01
-2.320000000000e+00  1.480000000000e+00 -2.127040000000e+01
-2.320000000000e+00  1.560000000000e+00 -2.212800000000e+01
-2.320000000000e+00  1.640000000000e+00 -2.301120000000e+01
-2.320000000000e+00  1.720000000000e+00 -2.392000000000e+01
-2.320000000000e+00  1.800000000000e+00 -2.485440000000e+01
-2.320000000000e+00  1.880000000000e+00 -2.581440000000e+01
-2.320000000000e+00  1.960000000000e+00 -2.680000000000e+01
-2.320000000000e+00  2.040000000000e+00 -2.781120000000e+01
-2.320000000000e+00  2.120000000000e+00 -2.884800000000e+01
-2.320000000000e+00  2.200000000000e+00 -2.991040000000e+01
-2.320000000000e+00  2.280000000000e+00 -3.099840000000e+01
-2.320000000000e+00  2.360000000000e+00 -3.211200000000e+01
-2.320000000000e+00  2.440000000000e+00 -3.325120000000e+01
-2.320000000000e+00  2.520000000000e+00 -3.441600000000e+01
-2.320000000000e+00  2.600000000000e+00 -3.560640000000e+01
-2.320000000000e+00  2.680000000000e+00 -3.682240000000e+01
-2.320000000000e+00  2.760000000000e+00 -3.806400000000e+01
-2.320000000000e+00  2.840000000000e+00 -3.933120000000e+01
-2.320000000000e+00  2.920000000000e+00 -4.062400000000e+01
-2.320000000000e+00  3.000000000000e+00 -4.194240000000e+01
-2.320000000000e+00  3.080000000000e+00 -4.328640000000e+01
-2.320000000000e+00  3.160000000000e+00 -4.465600000000e+01
-2.320000000000e+00  3.240000000000e+00 -4.605120000000e+01
-2.320000000000e+00  3.320000000000e+00 -4.747200000000e+01
-2.320000000000e+00  3.400000000000e+00 -4.891840000000e+01
-2.320000000000e+00  3.480000000000e+00 -5.039040000000e+01
-2.320000000000e+00  3.560000000000e+00 -5.188800000000e+01
-2.320000000000e+00  3.640000000000e+00 -5.341120000000e+01
-2.320000000000e+00  3.720000000000e+00 -5.496000000000e+01
-2.320000000000e+00  3.800000000000e+00 -5.653440000000e+01
-2.320000000000e+00  3.880000000000e+00 -5.813440000000e+01
-2.320000000000e+00  3.960000000000e+00 -5.976000000000e+01
-2.320000000000e+00  4.040000000000e+00 -6.141120000000e+01
-2.320000000000e+00  4.120000000000e+00 -6.308800000000e+01
-2.320000000000e+00  4.200000000000e+00 -6.479040000000e+01
-2.320000000000e+00  4.280000000000e+00 -6.651840000000e+01
-2.320000000000e+00  4.360000000000e+00 -6.827200000000e+01
-2.320000000000e+00  4.440000000000e+00 -7.005120000000e+01
-2.320000000000e+00  4.520000000000e+00 -7.185600000000e+01
-2.320000000000e+00  4.600000000000e+00 -7.368640000000e+01
-2.320000000000e+00  4.680000000000e+00 -7.554240000000e+01
-2.320000000000e+00  4.760000000000e+00 -7.742400000000e+01
-2.320000000000e+00  4.840000000000e+00 -7.933120000000e+01
-2.320000000000e+00  4.920000000000e+00 -8.126400000000e+01
-2.320000000000e+00  5.000000000000e+00 -8.322240000000e+01

-2.240000000000e+00 -3.000000000000e+00 -1.405760000000e+01
-2.240000000000e+00 -2.920000000000e+00 -1.346880000000e+01
-2.240000000000e+00 -2.840000000000e+00 -1.290560000000e+01
-2.240000000000e+00 -2.760000000000e+00 -1.236800000000e+01
-2.240000000000e+00 -2.680000000000e+00 -1.185600000000e+01
-2.240000000000e+00 -2.600000000000e+00 -1.136960000000e+01
-2.240000000000e+00 -2.520000000000e+00 -1.090880000000e+01
-2.240000000000e+00 -2.440000000000e+00 -1.047360000000e+01
-2.240000000000e+00 -2.360000000000e+00 -1.006400000000e+01
-2.240000000000e+00 -2.280000000000e+00 -9.680000000000e+00
-2.240000000000e+00 -2.200000000000e+00 -9.321600000000e+00
-2.240000000000e+00 -2.120000000000e+00 -8.988800000000e+00
-2.240000000000e+00 -2.040000000000e+00 -8.681600000000e+00
-2.240000000000e+00 -1.960000000000e+00 -8.400000000000e+00
-2.240000000000e+00 -1.880000000000e+00 -8.144000000000e+00
-2.240000000000e+00 -1.800000000000e+00 -7.913600000000e+00
-2.240000000000e+00 -1.720000000000e+00 -7.708800000000e+00
-2.240000000000e+00 -1.640000000000e+00 -7.529600000000e+00
-2.240000000000e+00 -1.560000000000e+00 -7.376000000000e+00
-2.240000000000e+00 -1.480000000000e+00 -7.248000000000e+00
-2.240000000000e+00 -1.400000000000e+00 -7.145600000000e+00
-2.240000000000e+00 -1.320000000000e+00 -7.068800000000e+00
-2.240000000000e+00 -1.240000000000e+00 -7.017600000000e+00
-2.240000000000e+00 -1.160000000000e+00 -6.992000000000e+00
-2.240000000000e+00 -1.080000000000e+00 -6.992000000000e+00
-2.240000000000e+00 -1.000000000000e+00 -7.017600000000e+00
-2.240000000000e+00 -9.200000000000e-01 -7.068800000000e+00
-2.240000000000e+00 -8.400000000000e-01 -7.145600000000e+00
-2.240000000000e+00 -7.600000000000e-01 -7.248000000000e+00
-2.240000000000e+00 -6.800000000000e-01 -7.376000000000e+00
-2.240000000000e+00 -6.000000000000e-01 -7.529600000000e+00
-2.240000000000e+00 -5.200000000000e-01 -7.708800000000e+00
-2.240000000000e+00 -4.400000000000e-01 -7.913600000000e+00
-2.240000000000e+00 -3.600000000000e-01 -8.144000000000e+00
-2.240000000000e+00 -2.800000000000e-01 -8.400000000000e+00
-2.240000000000e+00 -2.000000000000e-01 -8.681600000000e+00
-2.240000000000e+00 -1.200000000000e-01 -8.988800000000e+00
-2.240000000000e+00 -4.000000000000e-02 -9.321600000000e+00
-2.240000000000e+00  4.000000000000e-02 -9.680000000000e+00
-2.240000000000e+00  1.200000000000e-01 -1.006400000000e+01
-2.240000000000e+00  2.000000000000e-01 -1.047360000000e+01
-2.240000000000e+00  2.800000000000e-01 -1.090880000000e+01
-2.240000000000e+00  3.600000000000e-01 -1.136960000000e+01
-2.240000000000e+00  4.400000000000e-01 -1.185600000000e+01
-2.240000000000e+00  5.200000000000e-01 -1.236800000000e+01
-2.240000000000e+00  6.000000000000e-01 -1.290560000000e+01
-2.240000000000e+00  6.800000000000e-01 -1.346880000000e+01
-2.240000000000e+00  7.600000000000e-01 -1.405760000000e+01
-2.240000000000e+00  8.400000000000e-01 -1.467200000000e+01
-2.240000000000e+00  9.200000000000e-01 -1.531200000000e+01
-2.240000000000e+00  1.000000000000e+00 -1.597760000000e+01
-2.240000000000e+00  1.080000000000e+00 -1.666880000000e+01
-2.240000000000e+00  1.160000000000e+00 -1.738560000000e+01
-2.240000000000e+00  1.240000000000e+00 -1.812800000000e+01
-2.240000000000e+00  1.320000000000e+00 -1.889600000000e+01
-2.240000000000e+00  1.400000000000e+00 -1.968960000000e+01
-2.240000000000e+00  1.480000000000e+00 -2.050880000000e+01
-2.240000000000e+00  1.560000000000e+00 -2.135360000000e+01
-2.240000000000e+00  1.640000000000e+00 -2.222400000000e+01
-2.240000000000e+00  1.720000000000e+00 -2.312000000000e+01
-2.240000000000e+00  1.800000000000e+00 -2.404160000000e+01
-2.240000000000e+00  1.880000000000e+00 -2.498880000000e+01
-2.240000000000e+00  1.960000000000e+00 -2.596160000000e+01
-2.240000000000e+00  2.040000000000e+00 -2.696000000000e+01
-2.240000000000e+00  2.120000000000e+00 -2.798400000000e+01
-2.240000000000e+00  2.200000000000e+00 -2.903360000000e+01
-2.240000000000e+00  2.280000000000e+00 -3.010880000000e+01
-2.240000000000e+00  2.360000000000e+00 -3.120960000000e+01
-2.240000000000e+00  2.440000000000e+00 -3.233600000000e+01
-2.240000000000e+00  2.520000000000e+00 -3.348800000000e+01
-2.240000000000e+00  2.600000000000e+00 -3.466560000000e+01
-2.240000000000e+00  2.680000000000e+00 -3.586880000000e+01
-2.240000000000e+00  2.760000000000e+00 -3.709760000000e+01
-2.240000000000e+00  2.840000000000e+00 -3.835200000000e+01
-2.240000000000e+00  2.920000000000e+00 -3.963200000000e+01
-2.240000000000e+00  3.000000000000e+00 -4.093760000000e+01
-2.240000000000e+00  3.080000000000e+00 -4.226880000000e+01
-2.240000000000e+00  3.160000000000e+00 -4.362560000000e+01
-2.240000000000e+00  3.240000000000e+00 -4.500800000000e+01
-2.240000000000e+00  3.320000000000e+00 -4.641600000000e+01
-2.240000000000e+00  3.400000000000e+00 -4.784960000000e+01
-2.240000000000e+00  3.480000000000e+00 -4.930880000000e+01
-2.240000000000e+00  3.560000000000e+00 -5.079360000000e+01
-2.240000000000e+00  3.640000000000e+00 -5.230400000000e+01
-2.240000000000e+00  3.720000000000e+00 -5.384000000000e+01
-2.240000000000e+00  3.800000000000e+00 -5.540160000000e+01
-2.240000000000e+00  3.880000000000e+00 -5.698880000000e+01
-2.240000000000e+00  3.960000000000e+00 -5.860160000000e+01
-2.240000000000e+00  4.040000000000e+00 -6.024000000000e+01
-2.240000000000e+00  4.120000000000e+00 -6.190400000000e+01
-2.240000000000e+00  4.200000000000e+00 -6.359360000000e+01
-2.240000000000e+00  4.280000000000e+00 -6.530880000000e+01
-2.240000000000e+00  4.360000000000e+00 -6.704960000000e+01
-2.240000000000e+00  4.440000000000e+00 -6.881600000000e+01
-2.240000000000e+00  4.520000000000e+00 -7.060800000000e+01
-2.240000000000e+00  4.600000000000e+00 -7.242560000000e+01
-2.240000000000e+00  4.680000000000e+00 -7.426880000000e+01
-2.240000000000e+00  4.760000000000e+00 -7.613760000000e+01
-2.240000000000e+00  4.840000000000e+00 -7.803200000000e+01
-2.240000000000e+00  4.920000000000e+00 -7.995200000000e+01
-2.240000000000e+00  5.000000000000e+00 -8.189760000000e+01

-2.160000000000e+00 -3.000000000000e+00 -1.402560000000e+01
-2.160000000000e+00 -2.920000000000e+00 -1.342400000000e+01
-2.160000000000e+00 -2.840000000000e+00 -1.284800000000e+01
-2.160000000000e+00 -2.760000000000e+00 -1.229760000000e+01
-2.160000000000e+00 -2.680000000000e+00 -1.177280000000e+01
-2.160000000000e+00 -2.600000000000e+00 -1.127360000000e+01
-2.160000000000e+00 -2.520000000000e+00 -1.080000000000e+01
-2.160000000000e+00 -2.440000000000e+00 -1.035200000000e+01
-2.160000000000e+00 -2.360000000000e+00 -9.929600000000e+00
-2.160000000000e+00 -2.280000000000e+00 -9.532800000000e+00
-2.160000000000e+00 -2.200000000000e+00 -9.161600000000e+00
-2.160000000000e+00 -2.120000000000e+00 -8.816000000000e+00
-2.160000000000e+00 -2.040000000000e+00 -8.496000000000e+00
-2.160000000000e+00 -1.960000000000e+00 -8.201600000000e+00
-2.160000000000e+00 -1.880000000000e+00 -7.932800000000e+00
-2.160000000000e+00 -1.800000000000e+00 -7.689600000000e+00
-2.160000000000e+00 -1.720000000000e+00 -7.472000000000e+00
-2.160000000000e+00 -1.640000000000e+00 -7.280000000000e+00
-2.160000000000e+00 -1.560000000000e+00 -7.113600000000e+00
-2.160000000000e+00 -1.480000000000e+00 -6.972800000000e+00
-2.160000000000e+00 -1.400000000000e+00 -6.857600000000e+00
-2.160000000000e+00 -1.320000000000e+00 -6.768000000000e+00
-2.160000000000e+00 -1.240000000000e+00 -6.704000000000e+00
-2.160000000000e+00 -1.160000000000e+00 -6.665600000000e+00
-2.160000000000e+00 -1.080000000000e+00 -6.652800000000e+00
-2.160000000000e+00 -1.000000000000e+00 -6.665600000000e+00
-2.160000000000e+00 -9.200000000000e-01 -6.704000000000e+00
-2.160000000000e+00 -8.400000000000e-01 -6.768000000000e+00
-2.160000000000e+00 -7.600000000000e-01 -6.857600000000e+00
-2.160000000000e+00 -6.800000000000e-01 -6.972800000000e+00
-2.160000000000e+00 -6.000000000000e-01 -7.113600000000e+00
-2.160000000000e+00 -5.200000000000e-01 -7.280000000000e+00
-2.160000000000e+00 -4.400000000000e-01 -7.472000000000e+00
-2.160000000000e+00 -3.600000000000e-01 -7.689600000000e+00
-2.160000000000e+00 -2.800000000000e-01 -7.932800000000e+00
-2.160000000000e+00 -2.000000000000e-01 -8.201600000000e+00
-2.160000000000e+00 -1.200000000000e-01 -8.496000000000e+00
-2.160000000000e+00 -4.000000000000e-02 -8.816000000000e+00
-2.160000000000e+00  4.000000000000e-02 -9.161600000000e+00
-2.160000000000e+00  1.200000000000e-01 -9.532800000000e+00
-2.160000000000e+00  2.000000000000e-01 -9.929600000000e+00
-2.160000000000e+00  2.800000000000e-01 -1.035200000000e+01
-2.160000000000e+00  3.600000000000e-01 -1.080000000000e+01
-2.160000000000e+00  4.400000000000e-01 -1.127360000000e+01
-2.160000000000e+00  5.200000000000e-01 -1.177280000000e+01
-2.160000000000e+00  6.000000000000e-01 -1.229760000000e+01
-2.160000000000e+00  6.800000000000e-01 -1.284800000000e+01
-2.160000000000e+00  7.600000000000e-01 -1.342400000000e+01
-2.160000000000e+00  8.400000000000e-01 -1.402560000000e+01
-2.160000000000e+00  9.200000000000e-01 -1.465280000000e+01
-2.160000000000e+00  1.000000000000e+00 -1.530560000000e+01
-2.160000000000e+00  1.080000000000e+00 -1.598400000000e+01
-2.160000000000e+00  1.160000000000e+00 -1.668800000000e+01
-2.160000000000e+00  1.240000000000e+00 -1.741760000000e+01
-2.160000000000e+00  1.320000000000e+00 -1.817280000000e+01
-2.160000000000e+00  1.400000000000e+00 -1.895360000000e+01
-2.160000000000e+00  1.480000000000e+00 -1.976000000000e+01
-2.160000000000e+00  1.560000000000e+00 -2.059200000000e+01
-2.160000000000e+00  1.640000000000e+00 -2.144960000000e+01
-2.160000000000e+00  1.720000000000e+00 -2.233280000000e+01
-2.160000000000e+00  1.800000000000e+00 -2.324160000000e+01
-2.160000000000e+00  1.880000000000e+00 -2.417600000000e+01
-2.160000000000e+00  1.960000000000e+00 -2.513600000000e+01
-2.160000000000e+00  2.040000000000e+00 -2.612160000000e+01
-2.160000000000e+00  2.120000000000e+00 -2.713280000000e+01
-2.160000000000e+00  2.200000000000e+00 -2.816960000000e+01
-2.160000000000e+00  2.280000000000e+00 -2.923200000000e+01
-2.160000000000e+00  2.360000000000e+00 -3.032000000000e+01
-2.160000000000e+00  2.440000000000e+00 -3.143360000000e+01
-2.160000000000e+00  2.520000000000e+00 -3.257280000000e+01
-2.160000000000e+00  2.600000000000e+00 -3.373760000000e+01
-2.160000000000e+00  2.680000000000e+00 -3.492800000000e+01
-2.160000000000e+00  2.760000000000e+00 -3.614400000000e+01
-2.160000000000e+00  2.840000000000e+00 -3.738560000000e+01
-2.160000000000e+00  2.920000000000e+00 -3.865280000000e+01
-2.160000000000e+00  3.000000000000e+00 -3.994560000000e+01
-2.160000000000e+00  3.080000000000e+00 -4.126400000000e+01
-2.160000000000e+00  3.160000000000e+00 -4.260800000000e+01
-2.160000000000e+00  3.240000000000e+00 -4.397760000000e+01
-2.160000000000e+00  3.320000000000e+00 -4.537280000000e+01
-2.160000000000e+00  3.400000000000e+00 -4.679360000000e+01
-2.160000000000e+00  3.480000000000e+00 -4.824000000000e+01
-2.160000000000e+00  3.560000000000e+00 -4.971200000000e+01
-2.160000000000e+00  3.640000000000e+00 -5.120960000000e+01
-2.160000000000e+00  3.720000000000e+00 -5.273280000000e+01
-2.160000000000e+00  3.800000000000e+00 -5.428160000000e+01
-2.160000000000e+00  3.880000000000e+00 -5.585600000000e+01
-2.160000000000e+00  3.960000000000e+00 -5.745600000000e+01
-2.160000000000e+00  4.040000000000e+00 -5.908160000000e+01
-2.160000000000e+00  4.120000000000e+00 -6.073280000000e+01
-2.160000000000e+00  4.200000000000e+00 -6.240960000000e+01
-2.160000000000e+00  4.280000000000e+00 -6.411200000000e+01
-2.160000000000e+00  4.360000000000e+00 -6.584000000000e+01
-2.160000000000e+00  4.440000000000e+00 -6.759360000000e+01
-2.160000000000e+00  4.520000000000e+00 -6.937280000000e+01
-2.160000000000e+00  4.600000000000e+00 -7.117760000000e+01
-2.160000000000e+00  4.680000000000e+00 -7.300800000000e+01
-2.160000000000e+00  4.760000000000e+00 -7.486400000000e+01
-2.160000000000e+00  4.840000000000e+00 -7.674560000000e+01
-2.160000000000e+00  4.920000000000e+00 -7.865280000000e+01
-2.160000000000e+00  5.000000000000e+00 -8.058560000000e+01

-2.080000000000e+00 -3.000000000000e+00 -1.400640000000e+01
-2.080000000000e+00 -2.920000000000e+00 -1.339200000000e+01
-2.080000000000e+00 -2.840000000000e+00 -1.280320000000e+01
-2.080000000000e+00 -2.760000000000e+00 -1.224000000000e+01
-2.080000000000e+00 -2.680000000000e+00 -1.170240000000e+01
-2.080000000000e+00 -2.600000000000e+00 -1.119040000000e+01
-2.080000000000e+00 -2.520000000000e+00 -1.070400000000e+01
-2.080000000000e+00 -2.440000000000e+00 -1.024320000000e+01
-2.080000000000e+00 -2.360000000000e+00 -9.808000000000e+00
-2.080000000000e+00 -2.280000000000e+00 -9.398400000000e+00
-2.080000000000e+00 -2.200000000000e+00 -9.014400000000e+00
-2.080000000000e+00 -2.120000000000e+00 -8.656000000000e+00
-2.080000000000e+00 -2.040000000000e+00 -8.323200000000e+00
-2.080000000000e+00 -1.960000000000e+00 -8.016000000000e+00
-2.080000000000e+00 -1.880000000000e+00 -7.734400000000e+00
-2.080000000000e+00 -1.800000000000e+00 -7.478400000000e+00
-2.080000000000e+00 -1.720000000000e+00 -7.248000000000e+00
-2.080000000000e+00 -1.640000000000e+00 -7.043200000000e+00
-2.080000000000e+00 -1.560000000000e+00 -6.864000000000e+00
-2.080000000000e+00 -1.480000000000e+00 -6.710400000000e+00
-2.080000000000e+00 -1.400000000000e+00 -6.582400000000e+00
-2.080000000000e+00 -1.320000000000e+00 -6.480000000000e+00
-2.080000000000e+00 -1.240000000000e+00 -6.403200000000e+00
-2.080000000000e+00 -1.160000000000e+00 -6.352000000000e+00
-2.080000000000e+00 -1.080000000000e+00 -6.326400000000e+00
-2.080000000000e+00 -1.000000000000e+00 -6.326400000000e+00
-2.080000000000e+00 -9.200000000000e-01 -6.352000000000e+00
-2.080000000000e+00 -8.400000000000e-01 -6.403200000000e+00
-2.080000000000e+00 -7.600000000000e-01 -6.480000000000e+00
-2.080000000000e+00 -6.800000000000e-01 -6.582400000000e+00
-2.080000000000e+00 -6.000000000000e-01 -6.710400000000e+00
-2.080000000000e+00 -5.200000000000e-01 -6.864000000000e+00
-2.080000000000e+00 -4.400000000000e-01 -7.043200000000e+00
-2.080000000000e+00 -3.600000000000e-01 -7.248000000000e+00
-2.080000000000e+00 -2.800000000000e-01 -7.478400000000e+00
-2.080000000000e+00 -2.000000000000e-01 -7.734400000000e+00
-2.080000000000e+00 -1.200000000000e-01 -8.016000000000e+00
-2.080000000000e+00 -4.000000000000e-02 -8.323200000000e+00
-2.080000000000e+00  4.000000000000e-02 -8.656000000000e+00
-2.080000000000e+00  1.200000000000e-01 -9.014400000000e+00
-2.080000000000e+00  2.000000000000e-01 -9.398400000000e+00
-2.080000000000e+00  2.800000000000e-01 -9.808000000000e+00
-2.080000000000e+00  3.600000000000e-01 -1.024320000000e+01
-2.080000000000e+00  4.400000000000e-01 -1.070400000000e+01
-2.080000000000e+00  5.200000000000e-01 -1.119040000000e+01
-2.080000000000e+00  6.000000000000e-01 -1.170240000000e+01
-2.080000000000e+00  6.800000000000e-01 -1.224000000000e+01
-2.080000000000e+00  7.600000000000e-01 -1.280320000000e+01
-2.080000000000e+00  8.400000000000e-01 -1.339200000000e+01
-2.080000000000e+00  9.200000000000e-01 -1.400640000000e+01
-2.080000000000e+00  1.000000000000e+00 -1.464640000000e+01
-2.080000000000e+00  1.080000000000e+00 -1.531200000000e+01
-2.080000000000e+00  1.160000000000e+00 -1.600320000000e+01
-2.080000000000e+00  1.240000000000e+00 -1.672000000000e+01
-2.080000000000e+00  1.320000000000e+00 -1.746240000000e+01
-2.080000000000e+00  1.400000000000e+00 -1.823040000000e+01
-2.080000000000e+00  1.480000000000e+00 -1.902400000000e+01
-2.080000000000e+00  1.560000000000e+00 -1.984320000000e+01
-2.080000000000e+00  1.640000000000e+00 -2.068800000000e+01
-2.080000000000e+00  1.720000000000e+00 -2.155840000000e+01
-2.080000000000e+00  1.800000000000e+00 -2.245440000000e+01
-2.080000000000e+00  1.880000000000e+00 -2.337600000000e+01
-2.080000000000e+00  1.960000000000e+00 -2.432320000000e+01
-2.080000000000e+00  2.040000000000e+00 -2.529600000000e+01
-2.080000000000e+00  2.120000000000e+00 -2.629440000000e+01
-2.080000000000e+00  2.200000000000e+00 -2.731840000000e+01
-2.080000000000e+00  2.280000000000e+00 -2.836800000000e+01
-2.080000000000e+00  2.360000000000e+00 -2.944320000000e+01
-2.080000000000e+00  2.440000000000e+00 -3.054400000000e+01
-2.080000000000e+00  2.520000000000e+00 -3.167040000000e+01
-2.080000000000e+00  2.600000000000e+00 -3.282240000000e+01
-2.080000000000e+00  2.680000000000e+00 -3.400000000000e+01
-2.080000000000e+00  2.760000000000e+00 -3.520320000000e+01
-2.080000000000e+00  2.840000000000e+00 -3.643200000000e+01
-2.080000000000e+00  2.920000000000e+00 -3.768640000000e+01
-2.080000000000e+00  3.000000000000e+00 -3.896640000000e+01
-2.080000000000e+00  3.080000000000e+00 -4.027200000000e+01
-2.080000000000e+00  3.160000000000e+00 -4.160320000000e+01
-2.080000000000e+00  3.240000000000e+00 -4.296000000000e+01
-2.080000000000e+00  3.320000000000e+00 -4.434240000000e+01
-2.080000000000e+00  3.400000000000e+00 -4.575040000000e+01
-2.080000000000e+00  3.480000000000e+00 -4.718400000000e+01
-2.080000000000e+00  3.560000000000e+00 -4.864320000000e+01
-2.080000000000e+00  3.640000000000e+00 -5.012800000000e+01
-2.080000000000e+00  3.720000000000e+00 -5.163840000000e+01
-2.080000000000e+00  3.800000000000e+00 -5.317440000000e+01
-2.080000000000e+00  3.880000000000e+00 -5.473600000000e+01
-2.080000000000e+00  3.960000000000e+00 -5.632320000000e+01
-2.080000000000e+00  4.040000000000e+00 -5.793600000000e+01
-2.080000000000e+00  4.120000000000e+00 -5.957440000000e+01
-2.080000000000e+00  4.200000000000e+00 -6.123840000000e+01
-2.080000000000e+00  4.280000000000e+00 -6.292800000000e+01
-2.080000000000e+00  4.360000000000e+00 -6.464320000000e+01
-2.080000000000e+00  4.440000000000e+00 -6.638400000000e+01
-2.080000000000e+00  4.520000000000e+00 -6.815040000000e+01
-2.080000000000e+00  4.600000000000e+00 -6.994240000000e+01
-2.080000000000e+00  4.680000000000e+00 -7.176000000000e+01
-2.080000000000e+00  4.760000000000e+00 -7.360320000000e+01
-2.080000000000e+00  4.840000000000e+00 -7.547200000000e+01
-2.080000000000e+00  4.920000000000e+00 -7.736640000000e+01
-2.080000000000e+00  5.000000000000e+00 -7.928640000000e+01

-2.000000000000e+00 -3.000000000000e+00 -1.400000000000e+01
-2.000000000000e+00 -2.920000000000e+00 -1.337280000000e+01
-2.000000000000e+00 -2.840000000000e+00 -1.277120000000e+01
-2.000000000000e+00 -2.760000000000e+00 -1.219520000000e+01
-2.000000000000e+00 -2.680000000000e+00 -1.164480000000e+01
-2.000000000000e+00 -2.600000000000e+00 -1.112000000000e+01
-2.000000000000e+00 -2.520000000000e+00 -1.062080000000e+01
-2.000000000000e+00 -2.440000000000e+00 -1.014720000000e+01
-2.000000000000e+00 -2.360000000000e+00 -9.699200000000e+00
-2.000000000000e+00 -2.280000000000e+00 -9.276800000000e+00
-2.000000000000e+00 -2.200000000000e+00 -8.880000000000e+00
-2.000000000000e+00 -2.120000000000e+00 -8.508800000000e+00
-2.000000000000e+00 -2.040000000000e+00 -8.163200000000e+00
-2.000000000000e+00 -1.960000000000e+00 -7.843200000000e+00
-2.000000000000e+00 -1.880000000000e+00 -7.548800000000e+00
-2.000000000000e+00 -1.800000000000e+00 -7.280000000000e+00
-2.000000000000e+00 -1.720000000000e+00 -7.036800000000e+00
-2.000000000000e+00 -1.640000000000e+00 -6.819200000000e+00
-2.000000000000e+00 -1.560000000000e+00 -6.627200000000e+00
-2.000000000000e+00 -1.480000000000e+00 -6.460800000000e+00
-2.000000000000e+00 -1.400000000000e+00 -6.320000000000e+00
-2.000000000000e+00 -1.320000000000e+00 -6.204800000000e+00
-2.000000000000e+00 -1.240000000000e+00 -6.115200000000e+00
-2.000000000000e+00 -1.160000000000e+00 -6.051200000000e+00
-2.000000000000e+00 -1.080000000000e+00 -6.012800000000e+00
-2.000000000000e+00 -1.000000000000e+00 -6.000000000000e+00
-2.000000000000e+00 -9.200000000000e-01 -6.012800000000e+00
-2.000000000000e+00 -8.400000000000e-01 -6.051200000000e+00
-2.000000000000e+00 -7.600000000000e-01 -6.115200000000e+00
-2.000000000000e+00 -6.800000000000e-01 -6.204800000000e+00
-2.000000000000e+00 -6.000000000000e-01 -6.320000000000e+00
-2.000000000000e+00 -5.200000000000e-01 -6.460800000000e+00
-2.000000000000e+00 -4.400000000000e-01 -6.627200000000e+00
-2.000000000000e+00 -3.600000000000e-01 -6.819200000000e+00
-2.000000000000e+00 -2.800000000000e-01 -7.036800000000e+00
-2.000000000000e+00 -2.000000000000e-01 -7.280000000000e+00
-2.000000000000e+00 -1.200000000000e-01 -7.548800000000e+00
-2.000000000000e+00 -4.000000000000e-02 -7.843200000000e+00
-2.000000000000e+00  4.000000000000e-02 -8.163200000000e+00
-2.000000000000e+00  1.200000000000e-01 -8.508800000000e+00
-2.000000000000e+00  2.000000000000e-01 -8.880000000000e+00
-2.000000000000e+00  2.800000000000e-01 -9.276800000000e+00
-2.000000000000e+00  3.600000000000e-01 -9.699200000000e+00
-2.000000000000e+00  4.400000000000e-01 -1.014720000000e+01
-2.000000000000e+00  5.200000000000e-01 -1.062080000000e+01
-2.000000000000e+00  6.000000000000e-01 -1.112000000000e+01
-2.000000000000e+00  6.800000000000e-01 -1.164480000000e+01
-2.000000000000e+00  7.600000000000e-01 -1.219520000000e+01
-2.000000000000e+00  8.400000000000e-01 -1.277120000000e+01
-2.000000000000e+00  9.200000000000e-01 -1.337280000000e+01
-2.000000000000e+00  1.000000000000e+00 -1.400000000000e+01
-2.000000000000e+00  1.080000000000e+00 -1.465280000000e+01
-2.000000000000e+00  1.160000000000e+00 -1.533120000000e+01
-2.000000000000e+00  1.240000000000e+00 -1.603520000000e+01
-2.000000000000e+00  1.320000000000e+00 -1.676480000000e+01
-2.000000000000e+00  1.400000000000e+00 -1.752000000000e+01
-2.000000000000e+00  1.480000000000e+00 -1.830080000000e+01
-2.000000000000e+00  1.560000000000e+00 -1.910720000000e+01
-2.000000000000e+00  1.640000000000e+00 -1.993920000000e+01
-2.000000000000e+00  1.720000000000e+00 -2.079680000000e+01
-2.000000000000e+00  1.800000000000e+00 -2.168000000000e+01
-2.000000000000e+00  1.880000000000e+00 -2.258880000000e+01
-2.000000000000e+00  1.960000000000e+00 -2.352320000000e+01
-2.000000000000e+00  2.040000000000e+00 -2.448320000000e+01
-2.000000000000e+00  2.120000000000e+00 -2.546880000000e+01
-2.000000000000e+00  2.200000000000e+00 -2.648000000000e+01
-2.000000000000e+00  2.280000000000e+00 -2.751680000000e+01
-2.000000000000e+00  2.360000000000e+00 -2.857920000000e+01
-2.000000000000e+00  2.440000000000e+00 -2.966720000000e+01
-2.000000000000e+00  2.520000000000e+00 -3.078080000000e+01
-2.000000000000e+00  2.600000000000e+00 -3.192000000000e+01
-2.000000000000e+00  2.680000000000e+00 -3.308480000000e+01
-2.000000000000e+00  2.760000000000e+00 -3.427520000000e+01
-2.000000000000e+00  2.840000000000e+00 -3.549120000000e+01
-2.000000000000e+00  2.920000000000e+00 -3.673280000000e+01
-2.000000000000e+00  3.000000000000e+00 -3.800000000000e+01
-2.000000000000e+00  3.080000000000e+00 -3.929280000000e+01
-2.000000000000e+00  3.160000000000e+00 -4.061120000000e+01
-2.000000000000e+00  3.240000000000e+00 -4.195520000000e+01
-2.000000000000e+00  3.320000000000e+00 -4.332480000000e+01
-2.000000000000e+00  3.400000000000e+00 -4.472000000000e+01
-2.000000000000e+00  3.480000000000e+00 -4.614080000000e+01
-2.000000000000e+00  3.560000000000e+00 -4.758720000000e+01
-2.000000000000e+00  3.640000000000e+00 -4.905920000000e+01
-2.000000000000e+00  3.720000000000e+00 -5.055680000000e+01
-2.000000000000e+00  3.800000000000e+00 -5.208000000000e+01
-2.000000000000e+00  3.880000000000e+00 -5.362880000000e+01
-2.000000000000e+00  3.960000000000e+00 -5.520320000000e+01
-2.000000000000e+00  4.040000000000e+00 -5.680320000000e+01
-2.000000000000e+00  4.120000000000e+00 -5.842880000000e+01
-2.000000000000e+00  4.200000000000e+00 -6.008000000000e+01
-2.000000000000e+00  4.280000000000e+00 -6.175680000000e+01
-2.000000000000e+00  4.360000000000e+00 -6.345920000000e+01
-2.000000000000e+00  4.440000000000e+00 -6.518720000000e+01
-2.000000000000e+00  4.520000000000e+00 -6.694080000000e+01
-2.000000000000e+00  4.600000000000e+00 -6.872000000000e+01
-2.000000000000e+00  4.680000000000e+00 -7.052480000000e+01
-2.000000000000e+00  4.760000000000e+00 -7.235520000000e+01
-2.000000000000e+00  4.840000000000e+00 -7.421120000000e+01
-2.000000000000e+00  4.920000000000e+00 -7.609280000000e+01
-2.000000000000e+00  5.000000000000e+00 -7.800000000000e+01

-1.920000000000e+00 -3.000000000000e+00 -1.400640000000e+01
-1.920000000000e+00 -2.920000000000e+00 -1.336640000000e+01
-1.920000000000e+00 -2.840000000000e+00 -1.275200000000e+01
-1.920000000000e+00 -2.760000000000e+00 -1.216320000000e+01
-1.920000000000e+00 -2.680000000000e+00 -1.160000000000e+01
-1.920000000000e+00 -2.600000000000e+00 -1.106240000000e+01
-1.920000000000e+00 -2.520000000000e+00 -1.055040000000e+01
-1.920000000000e+00 -2.440000000000e+00 -1.006400000000e+01
-1.920000000000e+00 -2.360000000000e+00 -9.603200000000e+00
-1.920000000000e+00 -2.280000000000e+00 -9.168000000000e+00
-1.920000000000e+00 -2.200000000000e+00 -8.758400000000e+00
-1.920000000000e+00 -2.120000000000e+00 -8.374400000000e+00
-1.920000000000e+00 -2.040000000000e+00 -8.016000000000e+00
-1.920000000000e+00 -1.960000000000e+00 -7.683200000000e+00
-1.920000000000e+00 -1.880000000000e+00 -7.376000000000e+00
-1.920000000000e+00 -1.800000000000e+00 -7.094400000000e+00
-1.920000000000e+00 -1.720000000000e+00 -6.838400000000e+00
-1.920000000000e+00 -1.640000000000e+00 -6.608000000000e+00
-1.920000000000e+00 -1.560000000000e+00 -6.403200000000e+00
-1.920000000000e+00 -1.480000000000e+00 -6.224000000000e+00
-1.920000000000e+00 -1.400000000000e+00 -6.070400000000e+00
-1.920000000000e+00 -1.320000000000e+00 -5.942400000000e+00
-1.920000000000e+00 -1.240000000000e+00 -5.840000000000e+00
-1.920000000000e+00 -1.160000000000e+00 -5.763200000000e+00
-1.920000000000e+00 -1.080000000000e+00 -5.712000000000e+00
-1.920000000000e+00 -1.000000000000e+00 -5.686400000000e+00
-1.920000000000e+00 -9.200000000000e-01 -5.686400000000e+00
-1.920000000000e+00 -8.400000000000e-01 -5.712000000000e+00
-1.920000000000e+00 -7.600000000000e-01 -5.763200000000e+00
-1.920000000000e+00 -6.800000000000e-01 -5.840000000000e+00
-1.920000000000e+00 -6.000000000000e-01 -5.942400000000e+00
-1.920000000000e+00 -5.200000000000e-01 -6.070400000000e+00
-1.920000000000e+00 -4.400000000000e-01 -6.224000000000e+00
-1.920000000000e+00 -3.600000000000e-01 -6.403200000000e+00
-1.920000000000e+00 -2.800000000000e-01 -6.608000000000e+00
-1.920000000000e+00 -2.000000000000e-01 -6.838400000000e+00
-1.920000000000e+00 -1.200000000000e-01 -7.094400000000e+00
-1.920000000000e+00 -4.000000000000e-02 -7.376000000000e+00
-1.920000000000e+00  4.000000000000e-02 -7.683200000000e+00
-1.920000000000e+00  1.200000000000e-01 -8.016000000000e+00
-1.920000000000e+00  2.000000000000e-01 -8.374400000000e+00
-1.920000000000e+00  2.800000000000e-01 -8.758400000000e+00
-1.920000000000e+00  3.600000000000e-01 -9.168000000000e+00
-1.920000000000e+00  4.400000000000e-01 -9.603200000000e+00
-1.920000000000e+00  5.200000000000e-01 -1.006400000000e+01
-1.920000000000e+00  6.000000000000e-01 -1.055040000000e+01
-1.920000000000e+00  6.800000000000e-01 -1.106240000000e+01
-1.920000000000e+00  7.600000000000e-01 -1.160000000000e+01
-1.920000000000e+00  8.400000000000e-01 -1.216320000000e+01
-1.920000000000e+00  9.200000000000e-01 -1.275200000000e+01
-1.920000000000e+00  1.000000000000e+00 -1.336640000000e+01
-1.920000000000e+00  1.080000000000e+00 -1.400640000000e+01
-1.920000000000e+00  1.160000000000e+00 -1.467200000000e+01
-1.920000000000e+00  1.240000000000e+00 -1.536320000000e+01
-1.920000000000e+00  1.320000000000e+00 -1.608000000000e+01
-1.920000000000e+00  1.400000000000e+00 -1.682240000000e+01
-1.920000000000e+00  1.480000000000e+00 -1.759040000000e+01
-1.920000000000e+00  1.560000000000e+00 -1.838400000000e+01
-1.920000000000e+00  1.640000000000e+00 -1.920320000000e+01
-1.920000000000e+00  1.720000000000e+00 -2.004800000000e+01
-1.920000000000e+00  1.800000000000e+00 -2.091840000000e+01
-1.920000000000e+00  1.880000000000e+00 -2.181440000000e+01
-1.920000000000e+00  1.960000000000e+00 -2.273600000000e+01
-1.920000000000e+00  2.040000000000e+00 -2.368320000000e+01
-1.920000000000e+00  2.120000000000e+00 -2.465600000000e+01
-1.920000000000e+00  2.200000000000e+00 -2.565440000000e+01
-1.920000000000e+00  2.280000000000e+00 -2.667840000000e+01
-1.920000000000e+00  2.360000000000e+00 -2.772800000000e+01
-1.920000000000e+00  2.440000000000e+00 -2.880320000000e+01
-1.920000000000e+00  2.520000000000e+00 -2.990400000000e+01
-1.920000000000e+00  2.600000000000e+00 -3.103040000000e+01
-1.920000000000e+00  2.680000000000e+00 -3.218240000000e+01
-1.920000000000e+00  2.760000000000e+00 -3.336000000000e+01
-1.920000000000e+00  2.840000000000e+00 -3.456320000000e+01
-1.920000000000e+00  2.920000000000e+00 -3.579200000000e+01
-1.920000000000e+00  3.000000000000e+00 -3.704640000000e+01
-1.920000000000e+00  3.080000000000e+00 -3.832640000000e+01
-1.920000000000e+00  3.160000000000e+00 -3.963200000000e+01
-1.920000000000e+00  3.240000000000e+00 -4.096320000000e+01
-1.920000000000e+00  3.320000000000e+00 -4.232000000000e+01
-1.920000000000e+00  3.400000000000e+00 -4.370240000000e+01
-1.920000000000e+00  3.480000000000e+00 -4.511040000000e+01
-1.920000000000e+00  3.560000000000e+00 -4.654400000000e+01
-1.920000000000e+00  3.640000000000e+00 -4.800320000000e+01
-1.920000000000e+00  3.720000000000e+00 -4.948800000000e+01
-1.920000000000e+00  3.800000000000e+00 -5.099840000000e+01
-1.920000000000e+00  3.880000000000e+00 -5.253440000000e+01
-1.920000000000e+00  3.960000000000e+00 -5.409600000000e+01
-1.920000000000e+00  4.040000000000e+00 -5.568320000000e+01
-1.920000000000e+00  4.120000000000e+00 -5.729600000000e+01
-1.920000000000e+00  4.200000000000e+00 -5.893440000000e+01
-1.920000000000e+00  4.280000000000e+00 -6.059840000000e+01
-1.920000000000e+00  4.360000000000e+00 -6.228800000000e+01
-1.920000000000e+00  4.440000000000e+00 -6.400320000000e+01
-1.920000000000e+00  4.520000000000e+00 -6.574400000000e+01
-1.920000000000e+00  4.600000000000e+00 -6.751040000000e+01
-1.920000000000e+00  4.680000000000e+00 -6.930240000000e+01
-1.920000000000e+00  4.760000000000e+00 -7.112000000000e+01
-1.920000000000e+00  4.840000000000e+00 -7.296320000000e+01
-1.920000000000e+00  4.920000000000e+00 -7.483200000000e+01
-1.920000000000e+00  5.000000000000e+00 -7.672640000000e+01

-1.840000000000e+00 -3.000000000000e+00 -1.402560000000e+01
-1.840000000000e+00 -2.920000000000e+00 -1.337280000000e+01
-1.840000000000e+00 -2.840000000000e+00 -1.274560000000e+01
-1.840000000000e+00 -2.760000000000e+00 -1.214400000000e+01
-1.840000000000e+00 -2.680000000000e+00 -1.156800000000e+01
-1.840000000000e+00 -2.600000000000e+00 -1.101760000000e+01
-1.840000000000e+00 -2.520000000000e+00 -1.049280000000e+01
-1.840000000000e+00 -2.440000000000e+00 -9.993600000000e+00
-1.840000000000e+00 -2.360000000000e+00 -9.520000000000e+00
-1.840000000000e+00 -2.280000000000e+00 -9.072000000000e+00
-1.840000000000e+00 -2.200000000000e+00 -8.649600000000e+00
-1.840000000000e+00 -2.120000000000e+00 -8.252800000000e+00
-1.840000000000e+00 -2.040000000000e+00 -7.881600000000e+00
-1.840000000000e+00 -1.960000000000e+00 -7.536000000000e+00
-1.840000000000e+00 -1.880000000000e+00 -7.216000000000e+00
-1.840000000000e+00 -1.800000000000e+00 -6.921600000000e+00
-1.840000000000e+00 -1.720000000000e+00 -6.652800000000e+00
-1.840000000000e+00 -1.640000000000e+00 -6.409600000000e+00
-1.840000000000e+00 -1.560000000000e+00 -6.192000000000e+00
-1.840000000000e+00 -1.480000000000e+00 -6.000000000000e+00
-1.840000000000e+00 -1.400000000000e+00 -5.833600000000e+00
-1.840000000000e+00 -1.320000000000e+00 -5.692800000000e+00
-1.840000000000e+00 -1.240000000000e+00 -5.577600000000e+00
-1.840000000000e+00 -1.160000000000e+00 -5.488000000000e+00
-1.840000000000e+00 -1.080000000000e+00 -5.424000000000e+00
-1.840000000000e+00 -1.000000000000e+00 -5.385600000000e+00
-1.840000000000e+00 -9.200000000000e-01 -5.372800000000e+00
-1.840000000000e+00 -8.400000000000e-01 -5.385600000000e+00
-1.840000000000e+00 -7.600000000000e-01 -5.424000000000e+00
-1.840000000000e+00 -6.800000000000e-01 -5.488000000000e+00
-1.840000000000e+00 -6.000000000000e-01 -5.577600000000e+00
-1.840000000000e+00 -5.200000000000e-01 -5.692800000000e+00
-1.840000000000e+00 -4.400000000000e-01 -5.833600000000e+00
-1.840000000000e+00 -3.600000000000e-01 -6.000000000000e+00
-1.840000000000e+00 -2.800000000000e-01 -6.192000000000e+00
-1.840000000000e+00 -2.000000000000e-01 -6.409600000000e+00
-1.840000000000e+00 -1.200000000000e-01 -6.652800000000e+00
-1.840000000000e+00 -4.000000000000e-02 -6.921600000000e+00
-1.840000000000e+00  4.000000000000e-02 -7.216000000000e+00
-1.840000000000e+00  1.200000000000e-01 -7.536000000000e+00
-1.840000000000e+00  2.000000000000e-01 -7.881600000000e+00
-1.840000000000e+00  2.800000000000e-01 -8.252800000000e+00
-1.840000000000e+00  3.600000000000e-01 -8.649600000000e+00
-1.840000000000e+00  4.400000000000e-01 -9.072000000000e+00
-1.840000000000e+00  5.200000000000e-01 -9.520000000000e+00
-1.840000000000e+00  6.000000000000e-01 -9.993600000000e+00
-1.840000000000e+00  6.800000000000e-01 -1.049280000000e+01
-1.840000000000e+00  7.600000000000e-01 -1.101760000000e+01
-1.840000000000e+00  8.400000000000e-01 -1.156800000000e+01
-1.840000000000e+00  9.200000000000e-01 -1.214400000000e+01
-1.840000000000e+00  1.000000000000e+00 -1.274560000000e+01
-1.840000000000e+00  1.080000000000e+00 -1.337280000000e+01
-1.840000000000e+00  1.160000000000e+00 -1.402560000000e+01
-1.840000000000e+00  1.240000000000e+00 -1.470400000000e+01
-1.840000000000e+00  1.320000000000e+00 -1.540800000000e+01
-1.840000000000e+00  1.400000000000e+00 -1.613760000000e+01
-1.840000000000e+00  1.480000000000e+00 -1.689280000000e+01
-1.840000000000e+00  1.560000000000e+00 -1.767360000000e+01
-1.840000000000e+00  1.640000000000e+00 -1.848000000000e+01
-1.840000000000e+00  1.720000000000e+00 -1.931200000000e+01
-1.840000000000e+00  1.800000000000e+00 -2.016960000000e+01
-1.840000000000e+00  1.880000000000e+00 -2.105280000000e+01
-1.840000000000e+00  1.960000000000e+00 -2.196160000000e+01
-1.840000000000e+00  2.040000000000e+00 -2.289600000000e+01
-1.840000000000e+00  2.120000000000e+00 -2.385600000000e+01
-1.840000000000e+00  2.200000000000e+00 -2.484160000000e+01
-1.840000000000e+00  2.280000000000e+00 -2.585280000000e+01
-1.840000000000e+00  2.360000000000e+00 -2.688960000000e+01
-1.840000000000e+00  2.440000000000e+00 -2.795200000000e+01
-1.840000000000e+00  2.520000000000e+00 -2.904000000000e+01
-1.840000000000e+00  2.600000000000e+00 -3.015360000000e+01
-1.840000000000e+00  2.680000000000e+00 -3.129280000000e+01
-1.840000000000e+00  2.760000000000e+00 -3.245760000000e+01
-1.840000000000e+00  2.840000000000e+00 -3.364800000000e+01
-1.840000000000e+00  2.920000000000e+00 -3.486400000000e+01
-1.840000000000e+00  3.000000000000e+00 -3.610560000000e+01
-1.840000000000e+00  3.080000000000e+00 -3.737280000000e+01
-1.840000000000e+00  3.160000000000e+00 -3.866560000000e+01
-1.840000000000e+00  3.240000000000e+00 -3.998400000000e+01
-1.840000000000e+00  3.320000000000e+00 -4.132800000000e+01
-1.840000000000e+00  3.400000000000e+00 -4.269760000000e+01
-1.840000000000e+00  3.480000000000e+00 -4.409280000000e+01
-1.840000000000e+00  3.560000000000e+00 -4.551360000000e+01
-1.840000000000e+00  3.640000000000e+00 -4.696000000000e+01
-1.840000000000e+00  3.720000000000e+00 -4.843200000000e+01
-1.840000000000e+00  3.800000000000e+00 -4.992960000000e+01
-1.840000000000e+00  3.880000000000e+00 -5.145280000000e+01
-1.840000000000e+00  3.960000000000e+00 -5.300160000000e+01
-1.840000000000e+00  4.040000000000e+00 -5.457600000000e+01
-1.840000000000e+00  4.120000000000e+00 -5.617600000000e+01
-1.840000000000e+00  4.200000000000e+00 -5.780160000000e+01
-1.840000000000e+00  4.280000000000e+00 -5.945280000000e+01
-1.840000000000e+00  4.360000000000e+00 -6.112960000000e+01
-1.840000000000e+00  4.440000000000e+00 -6.283200000000e+01
-1.840000000000e+00  4.520000000000e+00 -6.456000000000e+01
-1.840000000000e+00  4.600000000000e+00 -6.631360000000e+01
-1.840000000000e+00  4.680000000000e+00 -6.809280000000e+01
-1.840000000000e+00  4.760000000000e+00 -6.989760000000e+01
-1.840000000000e+00  4.840000000000e+00 -7.172800000000e+01
-1.840000000000e+00  4.920000000000e+00 -7.358400000000e+01
-1.840000000000e+00  5.000000000000e+00 -7.546560000000e+01

-1.760000000000e+00 -3.000000000000e+00 -1.405760000000e+01
-1.760000000000e+00 -2.920000000000e+00 -1.339200000000e+01
-1.760000000000e+00 -2.840000000000e+00 -1.275200000000e+01
-1.760000000000e+00 -2.760000000000e+00 -1.213760000000e+01
-1.760000000000e+00 -2.680000000000e+00 -1.154880000000e+01
-1.760000000000e+00 -2.600000000000e+00 -1.098560000000e+01
-1.760000000000e+00 -2.520000000000e+00 -1.044800000000e+01
-1.760000000000e+00 -2.440000000000e+00 -9.936000000000e+00
-1.760000000000e+00 -2.360000000000e+00 -9.449600000000e+00
-1.760000000000e+00 -2.280000000000e+00 -8.988800000000e+00
-1.760000000000e+00 -2.200000000000e+00 -8.553600000000e+00
-1.760000000000e+00 -2.120000000000e+00 -8.144000000000e+00
-1.760000000000e+00 -2.040000000000e+00 -7.760000000000e+00
-1.760000000000e+00 -1.960000000000e+00 -7.401600000000e+00
-1.760000000000e+00 -1.880000000000e+00 -7.068800000000e+00
-1.760000000000e+00 -1.800000000000e+00 -6.761600000000e+00
-1.760000000000e+00 -1.720000000000e+00 -6.480000000000e+00
-1.760000000000e+00 -1.640000000000e+00 -6.224000000000e+00
-1.760000000000e+00 -1.560000000000e+00 -5.993600000000e+00
-1.760000000000e+00 -1.480000000000e+00 -5.788800000000e+00
-1.760000000000e+00 -1.400000000000e+00 -5.609600000000e+00
-1.760000000000e+00 -1.320000000000e+00 -5.456000000000e+00
-1.760000000000e+00 -1.240000000000e+00 -5.328000000000e+00
-1.760000000000e+00 -1.160000000000e+00 -5.225600000000e+00
-1.760000000000e+00 -1.080000000000e+00 -5.148800000000e+00
-1.760000000000e+00 -1.000000000000e+00 -5.097600000000e+00
-1.760000000000e+00 -9.200000000000e-01 -5.072000000000e+00
-1.760000000000e+00 -8.400000000000e-01 -5.072000000000e+00
-1.760000000000e+00 -7.600000000000e-01 -5.097600000000e+00
-1.760000000000e+00 -6.800000000000e-01 -5.148800000000e+00
-1.760000000000e+00 -6.000000000000e-01 -5.225600000000e+00
-1.760000000000e+00 -5.200000000000e-01 -5.328000000000e+00
-1.760000000000e+00 -4.400000000000e-01 -5.456000000000e+00
-1.760000000000e+00 -3.600000000000e-01 -5.609600000000e+00
-1.760000000000e+00 -2.800000000000e-01 -5.788800000000e+00
-1.760000000000e+00 -2.000000000000e-01 -5.993600000000e+00
-1.760000000000e+00 -1.200000000000e-01 -6.224000000000e+00
-1.760000000000e+00 -4.000000000000e-02 -6.480000000000e+00
-1.760000000000e+00  4.000000000000e-02 -6.761600000000e+00
-1.760000000000e+00  1.200000000000e-01 -7.068800000000e+00
-1.760000000000e+00  2.000000000000e-01 -7.401600000000e+00
-1.760000000000e+00  2.800000000000e-01 -7.760000000000e+00
-1.760000000000e+00  3.600000000000e-01 -8.144000000000e+00
-1.760000000000e+00  4.400000000000e-01 -8.553600000000e+00
-1.760000000000e+00  5.200000000000e-01 -8.988800000000e+00
-1.760000000000e+00  6.000000000000e-01 -9.449600000000e+00
-1.760000000000e+00  6.800000000000e-01 -9.936000000000e+00
-1.760000000000e+00  7.600000000000e-01 -1.044800000000e+01
-1.760000000000e+00  8.400000000000e-01 -1.098560000000e+01
-1.760000000000e+00  9.200000000000e-01 -1.154880000000e+01
-1.760000000000e+00  1.000000000000e+00 -1.213760000000e+01
-1.760000000000e+00  1.080000000000e+00 -1.275200000000e+01
-1.760000000000e+00  1.160000000000e+00 -1.339200000000e+01
-1.760000000000e+00  1.240000000000e+00 -1.405760000000e+01
-1.760000000000e+00  1.320000000000e+00 -1.474880000000e+01
-1.760000000000e+00  1.400000000000e+00 -1.546560000000e+01
-1.760000000000e+00  1.480000000000e+00 -1.620800000000e+01
-1.760000000000e+00  1.560000000000e+00 -1.697600000000e+01
-1.760000000000e+00  1.640000000000e+00 -1.776960000000e+01
-1.760000000000e+00  1.720000000000e+00 -1.858880000000e+01
-1.760000000000e+00  1.800000000000e+00 -1.943360000000e+01
-1.760000000000e+00  1.880000000000e+00 -2.030400000000e+01
-1.760000000000e+00  1.960000000000e+00 -2.120000000000e+01
-1.760000000000e+00  2.040000000000e+00 -2.212160000000e+01
-1.760000000000e+00  2.120000000000e+00 -2.306880000000e+01
-1.760000000000e+00  2.200000000000e+00 -2.404160000000e+01
-1.760000000000e+00  2.280000000000e+00 -2.504000000000e+01
-1.760000000000e+00  2.360000000000e+00 -2.606400000000e+01
-1.760000000000e+00  2.440000000000e+00 -2.711360000000e+01
-1.760000000000e+00  2.520000000000e+00 -2.818880000000e+01
-1.760000000000e+00  2.600000000000e+00 -2.928960000000e+01
-1.760000000000e+00  2.680000000000e+00 -3.041600000000e+01
-1.760000000000e+00  2.760000000000e+00 -3.156800000000e+01
-1.760000000000e+00  2.840000000000e+00 -3.274560000000e+01
-1.760000000000e+00  2.920000000000e+00 -3.394880000000e+01
-1.760000000000e+00  3.000000000000e+00 -3.517760000000e+01
-1.760000000000e+00  3.080000000000e+00 -3.643200000000e+01
-1.760000000000e+00  3.160000000000e+00 -3.771200000000e+01
-1.760000000000e+00  3.240000000000e+00 -3.901760000000e+01
-1.760000000000e+00  3.320000000000e+00 -4.034880000000e+01
-1.760000000000e+00  3.400000000000e+00 -4.170560000000e+01
-1.760000000000e+00  3.480000000000e+00 -4.308800000000e+01
-1.760000000000e+00  3.560000000000e+00 -4.449600000000e+01
-1.760000000000e+00  3.640000000000e+00 -4.592960000000e+01
-1.760000000000e+00  3.720000000000e+00 -4.738880000000e+01
-1.760000000000e+00  3.800000000000e+00 -4.887360000000e+01
-1.760000000000e+00  3.880000000000e+00 -5.038400000000e+01
-1.760000000000e+00  3.960000000000e+00 -5.192000000000e+01
-1.760000000000e+00  4.040000000000e+00 -5.348160000000e+01
-1.760000000000e+00  4.120000000000e+00 -5.506880000000e+01
-1.760000000000e+00  4.200000000000e+00 -5.668160000000e+01
-1.760000000000e+00  4.280000000000e+00 -5.832000000000e+01
-1.760000000000e+00  4.360000000000e+00 -5.998400000000e+01
-1.760000000000e+00  4.440000000000e+00 -6.167360000000e+01
-1.760000000000e+00  4.520000000000e+00 -6.338880000000e+01
-1.760000000000e+00  4.600000000000e+00 -6.512960000000e+01
-1.760000000000e+00  4.680000000000e+00 -6.689600000000e+01
-1.760000000000e+00  4.760000000000e+00 -6.868800000000e+01
-1.760000000000e+00  4.840000000000e+00 -7.050560000000e+01
-1.760000000000e+00  4.920000000000e+00 -7.234880000000e+01
-1.760000000000e+00  5.000000000000e+00 -7.421760000000e+01

-1.680000000000e+00 -3.000000000000e+00 -1.410240000000e+01
-1.680000000000e+00 -2.920000000000e+00 -1.342400000000e+01
-1.680000000000e+00 -2.840000000000e+00 -1.277120000000e+01
-1.680000000000e+00 -2.760000000000e+00 -1.214400000000e+01
-1.680000000000e+00 -2.680000000000e+00 -1.154240000000e+01
-1.680000000000e+00 -2.600000000000e+00 -1.096640000000e+01
-1.680000000000e+00 -2.520000000000e+00 -1.041600000000e+01
-1.680000000000e+00 -2.440000000000e+00 -9.891200000000e+00
-1.680000000000e+00 -2.360000000000e+00 -9.392000000000e+00
-1.680000000000e+00 -2.280000000000e+00 -8.918400000000e+00
-1.680000000000e+00 -2.200000000000e+00 -8.470400000000e+00
-1.680000000000e+00 -2.120000000000e+00 -8.048000000000e+00
-1.680000000000e+00 -2.040000000000e+00 -7.651200000000e+00
-1.680000000000e+00 -1.960000000000e+00 -7.280000000000e+00
-1.680000000000e+00 -1.880000000000e+00 -6.934400000000e+00
-1.680000000000e+00 -1.800000000000e+00 -6.614400000000e+00
-1.680000000000e+00 -1.720000000000e+00 -6.320000000000e+00
-1.680000000000e+00 -1.640000000000e+00 -6.051200000000e+00
-1.680000000000e+00 -1.560000000000e+00 -5.808000000000e+00
-1.680000000000e+00 -1.480000000000e+00 -5.590400000000e+00
-1.680000000000e+00 -1.400000000000e+00 -5.398400000000e+00
-1.680000000000e+00 -1.320000000000e+00 -5.232000000000e+00
-1.680000000000e+00 -1.240000000000e+00 -5.091200000000e+00
-1.680000000000e+00 -1.160000000000e+00 -4.976000000000e+00
-1.680000000000e+00 -1.080000000000e+00 -4.886400000000e+00
-1.680000000000e+00 -1.000000000000e+00 -4.822400000000e+00
-1.680000000000e+00 -9.200000000000e-01 -4.784000000000e+00
-1.680000000000e+00 -8.400000000000e-01 -4.771200000000e+00
-1.680000000000e+00 -7.600000000000e-01 -4.784000000000e+00
-1.680000000000e+00 -6.800000000000e-01 -4.822400000000e+00
-1.680000000000e+00 -6.000000000000e-01 -4.886400000000e+00
-1.680000000000e+00 -5.200000000000e-01 -4.976000000000e+00
-1.680000000000e+00 -4.400000000000e-01 -5.091200000000e+00
-1.680000000000e+00 -3.600000000000e-01 -5.232000000000e+00
-1.680000000000e+00 -2.800000000000e-01 -5.398400000000e+00
-1.680000000000e+00 -2.000000000000e-01 -5.590400000000e+00
-1.680000000000e+00 -1.200000000000e-01 -5.808000000000e+00
-1.680000000000e+00 -4.000000000000e-02 -6.051200000000e+00
-1.680000000000e+00  4.000000000000e-02 -6.320000000000e+00
-1.680000000000e+00  1.200000000000e-01 -6.614400000000e+00
-1.680000000000e+00  2.000000000000e-01 -6.934400000000e+00
-1.680000000000e+00  2.800000000000e-01 -7.280000000000e+00
-1.680000000000e+00  3.600000000000e-01 -7.651200000000e+00
-1.680000000000e+00  4.400000000000e-01 -8.048000000000e+00
-1.680000000000e+00  5.200000000000e-01 -8.470400000000e+00
-1.680000000000e+00  6.000000000000e-01 -8.918400000000e+00
-1.680000000000e+00  6.800000000000e-01 -9.392000000000e+00
-1.680000000000e+00  7.600000000000e-01 -9.891200000000e+00
-1.680000000000e+00  8.400000000000e-01 -1.041600000000e+01
-1.680000000000e+00  9.200000000000e-01 -1.096640000000e+01
-1.680000000000e+00  1.000000000000e+00 -1.154240000000e+01
-1.680000000000e+00  1.080000000000e+00 -1.214400000000e+01
-1.680000000000e+00  1.160000000000e+00 -1.277120000000e+01
-1.680000000000e+00  1.240000000000e+00 -1.342400000000e+01
-1.680000000000e+00  1.320000000000e+00 -1.410240000000e+01
-1.680000000000e+00  1.400000000000e+00 -1.480640000000e+01
-1.680000000000e+00  1.480000000000e+00 -1.553600000000e+01
-1.680000000000e+00  1.560000000000e+00 -1.629120000000e+01
-1.680000000000e+00  1.640000000000e+00 -1.707200000000e+01
-1.680000000000e+00  1.720000000000e+00 -1.787840000000e+01
-1.680000000000e+00  1.800000000000e+00 -1.871040000000e+01
-1.680000000000e+00  1.880000000000e+00 -1.956800000000e+01
-1.680000000000e+00  1.960000000000e+00 -2.045120000000e+01
-1.680000000000e+00  2.040000000000e+00 -2.136000000000e+01
-1.680000000000e+00  2.120000000000e+00 -2.229440000000e+01
-1.680000000000e+00  2.200000000000e+00 -2.325440000000e+01
-1.680000000000e+00  2.280000000000e+00 -2.424000000000e+01
-1.680000000000e+00  2.360000000000e+00 -2.525120000000e+01
-1.680000000000e+00  2.440000000000e+00 -2.628800000000e+01
-1.680000000000e+00  2.520000000000e+00 -2.735040000000e+01
-1.680000000000e+00  2.600000000000e+00 -2.843840000000e+01
-1.680000000000e+00  2.680000000000e+00 -2.955200000000e+01
-1.680000000000e+00  2.760000000000e+00 -3.069120000000e+01
-1.680000000000e+00  2.840000000000e+00 -3.185600000000e+01
-1.680000000000e+00  2.920000000000e+00 -3.304640000000e+01
-1.680000000000e+00  3.000000000000e+00 -3.426240000000e+01
-1.680000000000e+00  3.080000000000e+00 -3.550400000000e+01
-1.680000000000e+00  3.160000000000e+00 -3.677120000000e+01
-1.680000000000e+00  3.240000000000e+00 -3.806400000000e+01
-1.680000000000e+00  3.320000000000e+00 -3.938240000000e+01
-1.680000000000e+00  3.400000000000e+00 -4.072640000000e+01
-1.680000000000e+00  3.480000000000e+00 -4.209600000000e+01
-1.680000000000e+00  3.560000000000e+00 -4.349120000000e+01
-1.680000000000e+00  3.640000000000e+00 -4.491200000000e+01
-1.680000000000e+00  3.720000000000e+00 -4.635840000000e+01
-1.680000000000e+00  3.800000000000e+00 -4.783040000000e+01
-1.680000000000e+00  3.880000000000e+00 -4.932800000000e+01
-1.680000000000e+00  3.960000000000e+00 -5.085120000000e+01
-1.680000000000e+00  4.040000000000e+00 -5.240000000000e+01
-1.680000000000e+00  4.120000000000e+00 -5.397440000000e+01
-1.680000000000e+00  4.200000000000e+00 -5.557440000000e+01
-1.680000000000e+00  4.280000000000e+00 -5.720000000000e+01
-1.680000000000e+00  4.360000000000e+00 -5.885120000000e+01
-1.680000000000e+00  4.440000000000e+00 -6.052800000000e+01
-1.680000000000e+00  4.520000000000e+00 -6.223040000000e+01
-1.680000000000e+00  4.600000000000e+00 -6.395840000000e+01
-1.680000000000e+00  4.680000000000e+00 -6.571200000000e+01
-1.680000000000e+00  4.760000000000e+00 -6.749120000000e+01
-1.680000000000e+00  4.840000000000e+00 -6.929600000000e+01
-1.680000000000e+00  4.920000000000e+00 -7.112640000000e+01
-1.680000000000e+00  5.000000000000e+00 -7.298240000000e+01

-1.600000000000e+00 -3.000000000000e+00 -1.416000000000e+01
-1.600000000000e+00 -2.920000000000e+00 -1.346880000000e+01
-1.600000000000e+00 -2.840000000000e+00 -1.280320000000e+01
-1.600000000000e+00 -2.760000000000e+00 -1.216320000000e+01
-1.600000000000e+00 -2.680000000000e+00 -1.154880000000e+01
-1.600000000000e+00 -2.600000000000e+00 -1.096000000000e+01
-1.600000000000e+00 -2.520000000000e+00 -1.039680000000e+01
-1.600000000000e+00 -2.440000000000e+00 -9.859200000000e+00
-1.600000000000e+00 -2.360000000000e+00 -9.347200000000e+00
-1.600000000000e+00 -2.280000000000e+00 -8.860800000000e+00
-1.600000000000e+00 -2.200000000000e+00 -8.400000000000e+00
-1.600000000000e+00 -2.120000000000e+00 -7.964800000000e+00
-1.600000000000e+00 -2.040000000000e+00 -7.555200000000e+00
-1.600000000000e+00 -1.960000000000e+00 -7.171200000000e+00
-1.600000000000e+00 -1.880000000000e+00 -6.812800000000e+00
-1.600000000000e+00 -1.800000000000e+00 -6.480000000000e+00
-1.600000000000e+00 -1.720000000000e+00 -6.172800000000e+00
-1.600000000000e+00 -1.640000000000e+00 -5.891200000000e+00
-1.600000000000e+00 -1.560000000000e+00 -5.635200000000e+00
-1.600000000000e+00 -1.480000000000e+00 -5.404800000000e+00
-1.600000000000e+00 -1.400000000000e+00 -5.200000000000e+00
-1.600000000000e+00 -1.320000000000e+00 -5.020800000000e+00
-1.600000000000e+00 -1.240000000000e+00 -4.867200000000e+00
-1.600000000000e+00 -1.160000000000e+00 -4.739200000000e+00
-1.600000000000e+00 -1.080000000000e+00 -4.636800000000e+00
-1.600000000000e+00 -1.000000000000e+00 -4.560000000000e+00
-1.600000000000e+00 -9.200000000000e-01 -4.508800000000e+00
-1.600000000000e+00 -8.400000000000e-01 -4.483200000000e+00
-1.600000000000e+00 -7.600000000000e-01 -4.483200000000e+00
-1.600000000000e+00 -6.800000000000e-01 -4.508800000000e+00
-1.600000000000e+00 -6.000000000000e-01 -4.560000000000e+00
-1.600000000000e+00 -5.200000000000e-01 -4.636800000000e+00
-1.600000000000e+00 -4.400000000000e-01 -4.739200000000e+00
-1.600000000000e+00 -3.600000000000e-01 -4.867200000000e+00
-1.600000000000e+00 -2.800000000000e-01 -5.020800000000e+00
-1.600000000000e+00 -2.000000000000e-01 -5.200000000000e+00
-1.600000000000e+00 -1.200000000000e-01 -5.404800000000e+00
-1.600000000000e+00 -4.000000000000e-02 -5.635200000000e+00
-1.600000000000e+00  4.000000000000e-02 -5.891200000000e+00
-1.600000000000e+00  1.200000000000e-01 -6.172800000000e+00
-1.600000000000e+00  2.000000000000e-01 -6.480000000000e+00
-1.600000000000e+00  2.800000000000e-01 -6.812800000000e+00
-1.600000000000e+00  3.600000000000e-01 -7.171200000000e+00
-1.600000000000e+00  4.400000000000e-01 -7.555200000000e+00
-1.600000000000e+00  5.200000000000e-01 -7.964800000000e+00
-1.600000000000e+00  6.000000000000e-01 -8.400000000000e+00
-1.600000000000e+00  6.800000000000e-01 -8.860800000000e+00
-1.600000000000e+00  7.600000000000e-01 -9.347200000000e+00
-1.600000000000e+00  8.400000000000e-01 -9.859200000000e+00
-1.600000000000e+00  9.200000000000e-01 -1.039680000000e+01
-1.600000000000e+00  1.000000000000e+00 -1.096000000000e+01
-1.600000000000e+00  1.080000000000e+00 -1.154880000000e+01
-1.600000000000e+00  1.160000000000e+00 -1.216320000000e+01
-1.600000000000e+00  1.240000000000e+00 -1.280320000000e+01
-1.600000000000e+00  1.320000000000e+00 -1.346880000000e+01
-1.600000000000e+00  1.400000000000e+00 -1.416000000000e+01
-1.600000000000e+00  1.480000000000e+00 -1.487680000000e+01
-1.600000000000e+00  1.560000000000e+00 -1.561920000000e+01
-1.600000000000e+00  1.640000000000e+00 -1.638720000000e+01
-1.600000000000e+00  1.720000000000e+00 -1.718080000000e+01
-1.600000000000e+00  1.800000000000e+00 -1.800000000000e+01
-1.600000000000e+00  1.880000000000e+00 -1.884480000000e+01
-1.600000000000e+00  1.960000000000e+00 -1.971520000000e+01
-1.600000000000e+00  2.040000000000e+00 -2.061120000000e+01
-1.600000000000e+00  2.120000000000e+00 -2.153280000000e+01
-1.600000000000e+00  2.200000000000e+00 -2.248000000000e+01
-1.600000000000e+00  2.280000000000e+00 -2.345280000000e+01
-1.600000000000e+00  2.360000000000e+00 -2.445120000000e+01
-1.600000000000e+00  2.440000000000e+00 -2.547520000000e+01
-1.600000000000e+00  2.520000000000e+00 -2.652480000000e+01
-1.600000000000e+00  2.600000000000e+00 -2.760000000000e+01
-1.600000000000e+00  2.680000000000e+00 -2.870080000000e+01
-1.600000000000e+00  2.760000000000e+00 -2.982720000000e+01
-1.600000000000e+00  2.840000000000e+00 -3.097920000000e+01
-1.600000000000e+00  2.920000000000e+00 -3.215680000000e+01
-1.600000000000e+00  3.000000000000e+00 -3.336000000000e+01
-1.600000000000e+00  3.080000000000e+00 -3.458880000000e+01
-1.600000000000e+00  3.160000000000e+00 -3.584320000000e+01
-1.600000000000e+00  3.240000000000e+00 -3.712320000000e+01
-1.600000000000e+00  3.320000000000e+00 -3.842880000000e+01
-1.600000000000e+00  3.400000000000e+00 -3.976000000000e+01
-1.600000000000e+00  3.480000000000e+00 -4.111680000000e+01
-1.600000000000e+00  3.560000000000e+00 -4.249920000000e+01
-1.600000000000e+00  3.640000000000e+00 -4.390720000000e+01
-1.600000000000e+00  3.720000000000e+00 -4.534080000000e+01
-1.600000000000e+00  3.800000000000e+00 -4.680000000000e+01
-1.600000000000e+00  3.880000000000e+00 -4.828480000000e+01
-1.600000000000e+00  3.960000000000e+00 -4.979520000000e+01
-1.600000000000e+00  4.040000000000e+00 -5.133120000000e+01
-1.600000000000e+00  4.120000000000e+00 -5.289280000000e+01
-1.600000000000e+00  4.200000000000e+00 -5.448000000000e+01
-1.600000000000e+00  4.280000000000e+00 -5.609280000000e+01
-1.600000000000e+00  4.360000000000e+00 -5.773120000000e+01
-1.600000000000e+00  4.440000000000e+00 -5.939520000000e+01
-1.600000000000e+00  4.520000000000e+00 -6.108480000000e+01
-1.600000000000e+00  4.600000000000e+00 -6.280000000000e+01
-1.600000000000e+00  4.680000000000e+00 -6.454080000000e+01
-1.600000000000e+00  4.760000000000e+00 -6.630720000000e+01
-1.600000000000e+00  4.840000000000e+00 -6.809920000000e+01
-1.600000000000e+00  4.920000000000e+00 -6.991680000000e+01
-1.600000000000e+00  5.000000000000e+00 -7.176000000000e+01

-1.520000000000e+00 -3.000000000000e+00 -1.423040000000e+01
-1.520000000000e+00 -2.920000000000e+00 -1.352640000000e+01
-1.520000000000e+00 -2.840000000000e+00 -1.284800000000e+01
-1.520000000000e+00 -2.760000000000e+00 -1.219520000000e+01
-1.520000000000e+00 -2.680000000000e+00 -1.156800000000e+01
-1.520000000000e+00 -2.600000000000e+00 -1.096640000000e+01
-1.520000000000e+00 -2.520000000000e+00 -1.039040000000e+01
-1.520000000000e+00 -2.440000000000e+00 -9.840000000000e+00
-1.520000000000e+00 -2.360000000000e+00 -9.315200000000e+00
-1.520000000000e+00 -2.280000000000e+00 -8.816000000000e+00
-1.520000000000e+00 -2.200000000000e+00 -8.342400000000e+00
-1.520000000000e+00 -2.120000000000e+00 -7.894400000000e+00
-1.520000000000e+00 -2.040000000000e+00 -7.472000000000e+00
-1.520000000000e+00 -1.960000000000e+00 -7.075200000000e+00
-1.520000000000e+00 -1.880000000000e+00 -6.704000000000e+00
-1.520000000000e+00 -1.800000000000e+00 -6.358400000000e+00
-1.520000000000e+00 -1.720000000000e+00 -6.038400000000e+00
-1.520000000000e+00 -1.640000000000e+00 -5.744000000000e+00
-1.520000000000e+00 -1.560000000000e+00 -5.475200000000e+00
-1.520000000000e+00 -1.480000000000e+00 -5.232000000000e+00
-1.520000000000e+00 -1.400000000000e+00 -5.014400000000e+00
-1.520000000000e+00 -1.320000000000e+00 -4.822400000000e+00
-1.520000000000e+00 -1.240000000000e+00 -4.656000000000e+00
-1.520000000000e+00 -1.160000000000e+00 -4.515200000000e+00
-1.520000000000e+00 -1.080000000000e+00 -4.400000000000e+00
-1.520000000000e+00 -1.000000000000e+00 -4.310400000000e+00
-1.520000000000e+00 -9.200000000000e-01 -4.246400000000e+00
-1.520000000000e+00 -8.400000000000e-01 -4.208000000000e+00
-1.520000000000e+00 -7.600000000000e-01 -4.195200000000e+00
-1.520000000000e+00 -6.800000000000e-01 -4.208000000000e+00
-1.520000000000e+00 -6.000000000000e-01 -4.246400000000e+00
-1.520000000000e+00 -5.200000000000e-01 -4.310400000000e+00
-1.520000000000e+00 -4.400000000000e-01 -4.400000000000e+00
-1.520000000000e+00 -3.600000000000e-01 -4.515200000000e+00
-1.520000000000e+00 -2.800000000000e-01 -4.656000000000e+00
-1.520000000000e+00 -2.000000000000e-01 -4.822400000000e+00
-1.520000000000e+00 -1.200000000000e-01 -5.014400000000e+00
-1.520000000000e+00 -4.000000000000e-02 -5.232000000000e+00
-1.520000000000e+00  4.000000000000e-02 -5.475200000000e+00
-1.520000000000e+00  1.200000000000e-01 -5.744000000000e+00
-1.520000000000e+00  2.000000000000e-01 -6.038400000000e+00
-1.520000000000e+00  2.800000000000e-01 -6.358400000000e+00
-1.520000000000e+00  3.600000000000e-01 -6.704000000000e+00
-1.520000000000e+00  4.400000000000e-01 -7.075200000000e+00
-1.520000000000e+00  5.200000000000e-01 -7.472000000000e+00
-1.520000000000e+00  6.000000000000e-01 -7.894400000000e+00
-1.520000000000e+00  6.800000000000e-01 -8.342400000000e+00
-1.520000000000e+00  7.600000000000e-01 -8.816000000000e+00
-1.520000000000e+00  8.400000000000e-01 -9.315200000000e+00
-1.520000000000e+00  9.200000000000e-01 -9.840000000000e+00
-1.520000000000e+00  1.000000000000e+00 -1.039040000000e+01
-1.520000000000e+00  1.080000000000e+00 -1.096640000000e+01
-1.520000000000e+00  1.160000000000e+00 -1.156800000000e+01
-1.520000000000e+00  1.240000000000e+00 -1.219520000000e+01
-1.520000000000e+00  1.320000000000e+00 -1.284800000000e+01
-1.520000000000e+00  1.400000000000e+00 -1.352640000000e+01
-1.520000000000e+00  1.480000000000e+00 -1.423040000000e+01
-1.520000000000e+00  1.560000000000e+00 -1.496000000000e+01
-1.520000000000e+00  1.640000000000e+00 -1.571520000000e+01
-1.520000000000e+00  1.720000000000e+00 -1.649600000000e+01
-1.520000000000e+00  1.800000000000e+00 -1.730240000000e+01
-1.520000000000e+00  1.880000000000e+00 -1.813440000000e+01
-1.520000000000e+00  1.960000000000e+00 -1.899200000000e+01
-1.520000000000e+00  2.040000000000e+00 -1.987520000000e+01
-1.520000000000e+00  2.120000000000e+00 -2.078400000000e+01
-1.520000000000e+00  2.200000000000e+00 -2.171840000000e+01
-1.520000000000e+00  2.280000000000e+00 -2.267840000000e+01
-1.520000000000e+00  2.360000000000e+00 -2.366400000000e+01
-1.520000000000e+00  2.440000000000e+00 -2.467520000000e+01
-1.520000000000e+00  2.520000000000e+00 -2.571200000000e+01
-1.520000000000e+00  2.600000000000e+00 -2.677440000000e+01
-1.520000000000e+00  2.680000000000e+00 -2.786240000000e+01
-1.520000000000e+00  2.760000000000e+00 -2.897600000000e+01
-1.520000000000e+00  2.840000000000e+00 -3.011520000000e+01
-1.520000000000e+00  2.920000000000e+00 -3.128000000000e+01
-1.520000000000e+00  3.000000000000e+00 -3.247040000000e+01
-1.520000000000e+00  3.080000000000e+00 -3.368640000000e+01
-1.520000000000e+00  3.160000000000e+00 -3.492800000000e+01
-1.520000000000e+00  3.240000000000e+00 -3.619520000000e+01
-1.520000000000e+00  3.320000000000e+00 -3.748800000000e+01
-1.520000000000e+00  3.400000000000e+00 -3.880640000000e+01
-1.520000000000e+00  3.480000000000e+00 -4.015040000000e+01
-1.520000000000e+00  3.560000000000e+00 -4.152000000000e+01
-1.520000000000e+00  3.640000000000e+00 -4.291520000000e+01
-1.520000000000e+00  3.720000000000e+00 -4.433600000000e+01
-1.520000000000e+00  3.800000000000e+00 -4.578240000000e+01
-1.520000000000e+00  3.880000000000e+00 -4.725440000000e+01
-1.520000000000e+00  3.960000000000e+00 -4.875200000000e+01
-1.520000000000e+00  4.040000000000e+00 -5.027520000000e+01
-1.520000000000e+00  4.120000000000e+00 -5.182400000000e+01
-1.520000000000e+00  4.200000000000e+00 -5.339840000000e+01
-1.520000000000e+00  4.280000000000e+00 -5.499840000000e+01
-1.520000000000e+00  4.360000000000e+00 -5.662400000000e+01
-1.520000000000e+00  4.440000000000e+00 -5.827520000000e+01
-1.520000000000e+00  4.520000000000e+00 -5.995200000000e+01
-1.520000000000e+00  4.600000000000e+00 -6.165440000000e+01
-1.520000000000e+00  4.680000000000e+00 -6.338240000000e+01
-1.520000000000e+00  4.760000000000e+00 -6.513600000000e+01
-1.520000000000e+00  4.840000000000e+00 -6.691520000000e+01
-1.520000000000e+00  4.920000000000e+00 -6.872000000000e+01
-1.520000000000e+00  5.000000000000e+00 -7.055040000000e+01

-1.440000000000e+00 -3.000000000000e+00 -1.431360000000e+01
-1.440000000000e+00 -2.920000000000e+00 -1.359680000000e+01
-1.440000000000e+00 -2.840000000000e+00 -1.290560000000e+01
-1.440000000000e+00 -2.760000000000e+00 -1.224000000000e+01
-1.440000000000e+00 -2.680000000000e+00 -1.160000000000e+01
-1.440000000000e+00 -2.600000000000e+00 -1.098560000000e+01
-1.440000000000e+00 -2.520000000000e+00 -1.039680000000e+01
-1.440000000000e+00 -2.440000000000e+00 -9.833600000000e+00
-1.440000000000e+00 -2.360000000000e+00 -9.296000000000e+00
-1.440000000000e+00 -2.280000000000e+00 -8.784000000000e+00
-1.440000000000e+00 -2.200000000000e+00 -8.297600000000e+00
-1.440000000000e+00 -2.120000000000e+00 -7.836800000000e+00
-1.440000000000e+00 -2.040000000000e+00 -7.401600000000e+00
-1.440000000000e+00 -1.960000000000e+00 -6.992000000000e+00
-1.440000000000e+00 -1.880000000000e+00 -6.608000000000e+00
-1.440000000000e+00 -1.800000000000e+00 -6.249600000000e+00
-1.440000000000e+00 -1.720000000000e+00 -5.916800000000e+00
-1.440000000000e+00 -1.640000000000e+00 -5.609600000000e+00
-1.440000000000e+00 -1.560000000000e+00 -5.328000000000e+00
-1.440000000000e+00 -1.480000000000e+00 -5.072000000000e+00
-1.440000000000e+00 -1.400000000000e+00 -4.841600000000e+00
-1.440000000000e+00 -1.320000000000e+00 -4.636800000000e+00
-1.440000000000e+00 -1.240000000000e+00 -4.457600000000e+00
-1.440000000000e+00 -1.160000000000e+00 -4.304000000000e+00
-1.440000000000e+00 -1.080000000000e+00 -4.176000000000e+00
-1.440000000000e+00 -1.000000000000e+00 -4.073600000000e+00
-1.440000000000e+00 -9.200000000000e-01 -3.996800000000e+00
-1.440000000000e+00 -8.400000000000e-01 -3.945600000000e+00
-1.440000000000e+00 -7.600000000000e-01 -3.920000000000e+00
-1.440000000000e+00 -6.800000000000e-01 -3.920000000000e+00
-1.440000000000e+00 -6.000000000000e-01 -3.945600000000e+00
-1.440000000000e+00 -5.200000000000e-01 -3.996800000000e+00
-1.440000000000e+00 -4.400000000000e-01 -4.073600000000e+00
-1.440000000000e+00 -3.600000000000e-01 -4.176000000000e+00
-1.440000000000e+00 -2.800000000000e-01 -4.304000000000e+00
-1.440000000000e+00 -2.000000000000e-01 -4.457600000000e+00
-1.440000000000e+00 -1.200000000000e-01 -4.636800000000e+00
-1.440000000000e+00 -4.000000000000e-02 -4.841600000000e+00
-1.440000000000e+00  4.000000000000e-02 -5.072000000000e+00
-1.440000000000e+00  1.200000000000e-01 -5.328000000000e+00
-1.440000000000e+00  2.000000000000e-01 -5.609600000000e+00
-1.440000000000e+00  2.800000000000e-01 -5.916800000000e+00
-1.440000000000e+00  3.600000000000e-01 -6.249600000000e+00
-1.440000000000e+00  4.400000000000e-01 -6.608000000000e+00
-1.440000000000e+00  5.200000000000e-01 -6.992000000000e+00
-1.440000000000e+00  6.000000000000e-01 -7.401600000000e+00
-1.440000000000e+00  6.800000000000e-01 -7.836800000000e+00
-1.440000000000e+00  7.600000000000e-01 -8.297600000000e+00
-1.440000000000e+00  8.400000000000e-01 -8.784000000000e+00
-1.440000000000e+00  9.200000000000e-01 -9.296000000000e+00
-1.440000000000e+00  1.000000000000e+00 -9.833600000000e+00
-1.440000000000e+00  1.080000000000e+00 -1.039680000000e+01
-1.440000000000e+00  1.160000000000e+00 -1.098560000000e+01
-1.440000000000e+00  1.240000000000e+00 -1.160000000000e+01
-1.440000000000e+00  1.320000000000e+00 -1.224000000000e+01
-1.440000000000e+00  1.400000000000e+00 -1.290560000000e+01
-1.440000000000e+00  1.480000000000e+00 -1.359680000000e+01
-1.440000000000e+00  1.560000000000e+00 -1.431360000000e+01
-1.440000000000e+00  1.640000000000e+00 -1.505600000000e+01
-1.440000000000e+00  1.720000000000e+00 -1.582400000000e+01
-1.440000000000e+00  1.800000000000e+00 -1.661760000000e+01
-1.440000000000e+00  1.880000000000e+00 -1.743680000000e+01
-1.440000000000e+00  1.960000000000e+00 -1.828160000000e+01
-1.440000000000e+00  2.040000000000e+00 -1.915200000000e+01
-1.440000000000e+00  2.120000000000e+00 -2.004800000000e+01
-1.440000000000e+00  2.200000000000e+00 -2.096960000000e+01
-1.440000000000e+00  2.280000000000e+00 -2.191680000000e+01
-1.440000000000e+00  2.360000000000e+00 -2.288960000000e+01
-1.440000000000e+00  2.440000000000e+00 -2.388800000000e+01
-1.440000000000e+00  2.520000000000e+00 -2.491200000000e+01
-1.440000000000e+00  2.600000000000e+00 -2.596160000000e+01
-1.440000000000e+00  2.680000000000e+00 -2.703680000000e+01
-1.440000000000e+00  2.760000000000e+00 -2.813760000000e+01
-1.440000000000e+00  2.840000000000e+00 -2.926400000000e+01
-1.440000000000e+00  2.920000000000e+00 -3.041600000000e+01
-1.440000000000e+00  3.000000000000e+00 -3.159360000000e+01
-1.440000000000e+00  3.080000000000e+00 -3.279680000000e+01
-1.440000000000e+00  3.160000000000e+00 -3.402560000000e+01
-1.440000000000e+00  3.240000000000e+00 -3.528000000000e+01
-1.440000000000e+00  3.320000000000e+00 -3.656000000000e+01
-1.440000000000e+00  3.400000000000e+00 -3.786560000000e+01
-1.440000000000e+00  3.480000000000e+00 -3.919680000000e+01
-1.440000000000e+00  3.560000000000e+00 -4.055360000000e+01
-1.440000000000e+00  3.640000000000e+00 -4.193600000000e+01
-1.440000000000e+00  3.720000000000e+00 -4.334400000000e+01
-1.440000000000e+00  3.800000000000e+00 -4.477760000000e+01
-1.440000000000e+00  3.880000000000e+00 -4.623680000000e+01
-1.440000000000e+00  3.960000000000e+00 -4.772160000000e+01
-1.440000000000e+00  4.040000000000e+00 -4.923200000000e+01
-1.440000000000e+00  4.120000000000e+00 -5.076800000000e+01
-1.440000000000e+00  4.200000000000e+00 -5.232960000000e+01
-1.440000000000e+00  4.280000000000e+00 -5.391680000000e+01
-1.440000000000e+00  4.360000000000e+00 -5.552960000000e+01
-1.440000000000e+00  4.440000000000e+00 -5.716800000000e+01
-1.440000000000e+00  4.520000000000e+00 -5.883200000000e+01
-1.440000000000e+00  4.600000000000e+00 -6.052160000000e+01
-1.440000000000e+00  4.680000000000e+00 -6.223680000000e+01
-1.440000000000e+00  4.760000000000e+00 -6.397760000000e+01
-1.440000000000e+00  4.840000000000e+00 -6.574400000000e+01
-1.440000000000e+00  4.920000000000e+00 -6.753600000000e+01
-1.440000000000e+00  5.000000000000e+00 -6.935360000000e+01

-1.360000000000e+00 -3.000000000000e+00 -1.440960000000e+01
-1.360000000000e+00 -2.920000000000e+00 -1.368000000000e+01
-1.360000000000e+00 -2.840000000000e+00 -1.297600000000e+01
-1.360000000000e+00 -2.760000000000e+00 -1.229760000000e+01
-1.360000000000e+00 -2.680000000000e+00 -1.164480000000e+01
-1.360000000000e+00 -2.600000000000e+00 -1.101760000000e+01
-1.360000000000e+00 -2.520000000000e+00 -1.041600000000e+01
-1.360000000000e+00 -2.440000000000e+00 -9.840000000000e+00
-1.360000000000e+00 -2.360000000000e+00 -9.289600000000e+00
-1.360000000000e+00 -2.280000000000e+00 -8.764800000000e+00
-1.360000000000e+00 -2.200000000000e+00 -8.265600000000e+00
-1.360000000000e+00 -2.120000000000e+00 -7.792000000000e+00
-1.360000000000e+00 -2.040000000000e+00 -7.344000000000e+00
-1.360000000000e+00 -1.960000000000e+00 -6.921600000000e+00
-1.360000000000e+00 -1.880000000000e+00 -6.524800000000e+00
-1.360000000000e+00 -1.800000000000e+00 -6.153600000000e+00
-1.360000000000e+00 -1.720000000000e+00 -5.808000000000e+00
-1.360000000000e+00 -1.640000000000e+00 -5.488000000000e+00
-1.360000000000e+00 -1.560000000000e+00 -5.193600000000e+00
-1.360000000000e+00 -1.480000000000e+00 -4.924800000000e+00
-1.360000000000e+00 -1.400000000000e+00 -4.681600000000e+00
-1.360000000000e+00 -1.320000000000e+00 -4.464000000000e+00
-1.360000000000e+00 -1.240000000000e+00 -4.272000000000e+00
-1.360000000000e+00 -1.160000000000e+00 -4.105600000000e+00
-1.360000000000e+00 -1.080000000000e+00 -3.964800000000e+00
-1.360000000000e+00 -1.000000000000e+00 -3.849600000000e+00
-1.360000000000e+00 -9.200000000000e-01 -3.760000000000e+00
-1.360000000000e+00 -8.400000000000e-01 -3.696000000000e+00
-1.360000000000e+00 -7.600000000000e-01 -3.657600000000e+00
-1.360000000000e+00 -6.800000000000e-01 -3.644800000000e+00
-1.360000000000e+00 -6.000000000000e-01 -3.657600000000e+00
-1.360000000000e+00 -5.200000000000e-01 -3.696000000000e+00
-1.360000000000e+00 -4.400000000000e-01 -3.760000000000e+00
-1.360000000000e+00 -3.600000000000e-01 -3.849600000000e+00
-1.360000000000e+00 -2.800000000000e-01 -3.964800000000e+00
-1.360000000000e+00 -2.000000000000e-01 -4.105600000000e+00
-1.360000000000e+00 -1.200000000000e-01 -4.272000000000e+00
-1.360000000000e+00 -4.000000000000e-02 -4.464000000000e+00
-1.360000000000e+00  4.000000000000e-02 -4.681600000000e+00
-1.360000000000e+00  1.200000000000e-01 -4.924800000000e+00
-1.360000000000e+00  2.000000000000e-01 -5.193600000000e+00
-1.360000000000e+00  2.800000000000e-01 -5.488000000000e+00
-1.360000000000e+00  3.600000000000e-01 -5.808000000000e+00
-1.360000000000e+00  4.400000000000e-01 -6.153600000000e+00
-1.360000000000e+00  5.200000000000e-01 -6.524800000000e+00
-1.360000000000e+00  6.000000000000e-01 -6.921600000000e+00
-1.360000000000e+00  6.800000000000e-01 -7.344000000000e+00
-1.360000000000e+00  7.600000000000e-01 -7.792000000000e+00
-1.360000000000e+00  8.400000000000e-01 -8.265600000000e+00
-1.360000000000e+00  9.200000000000e-01 -8.764800000000e+00
-1.360000000000e+00  1.000000000000e+00 -9.289600000000e+00
-1.360000000000e+00  1.080000000000e+00 -9.840000000000e+00
-1.360000000000e+00  1.160000000000e+00 -1.041600000000e+01
-1.360000000000e+00  1.240000000000e+00 -1.101760000000e+01
-1.360000000000e+00  1.320000000000e+00 -1.164480000000e+01
-1.360000000000e+00  1.400000000000e+00 -1.229760000000e+01
-1.360000000000e+00  1.480000000000e+00 -1.297600000000e+01
-1.360000000000e+00  1.560000000000e+00 -1.368000000000e+01
-1.360000000000e+00  1.640000000000e+00 -1.440960000000e+01
-1.360000000000e+00  1.720000000000e+00 -1.516480000000e+01
-1.360000000000e+00  1.800000000000e+00 -1.594560000000e+01
-1.360000000000e+00  1.880000000000e+00 -1.675200000000e+01
-1.360000000000e+00  1.960000000000e+00 -1.758400000000e+01
-1.360000000000e+00  2.040000000000e+00 -1.844160000000e+01
-1.360000000000e+00  2.120000000000e+00 -1.932480000000e+01
-1.360000000000e+00  2.200000000000e+00 -2.023360000000e+01
-1.360000000000e+00  2.280000000000e+00 -2.116800000000e+01
-1.360000000000e+00  2.360000000000e+00 -2.212800000000e+01
-1.360000000000e+00  2.440000000000e+00 -2.311360000000e+01
-1.360000000000e+00  2.520000000000e+00 -2.412480000000e+01
-1.360000000000e+00  2.600000000000e+00 -2.516160000000e+01
-1.360000000000e+00  2.680000000000e+00 -2.622400000000e+01
-1.360000000000e+00  2.760000000000e+00 -2.731200000000e+01
-1.360000000000e+00  2.840000000000e+00 -2.842560000000e+01
-1.360000000000e+00  2.920000000000e+00 -2.956480000000e+01
-1.360000000000e+00  3.000000000000e+00 -3.072960000000e+01
-1.360000000000e+00  3.080000000000e+00 -3.192000000000e+01
-1.360000000000e+00  3.160000000000e+00 -3.313600000000e+01
-1.360000000000e+00  3.240000000000e+00 -3.437760000000e+01
-1.360000000000e+00  3.320000000000e+00 -3.564480000000e+01
-1.360000000000e+00  3.400000000000e+00 -3.693760000000e+01
-1.360000000000e+00  3.480000000000e+00 -3.825600000000e+01
-1.360000000000e+00  3.560000000000e+00 -3.960000000000e+01
-1.360000000000e+00  3.640000000000e+00 -4.096960000000e+01
-1.360000000000e+00  3.720000000000e+00 -4.236480000000e+01
-1.360000000000e+00  3.800000000000e+00 -4.378560000000e+01
-1.360000000000e+00  3.880000000000e+00 -4.523200000000e+01
-1.360000000000e+00  3.960000000000e+00 -4.670400000000e+01
-1.360000000000e+00  4.040000000000e+00 -4.820160000000e+01
-1.360000000000e+00  4.120000000000e+00 -4.972480000000e+01
-1.360000000000e+00  4.200000000000e+00 -5.127360000000e+01
-1.360000000000e+00  4.280000000000e+00 -5.284800000000e+01
-1.360000000000e+00  4.360000000000e+00 -5.444800000000e+01
-1.360000000000e+00  4.440000000000e+00 -5.607360000000e+01
-1.360000000000e+00  4.520000000000e+00 -5.772480000000e+01
-1.360000000000e+00  4.600000000000e+00 -5.940160000000e+01
-1.360000000000e+00  4.680000000000e+00 -6.110400000000e+01
-1.360000000000e+00  4.760000000000e+00 -6.283200000000e+01
-1.360000000000e+00  4.840000000000e+00 -6.458560000000e+01
-1.360000000000e+00  4.920000000000e+00 -6.636480000000e+01
-1.360000000000e+00  5.000000000000e+00 -6.816960000000e+01

-1.280000000000e+00 -3.000000000000e+00 -1.451840000000e+01
-1.280000000000e+00 -2.920000000000e+00 -1.377600000000e+01
-1.280000000000e+00 -2.840000000000e+00 -1.305920000000e+01
-1.280000000000e+00 -2.760000000000e+00 -1.236800000000e+01
-1.280000000000e+00 -2.680000000000e+00 -1.170240000000e+01
-1.280000000000e+00 -2.600000000000e+00 -1.106240000000e+01
-1.280000000000e+00 -2.520000000000e+00 -1.044800000000e+01
-1.280000000000e+00 -2.440000000000e+00 -9.859200000000e+00
-1.280000000000e+00 -2.360000000000e+00 -9.296000000000e+00
-1.280000000000e+00 -2.280000000000e+00 -8.758400000000e+00
-1.280000000000e+00 -2.200000000000e+00 -8.246400000000e+00
-1.280000000000e+00 -2.120000000000e+00 -7.760000000000e+00
-1.280000000000e+00 -2.040000000000e+00 -7.299200000000e+00
-1.280000000000e+00 -1.960000000000e+00 -6.864000000000e+00
-1.280000000000e+00 -1.880000000000e+00 -6.454400000000e+00
-1.280000000000e+00 -1.800000000000e+00 -6.070400000000e+00
-1.280000000000e+00 -1.720000000000e+00 -5.712000000000e+00
-1.280000000000e+00 -1.640000000000e+00 -5.379200000000e+00
-1.280000000000e+00 -1.560000000000e+00 -5.072000000000e+00
-1.280000000000e+00 -1.480000000000e+00 -4.790400000000e+00
-1.280000000000e+00 -1.400000000000e+00 -4.534400000000e+00
-1.280000000000e+00 -1.320000000000e+00 -4.304000000000e+00
-1.280000000000e+00 -1.240000000000e+00 -4.099200000000e+00
-1.280000000000e+00 -1.160000000000e+00 -3.920000000000e+00
-1.280000000000e+00 -1.080000000000e+00 -3.766400000000e+00
-1.280000000000e+00 -1.000000000000e+00 -3.638400000000e+00
-1.280000000000e+00 -9.200000000000e-01 -3.536000000000e+00
-1.280000000000e+00 -8.400000000000e-01 -3.459200000000e+00
-1.280000000000e+00 -7.600000000000e-01 -3.408000000000e+00
-1.280000000000e+00 -6.800000000000e-01 -3.382400000000e+00
-1.280000000000e+00 -6.000000000000e-01 -3.382400000000e+00
-1.280000000000e+00 -5.200000000000e-01 -3.408000000000e+00
-1.280000000000e+00 -4.400000000000e-01 -3.459200000000e+00
-1.280000000000e+00 -3.600000000000e-01 -3.536000000000e+00
-1.280000000000e+00 -2.800000000000e-01 -3.638400000000e+00
-1.280000000000e+00 -2.000000000000e-01 -3.766400000000e+00
-1.280000000000e+00 -1.200000000000e-01 -3.920000000000e+00
-1.280000000000e+00 -4.000000000000e-02 -4.099200000000e+00
-1.280000000000e+00  4.000000000000e-02 -4.304000000000e+00
-1.280000000000e+00  1.200000000000e-01 -4.534400000000e+00
-1.280000000000e+00  2.000000000000e-01 -4.790400000000e+00
-1.280000000000e+00  2.800000000000e-01 -5.072000000000e+00
-1.280000000000e+00  3.600000000000e-01 -5.379200000000e+00
-1.280000000000e+00  4.400000000000e-01 -5.712000000000e+00
-1.280000000000e+00  5.200000000000e-01 -6.070400000000e+00
-1.280000000000e+00  6.000000000000e-01 -6.454400000000e+00
-1.280000000000e+00  6.800000000000e-01 -6.864000000000e+00
-1.280000000000e+00  7.600000000000e-01 -7.299200000000e+00
-1.280000000000e+00  8.400000000000e-01 -7.760000000000e+00
-1.280000000000e+00  9.200000000000e-01 -8.246400000000e+00
-1.280000000000e+00  1.000000000000e+00 -8.758400000000e+00
-1.280000000000e+00  1.080000000000e+00 -9.296000000000e+00
-1.280000000000e+00  1.160000000000e+00 -9.859200000000e+00
-1.280000000000e+00  1.240000000000e+00 -1.044800000000e+01
-1.280000000000e+00  1.320000000000e+00 -1.106240000000e+01
-1.280000000000e+00  1.400000000000e+00 -1.170240000000e+01
-1.280000000000e+00  1.480000000000e+00 -1.236800000000e+01
-1.280000000000e+00  1.560000000000e+00 -1.305920000000e+01
-1.280000000000e+00  1.640000000000e+00 -1.377600000000e+01
-1.280000000000e+00  1.720000000000e+00 -1.451840000000e+01
-1.280000000000e+00  1.800000000000e+00 -1.528640000000e+01
-1.280000000000e+00  1.880000000000e+00 -1.608000000000e+01
-1.280000000000e+00  1.960000000000e+00 -1.689920000000e+01
-1.280000000000e+00  2.040000000000e+00 -1.774400000000e+01
-1.280000000000e+00  2.120000000000e+00 -1.861440000000e+01
-1.280000000000e+00  2.200000000000e+00 -1.951040000000e+01
-1.280000000000e+00  2.280000000000e+00 -2.043200000000e+01
-1.280000000000e+00  2.360000000000e+00 -2.137920000000e+01
-1.280000000000e+00  2.440000000000e+00 -2.235200000000e+01
-1.280000000000e+00  2.520000000000e+00 -2.335040000000e+01
-1.280000000000e+00  2.600000000000e+00 -2.437440000000e+01
-1.280000000000e+00  2.680000000000e+00 -2.542400000000e+01
-1.280000000000e+00  2.760000000000e+00 -2.649920000000e+01
-1.280000000000e+00  2.840000000000e+00 -2.760000000000e+01
-1.280000000000e+00  2.920000000000e+00 -2.872640000000e+01
-1.280000000000e+00  3.000000000000e+00 -2.987840000000e+01
-1.280000000000e+00  3.080000000000e+00 -3.105600000000e+01
-1.280000000000e+00  3.160000000000e+00 -3.225920000000e+01
-1.280000000000e+00  3.240000000000e+00 -3.348800000000e+01
-1.280000000000e+00  3.320000000000e+00 -3.474240000000e+01
-1.280000000000e+00  3.400000000000e+00 -3.602240000000e+01
-1.280000000000e+00  3.480000000000e+00 -3.732800000000e+01
-1.280000000000e+00  3.560000000000e+00 -3.865920000000e+01
-1.280000000000e+00  3.640000000000e+00 -4.001600000000e+01
-1.280000000000e+00  3.720000000000e+00 -4.139840000000e+01
-1.280000000000e+00  3.800000000000e+00 -4.280640000000e+01
-1.280000000000e+00  3.880000000000e+00 -4.424000000000e+01
-1.280000000000e+00  3.960000000000e+00 -4.569920000000e+01
-1.280000000000e+00  4.040000000000e+00 -4.718400000000e+01
-1.280000000000e+00  4.120000000000e+00 -4.869440000000e+01
-1.280000000000e+00  4.200000000000e+00 -5.023040000000e+01
-1.280000000000e+00  4.280000000000e+00 -5.179200000000e+01
-1.280000000000e+00  4.360000000000e+00 -5.337920000000e+01
-1.280000000000e+00  4.440000000000e+00 -5.499200000000e+01
-1.280000000000e+00  4.520000000000e+00 -5.663040000000e+01
-1.280000000000e+00  4.600000000000e+00 -5.829440000000e+01
-1.280000000000e+00  4.680000000000e+00 -5.998400000000e+01
-1.280000000000e+00  4.760000000000e+00 -6.169920000000e+01
-1.280000000000e+00  4.840000000000e+00 -6.344000000000e+01
-1.280000000000e+00  4.920000000000e+00 -6.520640000000e+01
-1.280000000000e+00  5.000000000000e+00 -6.699840000000e+01

-1.200000000000e+00 -3.000000000000e+00 -1.464000000000e+01
-1.200000000000e+00 -2.920000000000e+00 -1.388480000000e+01
-1.200000000000e+00 -2.840000000000e+00 -1.315520000000e+01
-1.200000000000e+00 -2.760000000000e+00 -1.245120000000e+01
-1.200000000000e+00 -2.680000000000e+00 -1.177280000000e+01
-1.200000000000e+00 -2.600000000000e+00 -1.112000000000e+01
-1.200000000000e+00 -2.520000000000e+00 -1.049280000000e+01
-1.200000000000e+00 -2.440000000000e+00 -9.891200000000e+00
-1.200000000000e+00 -2.360000000000e+00 -9.315200000000e+00
-1.200000000000e+00 -2.280000000000e+00 -8.764800000000e+00
-1.200000000000e+00 -2.200000000000e+00 -8.240000000000e+00
-1.200000000000e+00 -2.120000000000e+00 -7.740800000000e+00
-1.200000000000e+00 -2.040000000000e+00 -7.267200000000e+00
-1.200000000000e+00 -1.960000000000e+00 -6.819200000000e+00
-1.200000000000e+00 -1.880000000000e+00 -6.396800000000e+00
-1.200000000000e+00 -1.800000000000e+00 -6.000000000000e+00
-1.200000000000e+00 -1.720000000000e+00 -5.628800000000e+00
-1.200000000000e+00 -1.640000000000e+00 -5.283200000000e+00
-1.200000000000e+00 -1.560000000000e+00 -4.963200000000e+00
-1.200000000000e+00 -1.480000000000e+00 -4.668800000000e+00
-1.200000000000e+00 -1.400000000000e+00 -4.400000000000e+00
-1.200000000000e+00 -1.320000000000e+00 -4.156800000000e+00
-1.200000000000e+00 -1.240000000000e+00 -3.939200000000e+00
-1.200000000000e+00 -1.160000000000e+00 -3.747200000000e+00
-1.200000000000e+00 -1.080000000000e+00 -3.580800000000e+00
-1.200000000000e+00 -1.000000000000e+00 -3.440000000000e+00
-1.200000000000e+00 -9.200000000000e-01 -3.324800000000e+00
-1.200000000000e+00 -8.400000000000e-01 -3.235200000000e+00
-1.200000000000e+00 -7.600000000000e-01 -3.171200000000e+00
-1.200000000000e+00 -6.800000000000e-01 -3.132800000000e+00
-1.200000000000e+00 -6.000000000000e-01 -3.120000000000e+00
-1.200000000000e+00 -5.200000000000e-01 -3.132800000000e+00
-1.200000000000e+00 -4.400000000000e-01 -3.171200000000e+00
-1.200000000000e+00 -3.600000000000e-01 -3.235200000000e+00
-1.200000000000e+00 -2.800000000000e-01 -3.324800000000e+00
-1.200000000000e+00 -2.000000000000e-01 -3.440000000000e+00
-1.200000000000e+00 -1.200000000000e-01 -3.580800000000e+00
-1.200000000000e+00 -4.000000000000e-02 -3.747200000000e+00
-1.200000000000e+00  4.000000000000e-02 -3.939200000000e+00
-1.200000000000e+00  1.200000000000e-01 -4.156800000000e+00
-1.200000000000e+00  2.000000000000e-01 -4.400000000000e+00
-1.200000000000e+00  2.800000000000e-01 -4.668800000000e+00
-1.200000000000e+00  3.600000000000e-01 -4.963200000000e+00
-1.200000000000e+00  4.400000000000e-01 -5.283200000000e+00
-1.200000000000e+00  5.200000000000e-01 -5.628800000000e+00
-1.200000000000e+00  6.000000000000e-01 -6.000000000000e+00
-1.200000000000e+00  6.800000000000e-01 -6.396800000000e+00
-1.200000000000e+00  7.600000000000e-01 -6.819200000000e+00
-1.200000000000e+00  8.400000000000e-01 -7.267200000000e+00
-1.200000000000e+00  9.200000000000e-01 -7.740800000000e+00
-1.200000000000e+00  1.000000000000e+00 -8.240000000000e+00
-1.200000000000e+00  1.080000000000e+00 -8.764800000000e+00
-1.200000000000e+00  1.160000000000e+00 -9.315200000000e+00
-1.200000000000e+00  1.240000000000e+00 -9.891200000000e+00
-1.200000000000e+00  1.320000000000e+00 -1.049280000000e+01
-1.200000000000e+00  1.400000000000e+00 -1.112000000000e+01
-1.200000000000e+00  1.480000000000e+00 -1.177280000000e+01
-1.200000000000e+00  1.560000000000e+00 -1.245120000000e+01
-1.200000000000e+00  1.640000000000e+00 -1.315520000000e+01
-1.200000000000e+00  1.720000000000e+00 -1.388480000000e+01
-1.200000000000e+00  1.800000000000e+00 -1.464000000000e+01
-1.200000000000e+00  1.880000000000e+00 -1.542080000000e+01
-1.200000000000e+00  1.960000000000e+00 -1.622720000000e+01
-1.200000000000e+00  2.040000000000e+00 -1.705920000000e+01
-1.200000000000e+00  2.120000000000e+00 -1.791680000000e+01
-1.200000000000e+00  2.200000000000e+00 -1.880000000000e+01
-1.200000000000e+00  2.280000000000e+00 -1.970880000000e+01
-1.200000000000e+00  2.360000000000e+00 -2.064320000000e+01
-1.200000000000e+00  2.440000000000e+00 -2.160320000000e+01
-1.200000000000e+00  2.520000000000e+00 -2.258880000000e+01
-1.200000000000e+00  2.600000000000e+00 -2.360000000000e+01
-1.200000000000e+00  2.680000000000e+00 -2.463680000000e+01
-1.200000000000e+00  2.760000000000e+00 -2.569920000000e+01
-1.200000000000e+00  2.840000000000e+00 -2.678720000000e+01
-1.200000000000e+00  2.920000000000e+00 -2.790080000000e+01
-1.200000000000e+00  3.000000000000e+00 -2.904000000000e+01
-1.200000000000e+00  3.080000000000e+00 -3.020480000000e+01
-1.200000000000e+00  3.160000000000e+00 -3.139520000000e+01
-1.200000000000e+00  3.240000000000e+00 -3.261120000000e+01
-1.200000000000e+00  3.320000000000e+00 -3.385280000000e+01
-1.200000000000e+00  3.400000000000e+00 -3.512000000000e+01
-1.200000000000e+00  3.480000000000e+00 -3.641280000000e+01
-1.200000000000e+00  3.560000000000e+00 -3.773120000000e+01
-1.200000000000e+00  3.640000000000e+00 -3.907520000000e+01
-1.200000000000e+00  3.720000000000e+00 -4.044480000000e+01
-1.200000000000e+00  3.800000000000e+00 -4.184000000000e+01
-1.200000000000e+00  3.880000000000e+00 -4.326080000000e+01
-1.200000000000e+00  3.960000000000e+00 -4.470720000000e+01
-1.200000000000e+00  4.040000000000e+00 -4.617920000000e+01
-1.200000000000e+00  4.120000000000e+00 -4.767680000000e+01
-1.200000000000e+00  4.200000000000e+00 -4.920000000000e+01
-1.200000000000e+00  4.280000000000e+00 -5.074880000000e+01
-1.200000000000e+00  4.360000000000e+00 -5.232320000000e+01
-1.200000000000e+00  4.440000000000e+00 -5.392320000000e+01
-1.200000000000e+00  4.520000000000e+00 -5.554880000000e+01
-1.200000000000e+00  4.600000000000e+00 -5.720000000000e+01
-1.200000000000e+00  4.680000000000e+00 -5.887680000000e+01
-1.200000000000e+00  4.760000000000e+00 -6.057920000000e+01
-1.200000000000e+00  4.840000000000e+00 -6.230720000000e+01
-1.200000000000e+00  4.920000000000e+00 -6.406080000000e+01
-1.200000000000e+00  5.000000000000e+00 -6.584000000000e+01

-1.120000000000e+00 -3.000000000000e+00 -1.477440000000e+01
-1.120000000000e+00 -2.920000000000e+00 -1.400640000000e+01
-1.120000000000e+00 -2.840000000000e+00 -1.326400000000e+01
-1.120000000000e+00 -2.760000000000e+00 -1.254720000000e+01
-1.120000000000e+00 -2.680000000000e+00 -1.185600000000e+01
-1.120000000000e+00 -2.600000000000e+00 -1.119040000000e+01
-1.120000000000e+00 -2.520000000000e+00 -1.055040000000e+01
-1.120000000000e+00 -2.440000000000e+00 -9.936000000000e+00
-1.120000000000e+00 -2.360000000000e+00 -9.347200000000e+00
-1.120000000000e+00 -2.280000000000e+00 -8.784000000000e+00
-1.120000000000e+00 -2.200000000000e+00 -8.246400000000e+00
-1.120000000000e+00 -2.120000000000e+00 -7.734400000000e+00
-1.120000000000e+00 -2.040000000000e+00 -7.248000000000e+00
-1.120000000000e+00 -1.960000000000e+00 -6.787200000000e+00
-1.120000000000e+00 -1.880000000000e+00 -6.352000000000e+00
-1.120000000000e+00 -1.800000000000e+00 -5.942400000000e+00
-1.120000000000e+00 -1.720000000000e+00 -5.558400000000e+00
-1.120000000000e+00 -1.640000000000e+00 -5.200000000000e+00
-1.120000000000e+00 -1.560000000000e+00 -4.867200000000e+00
-1.120000000000e+00 -1.480000000000e+00 -4.560000000000e+00
-1.120000000000e+00 -1.400000000000e+00 -4.278400000000e+00
-1.120000000000e+00 -1.320000000000e+00 -4.022400000000e+00
-1.120000000000e+00 -1.240000000000e+00 -3.792000000000e+00
-1.120000000000e+00 -1.160000000000e+00 -3.587200000000e+00
-1.120000000000e+00 -1.080000000000e+00 -3.408000000000e+00
-1.120000000000e+00 -1.000000000000e+00 -3.254400000000e+00
-1.120000000000e+00 -9.200000000000e-01 -3.126400000000e+00
-1.120000000000e+00 -8.400000000000e-01 -3.024000000000e+00
-1.120000000000e+00 -7.600000000000e-01 -2.947200000000e+00
-1.120000000000e+00 -6.800000000000e-01 -2.896000000000e+00
-1.120000000000e+00 -6.000000000000e-01 -2.870400000000e+00
-1.120000000000e+00 -5.200000000000e-01 -2.870400000000e+00
-1.120000000000e+00 -4.400000000000e-01 -2.896000000000e+00
-1.120000000000e+00 -3.600000000000e-01 -2.947200000000e+00
-1.120000000000e+00 -2.800000000000e-01 -3.024000000000e+00
-1.120000000000e+00 -2.000000000000e-01 -3.126400000000e+00
-1.120000000000e+00 -1.200000000000e-01 -3.254400000000e+00
-1.120000000000e+00 -4.000000000000e-02 -3.408000000000e+00
-1.120000000000e+00  4.000000000000e-02 -3.587200000000e+00
-1.120000000000e+00  1.200000000000e-01 -3.792000000000e+00
-1.120000000000e+00  2.000000000000e-01 -4.022400000000e+00
-1.120000000000e+00  2.800000000000e-01 -4.278400000000e+00
-1.120000000000e+00  3.600000000000e-01 -4.560000000000e+00
-1.120000000000e+00  4.400000000000e-01 -4.867200000000e+00
-1.120000000000e+00  5.200000000000e-01 -5.200000000000e+00
-1.120000000000e+00  6.000000000000e-01 -5.558400000000e+00
-1.120000000000e+00  6.800000000000e-01 -5.942400000000e+00
-1.120000000000e+00  7.600000000000e-01 -6.352000000000e+00
-1.120000000000e+00  8.400000000000e-01 -6.787200000000e+00
-1.120000000000e+00  9.200000000000e-01 -7.248000000000e+00
-1.120000000000e+00  1.000000000000e+00 -7.734400000000e+00
-1.120000000000e+00  1.080000000000e+00 -8.246400000000e+00
-1.120000000000e+00  1.160000000000e+00 -8.784000000000e+00
-1.120000000000e+00  1.240000000000e+00 -9.347200000000e+00
-1.120000000000e+00  1.320000000000e+00 -9.936000000000e+00
-1.120000000000e+00  1.400000000000e+00 -1.055040000000e+01
-1.120000000000e+00  1.480000000000e+00 -1.119040000000e+01
-1.120000000000e+00  1.560000000000e+00 -1.185600000000e+01
-1.120000000000e+00  1.640000000000e+00 -1.254720000000e+01
-1.120000000000e+00  1.720000000000e+00 -1.326400000000e+01
-1.120000000000e+00  1.800000000000e+00 -1.400640000000e+01
-1.120000000000e+00  1.880000000000e+00 -1.477440000000e+01
-1.120000000000e+00  1.960000000000e+00 -1.556800000000e+01
-1.120000000000e+00  2.040000000000e+00 -1.638720000000e+01
-1.120000000000e+00  2.120000000000e+00 -1.723200000000e+01
-1.120000000000e+00  2.200000000000e+00 -1.810240000000e+01
-1.120000000000e+00  2.280000000000e+00 -1.899840000000e+01
-1.120000000000e+00  2.360000000000e+00 -1.992000000000e+01
-1.120000000000e+00  2.440000000000e+00 -2.086720000000e+01
-1.120000000000e+00  2.520000000000e+00 -2.184000000000e+01
-1.120000000000e+00  2.600000000000e+00 -2.283840000000e+01
-1.120000000000e+00  2.680000000000e+00 -2.386240000000e+01
-1.120000000000e+00  2.760000000000e+00 -2.491200000000e+01
-1.120000000000e+00  2.840000000000e+00 -2.598720000000e+01
-1.120000000000e+00  2.920000000000e+00 -2.708800000000e+01
-1.120000000000e+00  3.000000000000e+00 -2.821440000000e+01
-1.120000000000e+00  3.080000000000e+00 -2.936640000000e+01
-1.120000000000e+00  3.160000000000e+00 -3.054400000000e+01
-1.120000000000e+00  3.240000000000e+00 -3.174720000000e+01
-1.120000000000e+00  3.320000000000e+00 -3.297600000000e+01
-1.120000000000e+00  3.400000000000e+00 -3.423040000000e+01
-1.120000000000e+00  3.480000000000e+00 -3.551040000000e+01
-1.120000000000e+00  3.560000000000e+00 -3.681600000000e+01
-1.120000000000e+00  3.640000000000e+00 -3.814720000000e+01
-1.120000000000e+00  3.720000000000e+00 -3.950400000000e+01
-1.120000000000e+00  3.800000000000e+00 -4.088640000000e+01
-1.120000000000e+00  3.880000000000e+00 -4.229440000000e+01
-1.120000000000e+00  3.960000000000e+00 -4.372800000000e+01
-1.120000000000e+00  4.040000000000e+00 -4.518720000000e+01
-1.120000000000e+00  4.120000000000e+00 -4.667200000000e+01
-1.120000000000e+00  4.200000000000e+00 -4.818240000000e+01
-1.120000000000e+00  4.280000000000e+00 -4.971840000000e+01
-1.120000000000e+00  4.360000000000e+00 -5.128000000000e+01
-1.120000000000e+00  4.440000000000e+00 -5.286720000000e+01
-1.120000000000e+00  4.520000000000e+00 -5.448000000000e+01
-1.120000000000e+00  4.600000000000e+00 -5.611840000000e+01
-1.120000000000e+00  4.680000000000e+00 -5.778240000000e+01
-1.120000000000e+00  4.760000000000e+00 -5.947200000000e+01
-1.120000000000e+00  4.840000000000e+00 -6.118720000000e+01
-1.120000000000e+00  4.920000000000e+00 -6.292800000000e+01
-1.120000000000e+00  5.000000000000e+00 -6.469440000000e+01

-1.040000000000e+00 -3.000000000000e+00 -1.492160000000e+01
-1.040000000000e+00 -2.920000000000e+00 -1.414080000000e+01
-1.040000000000e+00 -2.840000000000e+00 -1.338560000000e+01
-1.040000000000e+00 -2.760000000000e+00 -1.265600000000e+01
-1.040000000000e+00 -2.680000000000e+00 -1.195200000000e+01
-1.040000000000e+00 -2.600000000000e+00 -1.127360000000e+01
-1.040000000000e+00 -2.520000000000e+00 -1.062080000000e+01
-1.040000000000e+00 -2.440000000000e+00 -9.993600000000e+00
-1.040000000000e+00 -2.360000000000e+00 -9.392000000000e+00
-1.040000000000e+00 -2.280000000000e+00 -8.816000000000e+00
-1.040000000000e+00 -2.200000000000e+00 -8.265600000000e+00
-1.040000000000e+00 -2.120000000000e+00 -7.740800000000e+00
-1.040000000000e+00 -2.040000000000e+00 -7.241600000000e+00
-1.040000000000e+00 -1.960000000000e+00 -6.768000000000e+00
-1.040000000000e+00 -1.880000000000e+00 -6.320000000000e+00
-1.040000000000e+00 -1.800000000000e+00 -5.897600000000e+00
-1.040000000000e+00 -1.720000000000e+00 -5.500800000000e+00
-1.040000000000e+00 -1.640000000000e+00 -5.129600000000e+00
-1.040000000000e+00 -1.560000000000e+00 -4.784000000000e+00
-1.040000000000e+00 -1.480000000000e+00 -4.464000000000e+00
-1.040000000000e+00 -1.400000000000e+00 -4.169600000000e+00
-1.040000000000e+00 -1.320000000000e+00 -3.900800000000e+00
-1.040000000000e+00 -1.240000000000e+00 -3.657600000000e+00
-1.040000000000e+00 -1.160000000000e+00 -3.440000000000e+00
-1.040000000000e+00 -1.080000000000e+00 -3.248000000000e+00
-1.040000000000e+00 -1.000000000000e+00 -3.081600000000e+00
-1.040000000000e+00 -9.200000000000e-01 -2.940800000000e+00
-1.040000000000e+00 -8.400000000000e-01 -2.825600000000e+00
-1.040000000000e+00 -7.600000000000e-01 -2.736000000000e+00
-1.040000000000e+00 -6.800000000000e-01 -2.672000000000e+00
-1.040000000000e+00 -6.000000000000e-01 -2.633600000000e+00
-1.040000000000e+00 -5.200000000000e-01 -2.620800000000e+00
-1.040000000000e+00 -4.400000000000e-01 -2.633600000000e+00
-1.040000000000e+00 -3.600000000000e-01 -2.672000000000e+00
-1.040000000000e+00 -2.800000000000e-01 -2.736000000000e+00
-1.040000000000e+00 -2.000000000000e-01 -2.825600000000e+00
-1.040000000000e+00 -1.200000000000e-01 -2.940800000000e+00
-1.040000000000e+00 -4.000000000000e-02 -3.081600000000e+00
-1.040000000000e+00  4.000000000000e-02 -3.248000000000e+00
-1.040000000000e+00  1.200000000000e-01 -3.440000000000e+00
-1.040000000000e+00  2.000000000000e-01 -3.657600000000e+00
-1.040000000000e+00  2.800000000000e-01 -3.900800000000e+00
-1.040000000000e+00  3.600000000000e-01 -4.169600000000e+00
-1.040000000000e+00  4.400000000000e-01 -4.464000000000e+00
-1.040000000000e+00  5.200000000000e-01 -4.784000000000e+00
-1.040000000000e+00  6.000000000000e-01 -5.129600000000e+00
-1.040000000000e+00  6.800000000000e-01 -5.500800000000e+00
-1.040000000000e+00  7.600000000000e-01 -5.897600000000e+00
-1.040000000000e+00  8.400000000000e-01 -6.320000000000e+00
-1.040000000000e+00  9.200000000000e-01 -6.768000000000e+00
-1.040000000000e+00  1.000000000000e+00 -7.241600000000e+00
-1.040000000000e+00  1.080000000000e+00 -7.740800000000e+00
-1.040000000000e+00  1.160000000000e+00 -8.265600000000e+00
-1.040000000000e+00  1.240000000000e+00 -8.816000000000e+00
-1.040000000000e+00  1.320000000000e+00 -9.392000000000e+00
-1.040000000000e+00  1.400000000000e+00 -9.993600000000e+00
-1.040000000000e+00  1.480000000000e+00 -1.062080000000e+01
-1.040000000000e+00  1.560000000000e+00 -1.127360000000e+01
-1.040000000000e+00  1.640000000000e+00 -1.195200000000e+01
-1.040000000000e+00  1.720000000000e+00 -1.265600000000e+01
-1.040000000000e+00  1.800000000000e+00 -1.338560000000e+01
-1.040000000000e+00  1.880000000000e+00 -1.414080000000e+01
-1.040000000000e+00  1.960000000000e+00 -1.492160000000e+01
-1.040000000000e+00  2.040000000000e+00 -1.572800000000e+01
-1.040000000000e+00  2.120000000000e+00 -1.656000000000e+01
-1.040000000000e+00  2.200000000000e+00 -1.741760000000e+01
-1.040000000000e+00  2.280000000000e+00 -1.830080000000e+01
-1.040000000000e+00  2.360000000000e+00 -1.920960000000e+01
-1.040000000000e+00  2.440000000000e+00 -2.014400000000e+01
-1.040000000000e+00  2.520000000000e+00 -2.110400000000e+01
-1.040000000000e+00  2.600000000000e+00 -2.208960000000e+01
-1.040000000000e+00  2.680000000000e+00 -2.310080000000e+01
-1.040000000000e+00  2.760000000000e+00 -2.413760000000e+01
-1.040000000000e+00  2.840000000000e+00 -2.520000000000e+01
-1.040000000000e+00  2.920000000000e+00 -2.628800000000e+01
-1.040000000000e+00  3.000000000000e+00 -2.740160000000e+01
-1.040000000000e+00  3.080000000000e+00 -2.854080000000e+01
-1.040000000000e+00  3.160000000000e+00 -2.970560000000e+01
-1.040000000000e+00  3.240000000000e+00 -3.089600000000e+01
-1.040000000000e+00  3.320000000000e+00 -3.211200000000e+01
-1.040000000000e+00  3.400000000000e+00 -3.335360000000e+01
-1.040000000000e+00  3.480000000000e+00 -3.462080000000e+01
-1.040000000000e+00  3.560000000000e+00 -3.591360000000e+01
-1.040000000000e+00  3.640000000000e+00 -3.723200000000e+01
-1.040000000000e+00  3.720000000000e+00 -3.857600000000e+01
-1.040000000000e+00  3.800000000000e+00 -3.994560000000e+01
-1.040000000000e+00  3.880000000000e+00 -4.134080000000e+01
-1.040000000000e+00  3.960000000000e+00 -4.276160000000e+01
-1.040000000000e+00  4.040000000000e+00 -4.420800000000e+01
-1.040000000000e+00  4.120000000000e+00 -4.568000000000e+01
-1.040000000000e+00  4.200000000000e+00 -4.717760000000e+01
-1.040000000000e+00  4.280000000000e+00 -4.870080000000e+01
-1.040000000000e+00  4.360000000000e+00 -5.024960000000e+01
-1.040000000000e+00  4.440000000000e+00 -5.182400000000e+01
-1.040000000000e+00  4.520000000000e+00 -5.342400000000e+01
-1.040000000000e+00  4.600000000000e+00 -5.504960000000e+01
-1.040000000000e+00  4.680000000000e+00 -5.670080000000e+01
-1.040000000000e+00  4.760000000000e+00 -5.837760000000e+01
-1.040000000000e+00  4.840000000000e+00 -6.008000000000e+01
-1.040000000000e+00  4.920000000000e+00 -6.180800000000e+01
-1.040000000000e+00  5.000000000000e+00 -6.356160000000e+01

-9.600000000000e-01 -3.000000000000e+00 -1.508160000000e+01
-9.600000000000e-01 -2.920000000000e+00 -1.428800000000e+01
-9.600000000000e-01 -2.840000000000e+00 -1.352000000000e+01
-9.600000000000e-01 -2.760000000000e+00 -1.277760000000e+01
-9.600000000000e-01 -2.680000000000e+00 -1.206080000000e+01
-9.600000000000e-01 -2.600000000000e+00 -1.136960000000e+01
-9.600000000000e-01 -2.520000000000e+00 -1.070400000000e+01
-9.600000000000e-01 -2.440000000000e+00 -1.006400000000e+01
-9.600000000000e-01 -2.360000000000e+00 -9.449600000000e+00
-9.600000000000e-01 -2.280000000000e+00 -8.860800000000e+00
-9.600000000000e-01 -2.200000000000e+00 -8.297600000000e+00
-9.600000000000e-01 -2.120000000000e+00 -7.760000000000e+00
-9.600000000000e-01 -2.040000000000e+00 -7.248000000000e+00
-9.600000000000e-01 -1.960000000000e+00 -6.761600000000e+00
-9.600000000000e-01 -1.880000000000e+00 -6.300800000000e+00
-9.600000000000e-01 -1.800000000000e+00 -5.865600000000e+00
-9.600000000000e-01 -1.720000000000e+00 -5.456000000000e+00
-9.600000000000e-01 -1.640000000000e+00 -5.072000000000e+00
-9.600000000000e-01 -1.560000000000e+00 -4.713600000000e+00
-9.600000000000e-01 -1.480000000000e+00 -4.380800000000e+00
-9.600000000000e-01 -1.400000000000e+00 -4.073600000000e+00
-9.600000000000e-01 -1.320000000000e+00 -3.792000000000e+00
-9.600000000000e-01 -1.240000000000e+00 -3.536000000000e+00
-9.600000000000e-01 -1.160000000000e+00 -3.305600000000e+00
-9.600000000000e-01 -1.080000000000e+00 -3.100800000000e+00
-9.600000000000e-01 -1.000000000000e+00 -2.921600000000e+00
-9.600000000000e-01 -9.200000000000e-01 -2.768000000000e+00
-9.600000000000e-01 -8.400000000000e-01 -2.640000000000e+00
-9.600000000000e-01 -7.600000000000e-01 -2.537600000000e+00
-9.600000000000e-01 -6.800000000000e-01 -2.460800000000e+00
-9.600000000000e-01 -6.000000000000e-01 -2.409600000000e+00
-9.600000000000e-01 -5.200000000000e-01 -2.384000000000e+00
-9.600000000000e-01 -4.400000000000e-01 -2.384000000000e+00
-9.600000000000e-01 -3.600000000000e-01 -2.409600000000e+00
-9.600000000000e-01 -2.800000000000e-01 -2.460800000000e+00
-9.600000000000e-01 -2.000000000000e-01 -2.537600000000e+00
-9.600000000000e-01 -1.200000000000e-01 -2.640000000000e+00
-9.600000000000e-01 -4.000000000000e-02 -2.768000000000e+00
-9.600000000000e-01  4.000000000000e-02 -2.921600000000e+00
-9.600000000000e-01  1.200000000000e-01 -3.100800000000e+00
-9.600000000000e-01  2.000000000000e-01 -3.305600000000e+00
-9.600000000000e-01  2.800000000000e-01 -3.536000000000e+00
-9.600000000000e-01  3.600000000000e-01 -3.792000000000e+00
-9.600000000000e-01  4.400000000000e-01 -4.073600000000e+00
-9.600000000000e-01  5.200000000000e-01 -4.380800000000e+00
-9.600000000000e-01  6.000000000000e-01 -4.713600000000e+00
-9.600000000000e-01  6.800000000000e-01 -5.072000000000e+00
-9.600000000000e-01  7.600000000000e-01 -5.456000000000e+00
-9.600000000000e-01  8.400000000000e-01 -5.865600000000e+00
-9.600000000000e-01  9.200000000000e-01 -6.300800000000e+00
-9.600000000000e-01  1.000000000000e+00 -6.761600000000e+00
-9.600000000000e-01  1.080000000000e+00 -7.248000000000e+00
-9.600000000000e-01  1.160000000000e+00 -7.760000000000e+00
-9.600000000000e-01  1.240000000000e+00 -8.297600000000e+00
-9.600000000000e-01  1.320000000000e+00 -8.860800000000e+00
-9.600000000000e-01  1.400000000000e+00 -9.449600000000e+00
-9.600000000000e-01  1.480000000000e+00 -1.006400000000e+01
-9.600000000000e-01  1.560000000000e+00 -1.070400000000e+01
-9.600000000000e-01  1.640000000000e+00 -1.136960000000e+01
-9.600000000000e-01  1.720000000000e+00 -1.206080000000e+01
-9.600000000000e-01  1.800000000000e+00 -1.277760000000e+01
-9.600000000000e-01  1.880000000000e+00 -1.352000000000e+01
-9.600000000000e-01  1.960000000000e+00 -1.428800000000e+01
-9.600000000000e-01  2.040000000000e+00 -1.508160000000e+01
-9.600000000000e-01  2.120000000000e+00 -1.590080000000e+01
-9.600000000000e-01  2.200000000000e+00 -1.674560000000e+01
-9.600000000000e-01  2.280000000000e+00 -1.761600000000e+01
-9.600000000000e-01  2.360000000000e+00 -1.851200000000e+01
-9.600000000000e-01  2.440000000000e+00 -1.943360000000e+01
-9.600000000000e-01  2.520000000000e+00 -2.038080000000e+01
-9.600000000000e-01  2.600000000000e+00 -2.135360000000e+01
-9.600000000000e-01  2.680000000000e+00 -2.235200000000e+01
-9.600000000000e-01  2.760000000000e+00 -2.337600000000e+01
-9.600000000000e-01  2.840000000000e+00 -2.442560000000e+01
-9.600000000000e-01  2.920000000000e+00 -2.550080000000e+01
-9.600000000000e-01  3.000000000000e+00 -2.660160000000e+01
-9.600000000000e-01  3.080000000000e+00 -2.772800000000e+01
-9.600000000000e-01  3.160000000000e+00 -2.888000000000e+01
-9.600000000000e-01  3.240000000000e+00 -3.005760000000e+01
-9.600000000000e-01  3.320000000000e+00 -3.126080000000e+01
-9.600000000000e-01  3.400000000000e+00 -3.248960000000e+01
-9.600000000000e-01  3.480000000000e+00 -3.374400000000e+01
-9.600000000000e-01  3.560000000000e+00 -3.502400000000e+01
-9.600000000000e-01  3.640000000000e+00 -3.632960000000e+01
-9.600000000000e-01  3.720000000000e+00 -3.766080000000e+01
-9.600000000000e-01  3.800000000000e+00 -3.901760000000e+01
-9.600000000000e-01  3.880000000000e+00 -4.040000000000e+01
-9.600000000000e-01  3.960000000000e+00 -4.180800000000e+01
-9.600000000000e-01  4.040000000000e+00 -4.324160000000e+01
-9.600000000000e-01  4.120000000000e+00 -4.470080000000e+01
-9.600000000000e-01  4.200000000000e+00 -4.618560000000e+01
-9.600000000000e-01  4.280000000000e+00 -4.769600000000e+01
-9.600000000000e-01  4.360000000000e+00 -4.923200000000e+01
-9.600000000000e-01  4.440000000000e+00 -5.079360000000e+01
-9.600000000000e-01  4.520000000000e+00 -5.238080000000e+01
-9.600000000000e-01  4.600000000000e+00 -5.399360000000e+01
-9.600000000000e-01  4.680000000000e+00 -5.563200000000e+01
-9.600000000000e-01  4.760000000000e+00 -5.729600000000e+01
-9.600000000000e-01  4.840000000000e+00 -5.898560000000e+01
-9.600000000000e-01  4.920000000000e+00 -6.070080000000e+01
-9.600000000000e-01  5.000000000000e+00 -6.244160000000e+01

-8.800000000000e-01 -3.000000000000e+00 -1.525440000000e+01
-8.800000000000e-01 -2.920000000000e+00 -1.444800000000e+01
-8.800000000000e-01 -2.840000000000e+00 -1.366720000000e+01
-8.800000000000e-01 -2.760000000000e+00 -1.291200000000e+01
-8.800000000000e-01 -2.680000000000e+00 -1.218240000000e+01
-8.800000000000e-01 -2.600000000000e+00 -1.147840000000e+01
-8.800000000000e-01 -2.520000000000e+00 -1.080000000000e+01
-8.800000000000e-01 -2.440000000000e+00 -1.014720000000e+01
-8.800000000000e-01 -2.360000000000e+00 -9.520000000000e+00
-8.800000000000e-01 -2.280000000000e+00 -8.918400000000e+00
-8.800000000000e-01 -2.200000000000e+00 -8.342400000000e+00
-8.800000000000e-01 -2.120000000000e+00 -7.792000000000e+00
-8.800000000000e-01 -2.040000000000e+00 -7.267200000000e+00
-8.800000000000e-01 -1.960000000000e+00 -6.768000000000e+00
-8.800000000000e-01 -1.880000000000e+00 -6.294400000000e+00
-8.800000000000e-01 -1.800000000000e+00 -5.846400000000e+00
-8.800000000000e-01 -1.720000000000e+00 -5.424000000000e+00
-8.800000000000e-01 -1.640000000000e+00 -5.027200000000e+00
-8.800000000000e-01 -1.560000000000e+00 -4.656000000000e+00
-8.800000000000e-01 -1.480000000000e+00 -4.310400000000e+00
-8.800000000000e-01 -1.400000000000e+00 -3.990400000000e+00
-8.800000000000e-01 -1.320000000000e+00 -3.696000000000e+00
-8.800000000000e-01 -1.240000000000e+00 -3.427200000000e+00
-8.800000000000e-01 -1.160000000000e+00 -3.184000000000e+00
-8.800000000000e-01 -1.080000000000e+00 -2.966400000000e+00
-8.800000000000e-01 -1.000000000000e+00 -2.774400000000e+00
-8.800000000000e-01 -9.200000000000e-01 -2.608000000000e+00
-8.800000000000e-01 -8.400000000000e-01 -2.467200000000e+00
-8.800000000000e-01 -7.600000000000e-01 -2.352000000000e+00
-8.800000000000e-01 -6.800000000000e-01 -2.262400000000e+00
-8.800000000000e-01 -6.000000000000e-01 -2.198400000000e+00
-8.800000000000e-01 -5.200000000000e-01 -2.160000000000e+00
-8.800000000000e-01 -4.400000000000e-01 -2.147200000000e+00
-8.800000000000e-01 -3.600000000000e-01 -2.160000000000e+00
-8.800000000000e-01 -2.800000000000e-01 -2.198400000000e+00
-8.800000000000e-01 -2.000000000000e-01 -2.262400000000e+00
-8.800000000000e-01 -1.200000000000e-01 -2.352000000000e+00
-8.800000000000e-01 -4.000000000000e-02 -2.467200000000e+00
-8.800000000000e-01  4.000000000000e-02 -2.608000000000e+00
-8.800000000000e-01  1.200000000000e-01 -2.774400000000e+00
-8.800000000000e-01  2.000000000000e-01 -2.966400000000e+00
-8.800000000000e-01  2.800000000000e-01 -3.184000000000e+00
-8.800000000000e-01  3.600000000000e-01 -3.427200000000e+00
-8.800000000000e-01  4.400000000000e-01 -3.696000000000e+00
-8.800000000000e-01  5.200000000000e-01 -3.990400000000e+00
-8.800000000000e-01  6.000000000000e-01 -4.310400000000e+00
-8.800000000000e-01  6.800000000000e-01 -4.656000000000e+00
-8.800000000000e-01  7.600000000000e-01 -5.027200000000e+00
-8.800000000000e-01  8.400000000000e-01 -5.424000000000e+00
-8.800000000000e-01  9.200000000000e-01 -5.846400000000e+00
-8.800000000000e-01  1.000000000000e+00 -6.294400000000e+00
-8.800000000000e-01  1.080000000000e+00 -6.768000000000e+00
-8.800000000000e-01  1.160000000000e+00 -7.267200000000e+00
-8.800000000000e-01  1.240000000000e+00 -7.792000000000e+00
-8.800000000000e-01  1.320000000000e+00 -8.342400000000e+00
-8.800000000000e-01  1.400000000000e+00 -8.918400000000e+00
-8.800000000000e-01  1.480000000000e+00 -9.520000000000e+00
-8.800000000000e-01  1.560000000000e+00 -1.014720000000e+01
-8.800000000000e-01  1.640000000000e+00 -1.080000000000e+01
-8.800000000000e-01  1.720000000000e+00 -1.147840000000e+01
-8.800000000000e-01  1.800000000000e+00 -1.218240000000e+01
-8.800000000000e-01  1.880000000000e+00 -1.291200000000e+01
-8.800000000000e-01  1.960000000000e+00 -1.366720000000e+01
-8.800000000000e-01  2.040000000000e+00 -1.444800000000e+01
-8.800000000000e-01  2.120000000000e+00 -1.525440000000e+01
-8.800000000000e-01  2.200000000000e+00 -1.608640000000e+01
-8.800000000000e-01  2.280000000000e+00 -1.694400000000e+01
-8.800000000000e-01  2.360000000000e+00 -1.782720000000e+01
-8.800000000000e-01  2.440000000000e+00 -1.873600000000e+01
-8.800000000000e-01  2.520000000000e+00 -1.967040000000e+01
-8.800000000000e-01  2.600000000000e+00 -2.063040000000e+01
-8.800000000000e-01  2.680000000000e+00 -2.161600000000e+01
-8.800000000000e-01  2.760000000000e+00 -2.262720000000e+01
-8.800000000000e-01  2.840000000000e+00 -2.366400000000e+01
-8.800000000000e-01  2.920000000000e+00 -2.472640000000e+01
-8.800000000000e-01  3.000000000000e+00 -2.581440000000e+01
-8.800000000000e-01  3.080000000000e+00 -2.692800000000e+01
-8.800000000000e-01  3.160000000000e+00 -2.806720000000e+01
-8.800000000000e-01  3.240000000000e+00 -2.923200000000e+01
-8.800000000000e-01  3.320000000000e+00 -3.042240000000e+01
-8.800000000000e-01  3.400000000000e+00 -3.163840000000e+01
-8.800000000000e-01  3.480000000000e+00 -3.288000000000e+01
-8.800000000000e-01  3.560000000000e+00 -3.414720000000e+01
-8.800000000000e-01  3.640000000000e+00 -3.544000000000e+01
-8.800000000000e-01  3.720000000000e+00 -3.675840000000e+01
-8.800000000000e-01  3.800000000000e+00 -3.810240000000e+01
-8.800000000000e-01  3.880000000000e+00 -3.947200000000e+01
-8.800000000000e-01  3.960000000000e+00 -4.086720000000e+01
-8.800000000000e-01  4.040000000000e+00 -4.228800000000e+01
-8.800000000000e-01  4.120000000000e+00 -4.373440000000e+01
-8.800000000000e-01  4.200000000000e+00 -4.520640000000e+01
-8.800000000000e-01  4.280000000000e+00 -4.670400000000e+01
-8.800000000000e-01  4.360000000000e+00 -4.822720000000e+01
-8.800000000000e-01  4.440000000000e+00 -4.977600000000e+01
-8.800000000000e-01  4.520000000000e+00 -5.135040000000e+01
-8.800000000000e-01  4.600000000000e+00 -5.295040000000e+01
-8.800000000000e-01  4.680000000000e+00 -5.457600000000e+01
-8.800000000000e-01  4.760000000000e+00 -5.622720000000e+01
-8.800000000000e-01  4.840000000000e+00 -5.790400000000e+01
-8.800000000000e-01  4.920000000000e+00 -5.960640000000e+01
-8.800000000000e-01  5.000000000000e+00 -6.133440000000e+01

-8.000000000000e-01 -3.000000000000e+00 -1.544000000000e+01
-8.000000000000e-01 -2.920000000000e+00 -1.462080000000e+01
-8.000000000000e-01 -2.840000000000e+00 -1.382720000000e+01
-8.000000000000e-01 -2.760000000000e+00 -1.305920000000e+01
-8.000000000000e-01 -2.680000000000e+00 -1.231680000000e+01
-8.000000000000e-01 -2.600000000000e+00 -1.160000000000e+01
-8.000000000000e-01 -2.520000000000e+00 -1.090880000000e+01
-8.000000000000e-01 -2.440000000000e+00 -1.024320000000e+01
-8.000000000000e-01 -2.360000000000e+00 -9.603200000000e+00
-8.000000000000e-01 -2.280000000000e+00 -8.988800000000e+00
-8.000000000000e-01 -2.200000000000e+00 -8.400000000000e+00
-8.000000000000e-01 -2.120000000000e+00 -7.836800000000e+00
-8.000000000000e-01 -2.040000000000e+00 -7.299200000000e+00
-8.000000000000e-01 -1.960000000000e+00 -6.787200000000e+00
-8.000000000000e-01 -1.880000000000e+00 -6.300800000000e+00
-8.000000000000e-01 -1.800000000000e+00 -5.840000000000e+00
-8.000000000000e-01 -1.720000000000e+00 -5.404800000000e+00
-8.000000000000e-01 -1.640000000000e+00 -4.995200000000e+00
-8.000000000000e-01 -1.560000000000e+00 -4.611200000000e+00
-8.000000000000e-01 -1.480000000000e+00 -4.252800000000e+00
-8.000000000000e-01 -1.400000000000e+00 -3.920000000000e+00
-8.000000000000e-01 -1.320000000000e+00 -3.612800000000e+00
-8.000000000000e-01 -1.240000000000e+00 -3.331200000000e+00
-8.000000000000e-01 -1.160000000000e+00 -3.075200000000e+00
-8.000000000000e-01 -1.080000000000e+00 -2.844800000000e+00
-8.000000000000e-01 -1.000000000000e+00 -2.640000000000e+00
-8.000000000000e-01 -9.200000000000e-01 -2.460800000000e+00
-8.000000000000e-01 -8.400000000000e-01 -2.307200000000e+00
-8.000000000000e-01 -7.600000000000e-01 -2.179200000000e+00
-8.000000000000e-01 -6.800000000000e-01 -2.076800000000e+00
-8.000000000000e-01 -6.000000000000e-01 -2.000000000000e+00
-8.000000000000e-01 -5.200000000000e-01 -1.948800000000e+00
-8.000000000000e-01 -4.400000000000e-01 -1.923200000000e+00
-8.000000000000e-01 -3.600000000000e-01 -1.923200000000e+00
-8.000000000000e-01 -2.800000000000e-01 -1.948800000000e+00
-8.000000000000e-01 -2.000000000000e-01 -2.000000000000e+00
-8.000000000000e-01 -1.200000000000e-01 -2.076800000000e+00
-8.000000000000e-01 -4.000000000000e-02 -2.179200000000e+00
-8.000000000000e-01  4.000000000000e-02 -2.307200000000e+00
-8.000000000000e-01  1.200000000000e-01 -2.460800000000e+00
-8.000000000000e-01  2.000000000000e-01 -2.640000000000e+00
-8.000000000000e-01  2.800000000000e-01 -2.844800000000e+00
-8.000000000000e-01  3.600000000000e-01 -3.075200000000e+00
-8.000000000000e-01  4.400000000000e-01 -3.331200000000e+00
-8.000000000000e-01  5.200000000000e-01 -3.612800000000e+00
-8.000000000000e-01  6.000000000000e-01 -3.920000000000e+00
-8.000000000000e-01  6.800000000000e-01 -4.252800000000e+00
-8.000000000000e-01  7.600000000000e-01 -4.611200000000e+00
-8.000000000000e-01  8.400000000000e-01 -4.995200000000e+00
-8.000000000000e-01  9.200000000000e-01 -5.404800000000e+00
-8.000000000000e-01  1.000000000000e+00 -5.840000000000e+00
-8.000000000000e-01  1.080000000000e+00 -6.300800000000e+00
-8.000000000000e-01  1.160000000000e+00 -6.787200000000e+00
-8.000000000000e-01  1.240000000000e+00 -7.299200000000e+00
-8.000000000000e-01  1.320000000000e+00 -7.836800000000e+00
-8.000000000000e-01  1.400000000000e+00 -8.400000000000e+00
-8.000000000000e-01  1.480000000000e+00 -8.988800000000e+00
-8.000000000000e-01  1.560000000000e+00 -9.603200000000e+00
-8.000000000000e-01  1.640000000000e+00 -1.024320000000e+01
-8.000000000000e-01  1.720000000000e+00 -1.090880000000e+01
-8.000000000000e-01  1.800000000000e+00 -1.160000000000e+01
-8.000000000000e-01  1.880000000000e+00 -1.231680000000e+01
-8.000000000000e-01  1.960000000000e+00 -1.305920000000e+01
-8.000000000000e-01  2.040000000000e+00 -1.382720000000e+01
-8.000000000000e-01  2.120000000000e+00 -1.462080000000e+01
-8.000000000000e-01  2.200000000000e+00 -1.544000000000e+01
-8.000000000000e-01  2.280000000000e+00 -1.628480000000e+01
-8.000000000000e-01  2.360000000000e+00 -1.715520000000e+01
-8.000000000000e-01  2.440000000000e+00 -1.805120000000e+01
-8.000000000000e-01  2.520000000000e+00 -1.897280000000e+01
-8.000000000000e-01  2.600000000000e+00 -1.992000000000e+01
-8.000000000000e-01  2.680000000000e+00 -2.089280000000e+01
-8.000000000000e-01  2.760000000000e+00 -2.189120000000e+01
-8.000000000000e-01  2.840000000000e+00 -2.291520000000e+01
-8.000000000000e-01  2.920000000000e+00 -2.396480000000e+01
-8.000000000000e-01  3.000000000000e+00 -2.504000000000e+01
-8.000000000000e-01  3.080000000000e+00 -2.614080000000e+01
-8.000000000000e-01  3.160000000000e+00 -2.726720000000e+01
-8.000000000000e-01  3.240000000000e+00 -2.841920000000e+01
-8.000000000000e-01  3.320000000000e+00 -2.959680000000e+01
-8.000000000000e-01  3.400000000000e+00 -3.080000000000e+01
-8.000000000000e-01  3.480000000000e+00 -3.202880000000e+01
-8.000000000000e-01  3.560000000000e+00 -3.328320000000e+01
-8.000000000000e-01  3.640000000000e+00 -3.456320000000e+01
-8.000000000000e-01  3.720000000000e+00 -3.586880000000e+01
-8.000000000000e-01  3.800000000000e+00 -3.720000000000e+01
-8.000000000000e-01  3.880000000000e+00 -3.855680000000e+01
-8.000000000000e-01  3.960000000000e+00 -3.993920000000e+01
-8.000000000000e-01  4.040000000000e+00 -4.134720000000e+01
-8.000000000000e-01  4.120000000000e+00 -4.278080000000e+01
-8.000000000000e-01  4.200000000000e+00 -4.424000000000e+01
-8.000000000000e-01  4.280000000000e+00 -4.572480000000e+01
-8.000000000000e-01  4.360000000000e+00 -4.723520000000e+01
-8.000000000000e-01  4.440000000000e+00 -4.877120000000e+01
-8.000000000000e-01  4.520000000000e+00 -5.033280000000e+01
-8.000000000000e-01  4.600000000000e+00 -5.192000000000e+01
-8.000000000000e-01  4.680000000000e+00 -5.353280000000e+01
-8.000000000000e-01  4.760000000000e+00 -5.517120000000e+01
-8.000000000000e-01  4.840000000000e+00 -5.683520000000e+01
-8.000000000000e-01  4.920000000000e+00 -5.852480000000e+01
-8.000000000000e-01  5.000000000000e+00 -6.024000000000e+01

-7.200000000000e-01 -3.000000000000e+00 -1.563840000000e+01
-7.200000000000e-01 -2.920000000000e+00 -1.480640000000e+01
-7.200000000000e-01 -2.840000000000e+00 -1.400000000000e+01
-7.200000000000e-01 -2.760000000000e+00 -1.321920000000e+01
-7.200000000000e-01 -2.680000000000e+00 -1.246400000000e+01
-7.200000000000e-01 -2.600000000000e+00 -1.173440000000e+01
-7.200000000000e-01 -2.520000000000e+00 -1.103040000000e+01
-7.200000000000e-01 -2.440000000000e+00 -1.035200000000e+01
-7.200000000000e-01 -2.360000000000e+00 -9.699200000000e+00
-7.200000000000e-01 -2.280000000000e+00 -9.072000000000e+00
-7.200000000000e-01 -2.200000000000e+00 -8.470400000000e+00
-7.200000000000e-01 -2.120000000000e+00 -7.894400000000e+00
-7.200000000000e-01 -2.040000000000e+00 -7.344000000000e+00
-7.200000000000e-01 -1.960000000000e+00 -6.819200000000e+00
-7.200000000000e-01 -1.880000000000e+00 -6.320000000000e+00
-7.200000000000e-01 -1.800000000000e+00 -5.846400000000e+00
-7.200000000000e-01 -1.720000000000e+00 -5.398400000000e+00
-7.200000000000e-01 -1.640000000000e+00 -4.976000000000e+00
-7.200000000000e-01 -1.560000000000e+00 -4.579200000000e+00
-7.200000000000e-01 -1.480000000000e+00 -4.208000000000e+00
-7.200000000000e-01 -1.400000000000e+00 -3.862400000000e+00
-7.200000000000e-01 -1.320000000000e+00 -3.542400000000e+00
-7.200000000000e-01 -1.240000000000e+00 -3.248000000000e+00
-7.200000000000e-01 -1.160000000000e+00 -2.979200000000e+00
-7.200000000000e-01 -1.080000000000e+00 -2.736000000000e+00
-7.200000000000e-01 -1.000000000000e+00 -2.518400000000e+00
-7.200000000000e-01 -9.200000000000e-01 -2.326400000000e+00
-7.200000000000e-01 -8.400000000000e-01 -2.160000000000e+00
-7.200000000000e-01 -7.600000000000e-01 -2.019200000000e+00
-7.200000000000e-01 -6.800000000000e-01 -1.904000000000e+00
-7.200000000000e-01 -6.000000000000e-01 -1.814400000000e+00
-7.200000000000e-01 -5.200000000000e-01 -1.750400000000e+00
-7.200000000000e-01 -4.400000000000e-01 -1.712000000000e+00
-7.200000000000e-01 -3.600000000000e-01 -1.699200000000e+00
-7.200000000000e-01 -2.800000000000e-01 -1.712000000000e+00
-7.200000000000e-01 -2.000000000000e-01 -1.750400000000e+00
-7.200000000000e-01 -1.200000000000e-01 -1.814400000000e+00
-7.200000000000e-01 -4.000000000000e-02 -1.904000000000e+00
-7.200000000000e-01  4.000000000000e-02 -2.019200000000e+00
-7.200000000000e-01  1.200000000000e-01 -2.160000000000e+00
-7.200000000000e-01  2.000000000000e-01 -2.326400000000e+00
-7.200000000000e-01  2.800000000000e-01 -2.518400000000e+00
-7.200000000000e-01  3.600000000000e-01 -2.736000000000e+00
-7.200000000000e-01  4.400000000000e-01 -2.979200000000e+00
-7.200000000000e-01  5.200000000000e-01 -3.248000000000e+00
-7.200000000000e-01  6.000000000000e-01 -3.542400000000e+00
-7.200000000000e-01  6.800000000000e-01 -3.862400000000e+00
-7.200000000000e-01  7.600000000000e-01 -4.208000000000e+00
-7.200000000000e-01  8.400000000000e-01 -4.579200000000e+00
-7.200000000000e-01  9.200000000000e-01 -4.976000000000e+00
-7.200000000000e-01  1.000000000000e+00 -5.398400000000e+00
-7.200000000000e-01  1.080000000000e+00 -5.846400000000e+00
-7.200000000000e-01  1.160000000000e+00 -6.320000000000e+00
-7.200000000000e-01  1.240000000000e+00 -6.819200000000e+00
-7.200000000000e-01  1.320000000000e+00 -7.344000000000e+00
-7.200000000000e-01  1.400000000000e+00 -7.894400000000e+00
-7.200000000000e-01  1.480000000000e+00 -8.470400000000e+00
-7.200000000000e-01  1.560000000000e+00 -9.072000000000e+00
-7.200000000000e-01  1.640000000000e+00 -9.699200000000e+00
-7.200000000000e-01  1.720000000000e+00 -1.035200000000e+01
-7.200000000000e-01  1.800000000000e+00 -1.103040000000e+01
-7.200000000000e-01  1.880000000000e+00 -1.173440000000e+01
-7.200000000000e-01  1.960000000000e+00 -1.246400000000e+01
-7.200000000000e-01  2.040000000000e+00 -1.321920000000e+01
-7.200000000000e-01  2.120000000000e+00 -1.400000000000e+01
-7.200000000000e-01  2.200000000000e+00 -1.480640000000e+01
-7.200000000000e-01  2.280000000000e+00 -1.563840000000e+01
-7.200000000000e-01  2.360000000000e+00 -1.649600000000e+01
-7.200000000000e-01  2.440000000000e+00 -1.737920000000e+01
-7.200000000000e-01  2.520000000000e+00 -1.828800000000e+01
-7.200000000000e-01  2.600000000000e+00 -1.922240000000e+01
-7.200000000000e-01  2.680000000000e+00 -2.018240000000e+01
-7.200000000000e-01  2.760000000000e+00 -2.116800000000e+01
-7.200000000000e-01  2.840000000000e+00 -2.217920000000e+01
-7.200000000000e-01  2.920000000000e+00 -2.321600000000e+01
-7.200000000000e-01  3.000000000000e+00 -2.427840000000e+01
-7.200000000000e-01  3.080000000000e+00 -2.536640000000e+01
-7.200000000000e-01  3.160000000000e+00 -2.648000000000e+01
-7.200000000000e-01  3.240000000000e+00 -2.761920000000e+01
-7.200000000000e-01  3.320000000000e+00 -2.878400000000e+01
-7.200000000000e-01  3.400000000000e+00 -2.997440000000e+01
-7.200000000000e-01  3.480000000000e+00 -3.119040000000e+01
-7.200000000000e-01  3.560000000000e+00 -3.243200000000e+01
-7.200000000000e-01  3.640000000000e+00 -3.369920000000e+01
-7.200000000000e-01  3.720000000000e+00 -3.499200000000e+01
-7.200000000000e-01  3.800000000000e+00 -3.631040000000e+01
-7.200000000000e-01  3.880000000000e+00 -3.765440000000e+01
-7.200000000000e-01  3.960000000000e+00 -3.902400000000e+01
-7.200000000000e-01  4.040000000000e+00 -4.041920000000e+01
-7.200000000000e-01  4.120000000000e+00 -4.184000000000e+01
-7.200000000000e-01  4.200000000000e+00 -4.328640000000e+01
-7.200000000000e-01  4.280000000000e+00 -4.475840000000e+01
-7.200000000000e-01  4.360000000000e+00 -4.625600000000e+01
-7.200000000000e-01  4.440000000000e+00 -4.777920000000e+01
-7.200000000000e-01  4.520000000000e+00 -4.932800000000e+01
-7.200000000000e-01  4.600000000000e+00 -5.090240000000e+01
-7.200000000000e-01  4.680000000000e+00 -5.250240000000e+01
-7.200000000000e-01  4.760000000000e+00 -5.412800000000e+01
-7.200000000000e-01  4.840000000000e+00 -5.577920000000e+01
-7.200000000000e-01  4.920000000000e+00 -5.745600000000e+01
-7.200000000000e-01  5.000000000000e+00 -5.915840000000e+01

-6.400000000000e-01 -3.000000000000e+00 -1.584960000000e+01
-6.400000000000e-01 -2.920000000000e+00 -1.500480000000e+01
-6.400000000000e-01 -2.840000000000e+00 -1.418560000000e+01
-6.400000000000e-01 -2.760000000000e+00 -1.339200000000e+01
-6.400000000000e-01 -2.680000000000e+00 -1.262400000000e+01
-6.400000000000e-01 -2.600000000000e+00 -1.188160000000e+01
-6.400000000000e-01 -2.520000000000e+00 -1.116480000000e+01
-6.400000000000e-01 -2.440000000000e+00 -1.047360000000e+01
-6.400000000000e-01 -2.360000000000e+00 -9.808000000000e+00
-6.400000000000e-01 -2.280000000000e+00 -9.168000000000e+00
-6.400000000000e-01 -2.200000000000e+00 -8.553600000000e+00
-6.400000000000e-01 -2.120000000000e+00 -7.964800000000e+00
-6.400000000000e-01 -2.040000000000e+00 -7.401600000000e+00
-6.400000000000e-01 -1.960000000000e+00 -6.864000000000e+00
-6.400000000000e-01 -1.880000000000e+00 -6.352000000000e+00
-6.400000000000e-01 -1.800000000000e+00 -5.865600000000e+00
-6.400000000000e-01 -1.720000000000e+00 -5.404800000000e+00
-6.400000000000e-01 -1.640000000000e+00 -4.969600000000e+00
-6.400000000000e-01 -1.560000000000e+00 -4.560000000000e+00
-6.400000000000e-01 -1.480000000000e+00 -4.176000000000e+00
-6.400000000000e-01 -1.400000000000e+00 -3.817600000000e+00
-6.400000000000e-01 -1.320000000000e+00 -3.484800000000e+00
-6.400000000000e-01 -1.240000000000e+00 -3.177600000000e+00
-6.400000000000e-01 -1.160000000000e+00 -2.896000000000e+00
-6.400000000000e-01 -1.080000000000e+00 -2.640000000000e+00
-6.400000000000e-01 -1.000000000000e+00 -2.409600000000e+00
-6.400000000000e-01 -9.200000000000e-01 -2.204800000000e+00
-6.400000000000e-01 -8.400000000000e-01 -2.025600000000e+00
-6.400000000000e-01 -7.600000000000e-01 -1.872000000000e+00
-6.400000000000e-01 -6.800000000000e-01 -1.744000000000e+00
-6.400000000000e-01 -6.000000000000e-01 -1.641600000000e+00
-6.400000000000e-01 -5.200000000000e-01 -1.564800000000e+00
-6.400000000000e-01 -4.400000000000e-01 -1.513600000000e+00
-6.400000000000e-01 -3.600000000000e-01 -1.488000000000e+00
-6.400000000000e-01 -2.800000000000e-01 -1.488000000000e+00
-6.400000000000e-01 -2.000000000000e-01 -1.513600000000e+00
-6.400000000000e-01 -1.200000000000e-01 -1.564800000000e+00
-6.400000000000e-01 -4.000000000000e-02 -1.641600000000e+00
-6.400000000000e-01  4.000000000000e-02 -1.744000000000e+00
-6.400000000000e-01  1.200000000000e-01 -1.872000000000e+00
-6.400000000000e-01  2.000000000000e-01 -2.025600000000e+00
-6.400000000000e-01  2.800000000000e-01 -2.204800000000e+00
-6.400000000000e-01  3.600000000000e-01 -2.409600000000e+00
-6.400000000000e-01  4.400000000000e-01 -2.640000000000e+00
-6.400000000000e-01  5.200000000000e-01 -2.896000000000e+00
-6.400000000000e-01  6.000000000000e-01 -3.177600000000e+00
-6.400000000000e-01  6.800000000000e-01 -3.484800000000e+00
-6.400000000000e-01  7.600000000000e-01 -3.817600000000e+00
-6.400000000000e-01  8.400000000000e-01 -4.176000000000e+00
-6.400000000000e-01  9.200000000000e-01 -4.560000000000e+00
-6.400000000000e-01  1.000000000000e+00 -4.969600000000e+00
-6.400000000000e-01  1.080000000000e+00 -5.404800000000e+00
-6.400000000000e-01  1.160000000000e+00 -5.865600000000e+00
-6.400000000000e-01  1.240000000000e+00 -6.352000000000e+00
-6.400000000000e-01  1.320000000000e+00 -6.864000000000e+00
-6.400000000000e-01  1.400000000000e+00 -7.401600000000e+00
-6.400000000000e-01  1.480000000000e+00 -7.964800000000e+00
-6.400000000000e-01  1.560000000000e+00 -8.553600000000e+00
-6.400000000000e-01  1.640000000000e+00 -9.168000000000e+00
-6.400000000000e-01  1.720000000000e+00 -9.808000000000e+00
-6.400000000000e-01  1.800000000000e+00 -1.047360000000e+01
-6.400000000000e-01  1.880000000000e+00 -1.116480000000e+01
-6.400000000000e-01  1.960000000000e+00 -1.188160000000e+01
-6.400000000000e-01  2.040000000000e+00 -1.262400000000e+01
-6.400000000000e-01  2.120000000000e+00 -1.339200000000e+01
-6.400000000000e-01  2.200000000000e+00 -1.418560000000e+01
-6.400000000000e-01  2.280000000000e+00 -1.500480000000e+01
-6.400000000000e-01  2.360000000000e+00 -1.584960000000e+01
-6.400000000000e-01  2.440000000000e+00 -1.672000000000e+01
-6.400000000000e-01  2.520000000000e+00 -1.761600000000e+01
-6.400000000000e-01  2.600000000000e+00 -1.853760000000e+01
-6.400000000000e-01  2.680000000000e+00 -1.948480000000e+01
-6.400000000000e-01  2.760000000000e+00 -2.045760000000e+01
-6.400000000000e-01  2.840000000000e+00 -2.145600000000e+01
-6.400000000000e-01  2.920000000000e+00 -2.248000000000e+01
-6.400000000000e-01  3.000000000000e+00 -2.352960000000e+01
-6.400000000000e-01  3.080000000000e+00 -2.460480000000e+01
-6.400000000000e-01  3.160000000000e+00 -2.570560000000e+01
-6.400000000000e-01  3.240000000000e+00 -2.683200000000e+01
-6.400000000000e-01  3.320000000000e+00 -2.798400000000e+01
-6.400000000000e-01  3.400000000000e+00 -2.916160000000e+01
-6.400000000000e-01  3.480000000000e+00 -3.036480000000e+01
-6.400000000000e-01  3.560000000000e+00 -3.159360000000e+01
-6.400000000000e-01  3.640000000000e+00 -3.284800000000e+01
-6.400000000000e-01  3.720000000000e+00 -3.412800000000e+01
-6.400000000000e-01  3.800000000000e+00 -3.543360000000e+01
-6.400000000000e-01  3.880000000000e+00 -3.676480000000e+01
-6.400000000000e-01  3.960000000000e+00 -3.812160000000e+01
-6.400000000000e-01  4.040000000000e+00 -3.950400000000e+01
-6.400000000000e-01  4.120000000000e+00 -4.091200000000e+01
-6.400000000000e-01  4.200000000000e+00 -4.234560000000e+01
-6.400000000000e-01  4.280000000000e+00 -4.380480000000e+01
-6.400000000000e-01  4.360000000000e+00 -4.528960000000e+01
-6.400000000000e-01  4.440000000000e+00 -4.680000000000e+01
-6.400000000000e-01  4.520000000000e+00 -4.833600000000e+01
-6.400000000000e-01  4.600000000000e+00 -4.989760000000e+01
-6.400000000000e-01  4.680000000000e+00 -5.148480000000e+01
-6.400000000000e-01  4.760000000000e+00 -5.309760000000e+01
-6.400000000000e-01  4.840000000000e+00 -5.473600000000e+01
-6.400000000000e-01  4.920000000000e+00 -5.640000000000e+01
-6.400000000000e-01  5.000000000000e+00 -5.808960000000e+01

-5.600000000000e-01 -3.000000000000e+00 -1.607360000000e+01
-5.600000000000e-01 -2.920000000000e+00 -1.521600000000e+01
-5.600000000000e-01 -2.840000000000e+00 -1.438400000000e+01
-5.600000000000e-01 -2.760000000000e+00 -1.357760000000e+01
-5.600000000000e-01 -2.680000000000e+00 -1.279680000000e+01
-5.600000000000e-01 -2.600000000000e+00 -1.204160000000e+01
-5.600000000000e-01 -2.520000000000e+00 -1.131200000000e+01
-5.600000000000e-01 -2.440000000000e+00 -1.060800000000e+01
-5.600000000000e-01 -2.360000000000e+00 -9.929600000000e+00
-5.600000000000e-01 -2.280000000000e+00 -9.276800000000e+00
-5.600000000000e-01 -2.200000000000e+00 -8.649600000000e+00
-5.600000000000e-01 -2.120000000000e+00 -8.048000000000e+00
-5.600000000000e-01 -2.040000000000e+00 -7.472000000000e+00
-5.600000000000e-01 -1.960000000000e+00 -6.921600000000e+00
-5.600000000000e-01 -1.880000000000e+00 -6.396800000000e+00
-5.600000000000e-01 -1.800000000000e+00 -5.897600000000e+00
-5.600000000000e-01 -1.720000000000e+00 -5.424000000000e+00
-5.600000000000e-01 -1.640000000000e+00 -4.976000000000e+00
-5.600000000000e-01 -1.560000000000e+00 -4.553600000000e+00
-5.600000000000e-01 -1.480000000000e+00 -4.156800000000e+00
-5.600000000000e-01 -1.400000000000e+00 -3.785600000000e+00
-5.600000000000e-01 -1.320000000000e+00 -3.440000000000e+00
-5.600000000000e-01 -1.240000000000e+00 -3.120000000000e+00
-5.600000000000e-01 -1.160000000000e+00 -2.825600000000e+00
-5.600000000000e-01 -1.080000000000e+00 -2.556800000000e+00
-5.600000000000e-01 -1.000000000000e+00 -2.313600000000e+00
-5.600000000000e-01 -9.200000000000e-01 -2.096000000000e+00
-5.600000000000e-01 -8.400000000000e-01 -1.904000000000e+00
-5.600000000000e-01 -7.600000000000e-01 -1.737600000000e+00
-5.600000000000e-01 -6.800000000000e-01 -1.596800000000e+00
-5.600000000000e-01 -6.000000000000e-01 -1.481600000000e+00
-5.600000000000e-01 -5.200000000000e-01 -1.392000000000e+00
-5.600000000000e-01 -4.400000000000e-01 -1.328000000000e+00
-5.600000000000e-01 -3.600000000000e-01 -1.289600000000e+00
-5.600000000000e-01 -2.800000000000e-01 -1.276800000000e+00
-5.600000000000e-01 -2.000000000000e-01 -1.289600000000e+00
-5.600000000000e-01 -1.200000000000e-01 -1.328000000000e+00
-5.600000000000e-01 -4.000000000000e-02 -1.392000000000e+00
-5.600000000000e-01  4.000000000000e-02 -1.481600000000e+00
-5.600000000000e-01  1.200000000000e-01 -1.596800000000e+00
-5.600000000000e-01  2.000000000000e-01 -1.737600000000e+00
-5.600000000000e-01  2.800000000000e-01 -1.904000000000e+00
-5.600000000000e-01  3.600000000000e-01 -2.096000000000e+00
-5.600000000000e-01  4.400000000000e-01 -2.313600000000e+00
-5.600000000000e-01  5.200000000000e-01 -2.556800000000e+00
-5.600000000000e-01  6.000000000000e-01 -2.825600000000e+00
-5.600000000000e-01  6.800000000000e-01 -3.120000000000e+00
-5.600000000000e-01  7.600000000000e-01 -3.440000000000e+00
-5.600000000000e-01  8.400000000000e-01 -3.785600000000e+00
-5.600000000000e-01  9.200000000000e-01 -4.156800000000e+00
-5.600000000000e-01  1.000000000000e+00 -4.553600000000e+00
-5.600000000000e-01  1.080000000000e+00 -4.976000000000e+00
-5.600000000000e-01  1.160000000000e+00 -5.424000000000e+00
-5.600000000000e-01  1.240000000000e+00 -5.897600000000e+00
-5.600000000000e-01  1.320000000000e+00 -6.396800000000e+00
-5.600000000000e-01  1.400000000000e+00 -6.921600000000e+00
-5.600000000000e-01  1.480000000000e+00 -7.472000000000e+00
-5.600000000000e-01  1.560000000000e+00 -8.048000000000e+00
-5.600000000000e-01  1.640000000000e+00 -8.649600000000e+00
-5.600000000000e-01  1.720000000000e+00 -9.276800000000e+00
-5.600000000000e-01  1.800000000000e+00 -9.929600000000e+00
-5.600000000000e-01  1.880000000000e+00 -1.060800000000e+01
-5.600000000000e-01  1.960000000000e+00 -1.131200000000e+01
-5.600000000000e-01  2.040000000000e+00 -1.204160000000e+01
-5.600000000000e-01  2.120000000000e+00 -1.279680000000e+01
-5.600000000000e-01  2.200000000000e+00 -1.357760000000e+01
-5.600000000000e-01  2.280000000000e+00 -1.438400000000e+01
-5.600000000000e-01  2.360000000000e+00 -1.521600000000e+01
-5.600000000000e-01  2.440000000000e+00 -1.607360000000e+01
-5.600000000000e-01  2.520000000000e+00 -1.695680000000e+01
-5.600000000000e-01  2.600000000000e+00 -1.786560000000e+01
-5.600000000000e-01  2.680000000000e+00 -1.880000000000e+01
-5.600000000000e-01  2.760000000000e+00 -1.976000000000e+01
-5.600000000000e-01  2.840000000000e+00 -2.074560000000e+01
-5.600000000000e-01  2.920000000000e+00 -2.175680000000e+01
-5.600000000000e-01  3.000000000000e+00 -2.279360000000e+01
-5.600000000000e-01  3.080000000000e+00 -2.385600000000e+01
-5.600000000000e-01  3.160000000000e+00 -2.494400000000e+01
-5.600000000000e-01  3.240000000000e+00 -2.605760000000e+01
-5.600000000000e-01  3.320000000000e+00 -2.719680000000e+01
-5.600000000000e-01  3.400000000000e+00 -2.836160000000e+01
-5.600000000000e-01  3.480000000000e+00 -2.955200000000e+01
-5.600000000000e-01  3.560000000000e+00 -3.076800000000e+01
-5.600000000000e-01  3.640000000000e+00 -3.200960000000e+01
-5.600000000000e-01  3.720000000000e+00 -3.327680000000e+01
-5.600000000000e-01  3.800000000000e+00 -3.456960000000e+01
-5.600000000000e-01  3.880000000000e+00 -3.588800000000e+01
-5.600000000000e-01  3.960000000000e+00 -3.723200000000e+01
-5.600000000000e-01  4.040000000000e+00 -3.860160000000e+01
-5.600000000000e-01  4.120000000000e+00 -3.999680000000e+01
-5.600000000000e-01  4.200000000000e+00 -4.141760000000e+01
-5.600000000000e-01  4.280000000000e+00 -4.286400000000e+01
-5.600000000000e-01  4.360000000000e+00 -4.433600000000e+01
-5.600000000000e-01  4.440000000000e+00 -4.583360000000e+01
-5.600000000000e-01  4.520000000000e+00 -4.735680000000e+01
-5.600000000000e-01  4.600000000000e+00 -4.890560000000e+01
-5.600000000000e-01  4.680000000000e+00 -5.048000000000e+01
-5.600000000000e-01  4.760000000000e+00 -5.208000000000e+01
-5.600000000000e-01  4.840000000000e+00 -5.370560000000e+01
-5.600000000000e-01  4.920000000000e+00 -5.535680000000e+01
-5.600000000000e-01  5.000000000000e+00 -5.703360000000e+01

-4.800000000000e-01 -3.000000000000e+00 -1.631040000000e+01
-4.800000000000e-01 -2.920000000000e+00 -1.544000000000e+01
-4.800000000000e-01 -2.840000000000e+00 -1.459520000000e+01
-4.800000000000e-01 -2.760000000000e+00 -1.377600000000e+01
-4.800000000000e-01 -2.680000000000e+00 -1.298240000000e+01
-4.800000000000e-01 -2.600000000000e+00 -1.221440000000e+01
-4.800000000000e-01 -2.520000000000e+00 -1.147200000000e+01
-4.800000000000e-01 -2.440000000000e+00 -1.075520000000e+01
-4.800000000000e-01 -2.360000000000e+00 -1.006400000000e+01
-4.800000000000e-01 -2.280000000000e+00 -9.398400000000e+00
-4.800000000000e-01 -2.200000000000e+00 -8.758400000000e+00
-4.800000000000e-01 -2.120000000000e+00 -8.144000000000e+00
-4.800000000000e-01 -2.040000000000e+00 -7.555200000000e+00
-4.800000000000e-01 -1.960000000000e+00 -6.992000000000e+00
-4.800000000000e-01 -1.880000000000e+00 -6.454400000000e+00
-4.800000000000e-01 -1.800000000000e+00 -5.942400000000e+00
-4.800000000000e-01 -1.720000000000e+00 -5.456000000000e+00
-4.800000000000e-01 -1.640000000000e+00 -4.995200000000e+00
-4.800000000000e-01 -1.560000000000e+00 -4.560000000000e+00
-4.800000000000e-01 -1.480000000000e+00 -4.150400000000e+00
-4.800000000000e-01 -1.400000000000e+00 -3.766400000000e+00
-4.800000000000e-01 -1.320000000000e+00 -3.408000000000e+00
-4.800000000000e-01 -1.240000000000e+00 -3.075200000000e+00
-4.800000000000e-01 -1.160000000000e+00 -2.768000000000e+00
-4.800000000000e-01 -1.080000000000e+00 -2.486400000000e+00
-4.800000000000e-01 -1.000000000000e+00 -2.230400000000e+00
-4.800000000000e-01 -9.200000000000e-01 -2.000000000000e+00
-4.800000000000e-01 -8.400000000000e-01 -1.795200000000e+00
-4.800000000000e-01 -7.600000000000e-01 -1.616000000000e+00
-4.800000000000e-01 -6.800000000000e-01 -1.462400000000e+00
-4.800000000000e-01 -6.000000000000e-01 -1.334400000000e+00
-4.800000000000e-01 -5.200000000000e-01 -1.232000000000e+00
-4.800000000000e-01 -4.400000000000e-01 -1.155200000000e+00
-4.800000000000e-01 -3.600000000000e-01 -1.104000000000e+00
-4.800000000000e-01 -2.800000000000e-01 -1.078400000000e+00
-4.800000000000e-01 -2.000000000000e-01 -1.078400000000e+00
-4.800000000000e-01 -1.200000000000e-01 -1.104000000000e+00
-4.800000000000e-01 -4.000000000000e-02 -1.155200000000e+00
-4.800000000000e-01  4.000000000000e-02 -1.232000000000e+00
-4.800000000000e-01  1.200000000000e-01 -1.334400000000e+00
-4.800000000000e-01  2.000000000000e-01 -1.462400000000e+00
-4.800000000000e-01  2.800000000000e-01 -1.616000000000e+00
-4.800000000000e-01  3.600000000000e-01 -1.795200000000e+00
-4.800000000000e-01  4.400000000000e-01 -2.000000000000e+00
-4.800000000000e-01  5.200000000000e-01 -2.230400000000e+00
-4.800000000000e-01  6.000000000000e-01 -2.486400000000e+00
-4.800000000000e-01  6.800000000000e-01 -2.768000000000e+00
-4.800000000000e-01  7.600000000000e-01 -3.075200000000e+00
-4.800000000000e-01  8.400000000000e-01 -3.408000000000e+00
-4.800000000000e-01  9.200000000000e-01 -3.766400000000e+00
-4.800000000000e-01  1.000000000000e+00 -4.150400000000e+00
-4.800000000000e-01  1.080000000000e+00 -4.560000000000e+00
-4.800000000000e-01  1.160000000000e+00 -4.995200000000e+00
-4.800000000000e-01  1.240000000000e+00 -5.456000000000e+00
-4.800000000000e-01  1.320000000000e+00 -5.942400000000e+00
-4.800000000000e-01  1.400000000000e+00 -6.454400000000e+00
-4.800000000000e-01  1.480000000000e+00 -6.992000000000e+00
-4.800000000000e-01  1.560000000000e+00 -7.555200000000e+00
-4.800000000000e-01  1.640000000000e+00 -8.144000000000e+00
-4.800000000000e-01  1.720000000000e+00 -8.758400000000e+00
-4.800000000000e-01  1.800000000000e+00 -9.398400000000e+00
-4.800000000000e-01  1.880000000000e+00 -1.006400000000e+01
-4.800000000000e-01  1.960000000000e+00 -1.075520000000e+01
-4.800000000000e-01  2.040000000000e+00 -1.147200000000e+01
-4.800000000000e-01  2.120000000000e+00 -1.221440000000e+01
-4.800000000000e-01  2.200000000000e+00 -1.298240000000e+01
-4.800000000000e-01  2.280000000000e+00 -1.377600000000e+01
-4.800000000000e-01  2.360000000000e+00 -1.459520000000e+01
-4.800000000000e-01  2.440000000000e+00 -1.544000000000e+01
-4.800000000000e-01  2.520000000000e+00 -1.631040000000e+01
-4.800000000000e-01  2.600000000000e+00 -1.720640000000e+01
-4.800000000000e-01  2.680000000000e+00 -1.812800000000e+01
-4.800000000000e-01  2.760000000000e+00 -1.907520000000e+01
-4.800000000000e-01  2.840000000000e+00 -2.004800000000e+01
-4.800000000000e-01  2.920000000000e+00 -2.104640000000e+01
-4.800000000000e-01  3.000000000000e+00 -2.207040000000e+01
-4.800000000000e-01  3.080000000000e+00 -2.312000000000e+01
-4.800000000000e-01  3.160000000000e+00 -2.419520000000e+01
-4.800000000000e-01  3.240000000000e+00 -2.529600000000e+01
-4.800000000000e-01  3.320000000000e+00 -2.642240000000e+01
-4.800000000000e-01  3.400000000000e+00 -2.757440000000e+01
-4.800000000000e-01  3.480000000000e+00 -2.875200000000e+01
-4.800000000000e-01  3.560000000000e+00 -2.995520000000e+01
-4.800000000000e-01  3.640000000000e+00 -3.118400000000e+01
-4.800000000000e-01  3.720000000000e+00 -3.243840000000e+01
-4.800000000000e-01  3.800000000000e+00 -3.371840000000e+01
-4.800000000000e-01  3.880000000000e+00 -3.502400000000e+01
-4.800000000000e-01  3.960000000000e+00 -3.635520000000e+01
-4.800000000000e-01  4.040000000000e+00 -3.771200000000e+01
-4.800000000000e-01  4.120000000000e+00 -3.909440000000e+01
-4.800000000000e-01  4.200000000000e+00 -4.050240000000e+01
-4.800000000000e-01  4.280000000000e+00 -4.193600000000e+01
-4.800000000000e-01  4.360000000000e+00 -4.339520000000e+01
-4.800000000000e-01  4.440000000000e+00 -4.488000000000e+01
-4.800000000000e-01  4.520000000000e+00 -4.639040000000e+01
-4.800000000000e-01  4.600000000000e+00 -4.792640000000e+01
-4.800000000000e-01  4.680000000000e+00 -4.948800000000e+01
-4.800000000000e-01  4.760000000000e+00 -5.107520000000e+01
-4.800000000000e-01  4.840000000000e+00 -5.268800000000e+01
-4.800000000000e-01  4.920000000000e+00 -5.432640000000e+01
-4.800000000000e-01  5.000000000000e+00 -5.599040000000e+01

-4.000000000000e-01 -3.000000000000e+00 -1.656000000000e+01
-4.000000000000e-01 -2.920000000000e+00 -1.567680000000e+01
-4.000000000000e-01 -2.840000000000e+00 -1.481920000000e+01
-4.000000000000e-01 -2.760000000000e+00 -1.398720000000e+01
-4.000000000000e-01 -2.680000000000e+00 -1.318080000000e+01
-4.000000000000e-01 -2.600000000000e+00 -1.240000000000e+01
-4.000000000000e-01 -2.520000000000e+00 -1.164480000000e+01
-4.000000000000e-01 -2.440000000000e+00 -1.091520000000e+01
-4.000000000000e-01 -2.360000000000e+00 -1.021120000000e+01
-4.000000000000e-01 -2.280000000000e+00 -9.532800000000e+00
-4.000000000000e-01 -2.200000000000e+00 -8.880000000000e+00
-4.000000000000e-01 -2.120000000000e+00 -8.252800000000e+00
-4.000000000000e-01 -2.040000000000e+00 -7.651200000000e+00
-4.000000000000e-01 -1.960000000000e+00 -7.075200000000e+00
-4.000000000000e-01 -1.880000000000e+00 -6.524800000000e+00
-4.000000000000e-01 -1.800000000000e+00 -6.000000000000e+00
-4.000000000000e-01 -1.720000000000e+00 -5.500800000000e+00
-4.000000000000e-01 -1.640000000000e+00 -5.027200000000e+00
-4.000000000000e-01 -1.560000000000e+00 -4.579200000000e+00
-4.000000000000e-01 -1.480000000000e+00 -4.156800000000e+00
-4.000000000000e-01 -1.400000000000e+00 -3.760000000000e+00
-4.000000000000e-01 -1.320000000000e+00 -3.388800000000e+00
-4.000000000000e-01 -1.240000000000e+00 -3.043200000000e+00
-4.000000000000e-01 -1.160000000000e+00 -2.723200000000e+00
-4.000000000000e-01 -1.080000000000e+00 -2.428800000000e+00
-4.000000000000e-01 -1.000000000000e+00 -2.160000000000e+00
-4.000000000000e-01 -9.200000000000e-01 -1.916800000000e+00
-4.000000000000e-01 -8.400000000000e-01 -1.699200000000e+00
-4.000000000000e-01 -7.600000000000e-01 -1.507200000000e+00
-4.000000000000e-01 -6.800000000000e-01 -1.340800000000e+00
-4.000000000000e-01 -6.000000000000e-01 -1.200000000000e+00
-4.000000000000e-01 -5.200000000000e-01 -1.084800000000e+00
-4.000000000000e-01 -4.400000000000e-01 -9.952000000000e-01
-4.000000000000e-01 -3.600000000000e-01 -9.312000000000e-01
-4.000000000000e-01 -2.800000000000e-01 -8.928000000000e-01
-4.000000000000e-01 -2.000000000000e-01 -8.800000000000e-01
-4.000000000000e-01 -1.200000000000e-01 -8.928000000000e-01
-4.000000000000e-01 -4.000000000000e-02 -9.312000000000e-01
-4.000000000000e-01  4.000000000000e-02 -9.952000000000e-01
-4.000000000000e-01  1.200000000000e-01 -1.084800000000e+00
-4.000000000000e-01  2.000000000000e-01 -1.200000000000e+00
-4.000000000000e-01  2.800000000000e-01 -1.340800000000e+00
-4.000000000000e-01  3.600000000000e-01 -1.507200000000e+00
-4.000000000000e-01  4.400000000000e-01 -1.699200000000e+00
-4.000000000000e-01  5.200000000000e-01 -1.916800000000e+00
-4.000000000000e-01  6.000000000000e-01 -2.160000000000e+00
-4.000000000000e-01  6.800000000000e-01 -2.428800000000e+00
-4.000000000000e-01  7.600000000000e-01 -2.723200000000e+00
-4.000000000000e-01  8.400000000000e-01 -3.043200000000e+00
-4.000000000000e-01  9.200000000000e-01 -3.388800000000e+00
-4.000000000000e-01  1.000000000000e+00 -3.760000000000e+00
-4.000000000000e-01  1.080000000000e+00 -4.156800000000e+00
-4.000000000000e-01  1.160000000000e+00 -4.579200000000e+00
-4.000000000000e-01  1.240000000000e+00 -5.027200000000e+00
-4.000000000000e-01  1.320000000000e+00 -5.500800000000e+00
-4.000000000000e-01  1.400000000000e+00 -6.000000000000e+00
-4.000000000000e-01  1.480000000000e+00 -6.524800000000e+00
-4.000000000000e-01  1.560000000000e+00 -7.075200000000e+00
-4.000000000000e-01  1.640000000000e+00 -7.651200000000e+00
-4.000000000000e-01  1.720000000000e+00 -8.252800000000e+00
-4.000000000000e-01  1.800000000000e+00 -8.880000000000e+00
-4.000000000000e-01  1.880000000000e+00 -9.532800000000e+00
-4.000000000000e-01  1.960000000000e+00 -1.021120000000e+01
-4.000000000000e-01  2.040000000000e+00 -1.091520000000e+01
-4.000000000000e-01  2.120000000000e+00 -1.164480000000e+01
-4.000000000000e-01  2.200000000000e+00 -1.240000000000e+01
-4.000000000000e-01  2.280000000000e+00 -1.318080000000e+01
-4.000000000000e-01  2.360000000000e+00 -1.398720000000e+01
-4.000000000000e-01  2.440000000000e+00 -1.481920000000e+01
-4.000000000000e-01  2.520000000000e+00 -1.567680000000e+01
-4.000000000000e-01  2.600000000000e+00 -1.656000000000e+01
-4.000000000000e-01  2.680000000000e+00 -1.746880000000e+01
-4.000000000000e-01  2.760000000000e+00 -1.840320000000e+01
-4.000000000000e-01  2.840000000000e+00 -1.936320000000e+01
-4.000000000000e-01  2.920000000000e+00 -2.034880000000e+01
-4.000000000000e-01  3.000000000000e+00 -2.136000000000e+01
-4.000000000000e-01  3.080000000000e+00 -2.239680000000e+01
-4.000000000000e-01  3.160000000000e+00 -2.345920000000e+01
-4.000000000000e-01  3.240000000000e+00 -2.454720000000e+01
-4.000000000000e-01  3.320000000000e+00 -2.566080000000e+01
-4.000000000000e-01  3.400000000000e+00 -2.680000000000e+01
-4.000000000000e-01  3.480000000000e+00 -2.796480000000e+01
-4.000000000000e-01  3.560000000000e+00 -2.915520000000e+01
-4.000000000000e-01  3.640000000000e+00 -3.037120000000e+01
-4.000000000000e-01  3.720000000000e+00 -3.161280000000e+01
-4.000000000000e-01  3.800000000000e+00 -3.288000000000e+01
-4.000000000000e-01  3.880000000000e+00 -3.417280000000e+01
-4.000000000000e-01  3.960000000000e+00 -3.549120000000e+01
-4.000000000000e-01  4.040000000000e+00 -3.683520000000e+01
-4.000000000000e-01  4.120000000000e+00 -3.820480000000e+01
-4.000000000000e-01  4.200000000000e+00 -3.960000000000e+01
-4.000000000000e-01  4.280000000000e+00 -4.102080000000e+01
-4.000000000000e-01  4.360000000000e+00 -4.246720000000e+01
-4.000000000000e-01  4.440000000000e+00 -4.393920000000e+01
-4.000000000000e-01  4.520000000000e+00 -4.543680000000e+01
-4.000000000000e-01  4.600000000000e+00 -4.696000000000e+01
-4.000000000000e-01  4.680000000000e+00 -4.850880000000e+01
-4.000000000000e-01  4.760000000000e+00 -5.008320000000e+01
-4.000000000000e-01  4.840000000000e+00 -5.168320000000e+01
-4.000000000000e-01  4.920000000000e+00 -5.330880000000e+01
-4.000000000000e-01  5.000000000000e+00 -5.496000000000e+01

-3.200000000000e-01 -3.000000000000e+00 -1.682240000000e+01
-3.200000000000e-01 -2.920000000000e+00 -1.592640000000e+01
-3.200000000000e-01 -2.840000000000e+00 -1.505600000000e+01
-3.200000000000e-01 -2.760000000000e+00 -1.421120000000e+01
-3.200000000000e-01 -2.680000000000e+00 -1.339200000000e+01
-3.200000000000e-01 -2.600000000000e+00 -1.259840000000e+01
-3.200000000000e-01 -2.520000000000e+00 -1.183040000000e+01
-3.200000000000e-01 -2.440000000000e+00 -1.108800000000e+01
-3.200000000000e-01 -2.360000000000e+00 -1.037120000000e+01
-3.200000000000e-01 -2.280000000000e+00 -9.680000000000e+00
-3.200000000000e-01 -2.200000000000e+00 -9.014400000000e+00
-3.200000000000e-01 -2.120000000000e+00 -8.374400000000e+00
-3.200000000000e-01 -2.040000000000e+00 -7.760000000000e+00
-3.200000000000e-01 -1.960000000000e+00 -7.171200000000e+00
-3.200000000000e-01 -1.880000000000e+00 -6.608000000000e+00
-3.200000000000e-01 -1.800000000000e+00 -6.070400000000e+00
-3.200000000000e-01 -1.720000000000e+00 -5.558400000000e+00
-3.200000000000e-01 -1.640000000000e+00 -5.072000000000e+00
-3.200000000000e-01 -1.560000000000e+00 -4.611200000000e+00
-3.200000000000e-01 -1.480000000000e+00 -4.176000000000e+00
-3.200000000000e-01 -1.400000000000e+00 -3.766400000000e+00
-3.200000000000e-01 -1.320000000000e+00 -3.382400000000e+00
-3.200000000000e-01 -1.240000000000e+00 -3.024000000000e+00
-3.200000000000e-01 -1.160000000000e+00 -2.691200000000e+00
-3.200000000000e-01 -1.080000000000e+00 -2.384000000000e+00
-3.200000000000e-01 -1.000000000000e+00 -2.102400000000e+00
-3.200000000000e-01 -9.200000000000e-01 -1.846400000000e+00
-3.200000000000e-01 -8.400000000000e-01 -1.616000000000e+00
-3.200000000000e-01 -7.600000000000e-01 -1.411200000000e+00
-3.200000000000e-01 -6.800000000000e-01 -1.232000000000e+00
-3.200000000000e-01 -6.000000000000e-01 -1.078400000000e+00
-3.200000000000e-01 -5.200000000000e-01 -9.504000000000e-01
-3.200000000000e-01 -4.400000000000e-01 -8.480000000000e-01
-3.200000000000e-01 -3.600000000000e-01 -7.712000000000e-01
-3.200000000000e-01 -2.800000000000e-01 -7.200000000000e-01
-3.200000000000e-01 -2.000000000000e-01 -6.944000000000e-01
-3.200000000000e-01 -1.200000000000e-01 -6.944000000000e-01
-3.200000000000e-01 -4.000000000000e-02 -7.200000000000e-01
-3.200000000000e-01  4.000000000000e-02 -7.712000000000e-01
-3.200000000000e-01  1.200000000000e-01 -8.480000000000e-01
-3.200000000000e-01  2.000000000000e-01 -9.504000000000e-01
-3.200000000000e-01  2.800000000000e-01 -1.078400000000e+00
-3.200000000000e-01  3.600000000000e-01 -1.232000000000e+00
-3.200000000000e-01  4.400000000000e-01 -1.411200000000e+00
-3.200000000000e-01  5.200000000000e-01 -1.616000000000e+00
-3.200000000000e-01  6.000000000000e-01 -1.846400000000e+00
-3.200000000000e-01  6.800000000000e-01 -2.102400000000e+00
-3.200000000000e-01  7.600000000000e-01 -2.384000000000e+00
-3.200000000000e-01  8.400000000000e-01 -2.691200000000e+00
-3.200000000000e-01  9.200000000000e-01 -3.024000000000e+00
-3.200000000000e-01  1.000000000000e+00 -3.382400000000e+00
-3.200000000000e-01  1.080000000000e+00 -3.766400000000e+00
-3.200000000000e-01  1.160000000000e+00 -4.176000000000e+00
-3.200000000000e-01  1.240000000000e+00 -4.611200000000e+00
-3.200000000000e-01  1.320000000000e+00 -5.072000000000e+00
-3.200000000000e-01  1.400000000000e+00 -5.558400000000e+00
-3.200000000000e-01  1.480000000000e+00 -6.070400000000e+00
-3.200000000000e-01  1.560000000000e+00 -6.608000000000e+00
-3.200000000000e-01  1.640000000000e+00 -7.171200000000e+00
-3.200000000000e-01  1.720000000000e+00 -7.760000000000e+00
-3.200000000000e-01  1.800000000000e+00 -8.374400000000e+00
-3.200000000000e-01  1.880000000000e+00 -9.014400000000e+00
-3.200000000000e-01  1.960000000000e+00 -9.680000000000e+00
-3.200000000000e-01  2.040000000000e+00 -1.037120000000e+01
-3.200000000000e-01  2.120000000000e+00 -1.108800000000e+01
-3.200000000000e-01  2.200000000000e+00 -1.183040000000e+01
-3.200000000000e-01  2.280000000000e+00 -1.259840000000e+01
-3.200000000000e-01  2.360000000000e+00 -1.339200000000e+01
-3.200000000000e-01  2.440000000000e+00 -1.421120000000e+01
-3.200000000000e-01  2.520000000000e+00 -1.505600000000e+01
-3.200000000000e-01  2.600000000000e+00 -1.592640000000e+01
-3.200000000000e-01  2.680000000000e+00 -1.682240000000e+01
-3.200000000000e-01  2.760000000000e+00 -1.774400000000e+01
-3.200000000000e-01  2.840000000000e+00 -1.869120000000e+01
-3.200000000000e-01  2.920000000000e+00 -1.966400000000e+01
-3.200000000000e-01  3.000000000000e+00 -2.066240000000e+01
-3.200000000000e-01  3.080000000000e+00 -2.168640000000e+01
-3.200000000000e-01  3.160000000000e+00 -2.273600000000e+01
-3.200000000000e-01  3.240000000000e+00 -2.381120000000e+01
-3.200000000000e-01  3.320000000000e+00 -2.491200000000e+01
-3.200000000000e-01  3.400000000000e+00 -2.603840000000e+01
-3.200000000000e-01  3.480000000000e+00 -2.719040000000e+01
-3.200000000000e-01  3.560000000000e+00 -2.836800000000e+01
-3.200000000000e-01  3.640000000000e+00 -2.957120000000e+01
-3.200000000000e-01  3.720000000000e+00 -3.080000000000e+01
-3.200000000000e-01  3.800000000000e+00 -3.205440000000e+01
-3.200000000000e-01  3.880000000000e+00 -3.333440000000e+01
-3.200000000000e-01  3.960000000000e+00 -3.464000000000e+01
-3.200000000000e-01  4.040000000000e+00 -3.597120000000e+01
-3.200000000000e-01  4.120000000000e+00 -3.732800000000e+01
-3.200000000000e-01  4.200000000000e+00 -3.871040000000e+01
-3.200000000000e-01  4.280000000000e+00 -4.011840000000e+01
-3.200000000000e-01  4.360000000000e+00 -4.155200000000e+01
-3.200000000000e-01  4.440000000000e+00 -4.301120000000e+01
-3.200000000000e-01  4.520000000000e+00 -4.449600000000e+01
-3.200000000000e-01  4.600000000000e+00 -4.600640000000e+01
-3.200000000000e-01  4.680000000000e+00 -4.754240000000e+01
-3.200000000000e-01  4.760000000000e+00 -4.910400000000e+01
-3.200000000000e-01  4.840000000000e+00 -5.069120000000e+01
-3.200000000000e-01  4.920000000000e+00 -5.230400000000e+01
-3.200000000000e-01  5.000000000000e+00 -5.394240000000e+01

-2.400000000000e-01 -3.000000000000e+00 -1.709760000000e+01
-2.400000000000e-01 -2.920000000000e+00 -1.618880000000e+01
-2.400000000000e-01 -2.840000000000e+00 -1.530560000000e+01
-2.400000000000e-01 -2.760000000000e+00 -1.444800000000e+01
-2.400000000000e-01 -2.680000000000e+00 -1.361600000000e+01
-2.400000000000e-01 -2.600000000000e+00 -1.280960000000e+01
-2.400000000000e-01 -2.520000000000e+00 -1.202880000000e+01
-2.400000000000e-01 -2.440000000000e+00 -1.127360000000e+01
-2.400000000000e-01 -2.360000000000e+00 -1.054400000000e+01
-2.400000000000e-01 -2.280000000000e+00 -9.840000000000e+00
-2.400000000000e-01 -2.200000000000e+00 -9.161600000000e+00
-2.400000000000e-01 -2.120000000000e+00 -8.508800000000e+00
-2.400000000000e-01 -2.040000000000e+00 -7.881600000000e+00
-2.400000000000e-01 -1.960000000000e+00 -7.280000000000e+00
-2.400000000000e-01 -1.880000000000e+00 -6.704000000000e+00
-2.400000000000e-01 -1.800000000000e+00 -6.153600000000e+00
-2.400000000000e-01 -1.720000000000e+00 -5.628800000000e+00
-2.400000000000e-01 -1.640000000000e+00 -5.129600000000e+00
-2.400000000000e-01 -1.560000000000e+00 -4.656000000000e+00
-2.400000000000e-01 -1.480000000000e+00 -4.208000000000e+00
-2.400000000000e-01 -1.400000000000e+00 -3.785600000000e+00
-2.400000000000e-01 -1.320000000000e+00 -3.388800000000e+00
-2.400000000000e-01 -1.240000000000e+00 -3.017600000000e+00
-2.400000000000e-01 -1.160000000000e+00 -2.672000000000e+00
-2.400000000000e-01 -1.080000000000e+00 -2.352000000000e+00
-2.400000000000e-01 -1.000000000000e+00 -2.057600000000e+00
-2.400000000000e-01 -9.200000000000e-01 -1.788800000000e+00
-2.400000000000e-01 -8.400000000000e-01 -1.545600000000e+00
-2.400000000000e-01 -7.600000000000e-01 -1.328000000000e+00
-2.400000000000e-01 -6.800000000000e-01 -1.136000000000e+00
-2.400000000000e-01 -6.000000000000e-01 -9.696000000000e-01
-2.400000000000e-01 -5.200000000000e-01 -8.288000000000e-01
-2.400000000000e-01 -4.400000000000e-01 -7.136000000000e-01
-2.400000000000e-01 -3.600000000000e-01 -6.240000000000e-01
-2.400000000000e-01 -2.800000000000e-01 -5.600000000000e-01
-2.400000000000e-01 -2.000000000000e-01 -5.216000000000e-01
-2.400000000000e-01 -1.200000000000e-01 -5.088000000000e-01
-2.400000000000e-01 -4.000000000000e-02 -5.216000000000e-01
-2.400000000000e-01  4.000000000000e-02 -5.600000000000e-01
-2.400000000000e-01  1.200000000000e-01 -6.240000000000e-01
-2.400000000000e-01  2.000000000000e-01 -7.136000000000e-01
-2.400000000000e-01  2.800000000000e-01 -8.288000000000e-01
-2.400000000000e-01  3.600000000000e-01 -9.696000000000e-01
-2.400000000000e-01  4.400000000000e-01 -1.136000000000e+00
-2.400000000000e-01  5.200000000000e-01 -1.328000000000e+00
-2.400000000000e-01  6.000000000000e-01 -1.545600000000e+00
-2.400000000000e-01  6.800000000000e-01 -1.788800000000e+00
-2.400000000000e-01  7.600000000000e-01 -2.057600000000e+00
-2.400000000000e-01  8.400000000000e-01 -2.352000000000e+00
-2.400000000000e-01  9.200000000000e-01 -2.672000000000e+00
-2.400000000000e-01  1.000000000000e+00 -3.017600000000e+00
-2.400000000000e-01  1.080000000000e+00 -3.388800000000e+00
-2.400000000000e-01  1.160000000000e+00 -3.785600000000e+00
-2.400000000000e-01  1.240000000000e+00 -4.208000000000e+00
-2.400000000000e-01  1.320000000000e+00 -4.656000000000e+00
-2.400000000000e-01  1.400000000000e+00 -5.129600000000e+00
-2.400000000000e-01  1.480000000000e+00 -5.628800000000e+00
-2.400000000000e-01  1.560000000000e+00 -6.153600000000e+00
-2.400000000000e-01  1.640000000000e+00 -6.704000000000e+00
-2.400000000000e-01  1.720000000000e+00 -7.280000000000e+00
-2.400000000000e-01  1.800000000000e+00 -7.881600000000e+00
-2.400000000000e-01  1.880000000000e+00 -8.508800000000e+00
-2.400000000000e-01  1.960000000000e+00 -9.161600000000e+00
-2.400000000000e-01  2.040000000000e+00 -9.840000000000e+00
-2.400000000000e-01  2.120000000000e+00 -1.054400000000e+01
-2.400000000000e-01  2.200000000000e+00 -1.127360000000e+01
-2.400000000000e-01  2.280000000000e+00 -1.202880000000e+01
-2.400000000000e-01  2.360000000000e+00 -1.280960000000e+01
-2.400000000000e-01  2.440000000000e+00 -1.361600000000e+01
-2.400000000000e-01  2.520000000000e+00 -1.444800000000e+01
-2.400000000000e-01  2.600000000000e+00 -1.530560000000e+01
-2.400000000000e-01  2.680000000000e+00 -1.618880000000e+01
-2.400000000000e-01  2.760000000000e+00 -1.709760000000e+01
-2.400000000000e-01  2.840000000000e+00 -1.803200000000e+01
-2.400000000000e-01  2.920000000000e+00 -1.899200000000e+01
-2.400000000000e-01  3.000000000000e+00 -1.997760000000e+01
-2.400000000000e-01  3.080000000000e+00 -2.098880000000e+01
-2.400000000000e-01  3.160000000000e+00 -2.202560000000e+01
-2.400000000000e-01  3.240000000000e+00 -2.308800000000e+01
-2.400000000000e-01  3.320000000000e+00 -2.417600000000e+01
-2.400000000000e-01  3.400000000000e+00 -2.528960000000e+01
-2.400000000000e-01  3.480000000000e+00 -2.642880000000e+01
-2.400000000000e-01  3.560000000000e+00 -2.759360000000e+01
-2.400000000000e-01  3.640000000000e+00 -2.878400000000e+01
-2.400000000000e-01  3.720000000000e+00 -3.000000000000e+01
-2.400000000000e-01  3.800000000000e+00 -3.124160000000e+01
-2.400000000000e-01  3.880000000000e+00 -3.250880000000e+01
-2.400000000000e-01  3.960000000000e+00 -3.380160000000e+01
-2.400000000000e-01  4.040000000000e+00 -3.512000000000e+01
-2.400000000000e-01  4.120000000000e+00 -3.646400000000e+01
-2.400000000000e-01  4.200000000000e+00 -3.783360000000e+01
-2.400000000000e-01  4.280000000000e+00 -3.922880000000e+01
-2.400000000000e-01  4.360000000000e+00 -4.064960000000e+01
-2.400000000000e-01  4.440000000000e+00 -4.209600000000e+01
-2.400000000000e-01  4.520000000000e+00 -4.356800000000e+01
-2.400000000000e-01  4.600000000000e+00 -4.506560000000e+01
-2.400000000000e-01  4.680000000000e+00 -4.658880000000e+01
-2.400000000000e-01  4.760000000000e+00 -4.813760000000e+01
-2.400000000000e-01  4.840000000000e+00 -4.971200000000e+01
-2.400000000000e-01  4.920000000000e+00 -5.131200000000e+01
-2.400000000000e-01  5.000000000000e+00 -5.293760000000e+01

-1.600000000000e-01 -3.000000000000e+00 -1.738560000000e+01
-1.600000000000e-01 -2.920000000000e+00 -1.646400000000e+01
-1.600000000000e-01 -2.840000000000e+00 -1.556800000000e+01
-1.600000000000e-01 -2.760000000000e+00 -1.469760000000e+01
-1.600000000000e-01 -2.680000000000e+00 -1.385280000000e+01
-1.600000000000e-01 -2.600000000000e+00 -1.303360000000e+01
-1.600000000000e-01 -2.520000000000e+00 -1.224000000000e+01
-1.600000000000e-01 -2.440000000000e+00 -1.147200000000e+01
-1.600000000000e-01 -2.360000000000e+00 -1.072960000000e+01
-1.600000000000e-01 -2.280000000000e+00 -1.001280000000e+01
-1.600000000000e-01 -2.200000000000e+00 -9.321600000000e+00
-1.600000000000e-01 -2.120000000000e+00 -8.656000000000e+00
-1.600000000000e-01 -2.040000000000e+00 -8.016000000000e+00
-1.600000000000e-01 -1.960000000000e+00 -7.401600000000e+00
-1.600000000000e-01 -1.880000000000e+00 -6.812800000000e+00
-1.600000000000e-01 -1.800000000000e+00 -6.249600000000e+00
-1.600000000000e-01 -1.720000000000e+00 -5.712000000000e+00
-1.600000000000e-01 -1.640000000000e+00 -5.200000000000e+00
-1.600000000000e-01 -1.560000000000e+00 -4.713600000000e+00
-1.600000000000e-01 -1.480000000000e+00 -4.252800000000e+00
-1.600000000000e-01 -1.400000000000e+00 -3.817600000000e+00
-1.600000000000e-01 -1.320000000000e+00 -3.408000000000e+00
-1.600000000000e-01 -1.240000000000e+00 -3.024000000000e+00
-1.600000000000e-01 -1.160000000000e+00 -2.665600000000e+00
-1.600000000000e-01 -1.080000000000e+00 -2.332800000000e+00
-1.600000000000e-01 -1.000000000000e+00 -2.025600000000e+00
-1.600000000000e-01 -9.200000000000e-01 -1.744000000000e+00
-1.600000000000e-01 -8.400000000000e-01 -1.488000000000e+00
-1.600000000000e-01 -7.600000000000e-01 -1.257600000000e+00
-1.600000000000e-01 -6.800000000000e-01 -1.052800000000e+00
-1.600000000000e-01 -6.000000000000e-01 -8.736000000000e-01
-1.600000000000e-01 -5.200000000000e-01 -7.200000000000e-01
-1.600000000000e-01 -4.400000000000e-01 -5.920000000000e-01
-1.600000000000e-01 -3.600000000000e-01 -4.896000000000e-01
-1.600000000000e-01 -2.800000000000e-01 -4.128000000000e-01
-1.600000000000e-01 -2.000000000000e-01 -3.616000000000e-01
-1.600000000000e-01 -1.200000000000e-01 -3.360000000000e-01
-1.600000000000e-01 -4.000000000000e-02 -3.360000000000e-01
-1.600000000000e-01  4.000000000000e-02 -3.616000000000e-01
-1.600000000000e-01  1.200000000000e-01 -4.128000000000e-01
-1.600000000000e-01  2.000000000000e-01 -4.896000000000e-01
-1.600000000000e-01  2.800000000000e-01 -5.920000000000e-01
-1.600000000000e-01  3.600000000000e-01 -7.200000000000e-01
-1.600000000000e-01  4.400000000000e-01 -8.736000000000e-01
-1.600000000000e-01  5.200000000000e-01 -1.052800000000e+00
-1.600000000000e-01  6.000000000000e-01 -1.257600000000e+00
-1.600000000000e-01  6.800000000000e-01 -1.488000000000e+00
-1.600000000000e-01  7.600000000000e-01 -1.744000000000e+00
-1.600000000000e-01  8.400000000000e-01 -2.025600000000e+00
-1.600000000000e-01  9.200000000000e-01 -2.332800000000e+00
-1.600000000000e-01  1.000000000000e+00 -2.665600000000e+00
-1.600000000000e-01  1.080000000000e+00 -3.024000000000e+00
-1.600000000000e-01  1.160000000000e+00 -3.408000000000e+00
-1.600000000000e-01  1.240000000000e+00 -3.817600000000e+00
-1.600000000000e-01  1.320000000000e+00 -4.252800000000e+00
-1.600000000000e-01  1.400000000000e+00 -4.713600000000e+00
-1.600000000000e-01  1.480000000000e+00 -5.200000000000e+00
-1.600000000000e-01  1.560000000000e+00 -5.712000000000e+00
-1.600000000000e-01  1.640000000000e+00 -6.249600000000e+00
-1.600000000000e-01  1.720000000000e+00 -6.812800000000e+00
-1.600000000000e-01  1.800000000000e+00 -7.401600000000e+00
-1.600000000000e-01  1.880000000000e+00 -8.016000000000e+00
-1.600000000000e-01  1.960000000000e+00 -8.656000000000e+00
-1.600000000000e-01  2.040000000000e+00 -9.321600000000e+00
-1.600000000000e-01  2.120000000000e+00 -1.001280000000e+01
-1.600000000000e-01  2.200000000000e+00 -1.072960000000e+01
-1.600000000000e-01  2.280000000000e+00 -1.147200000000e+01
-1.600000000000e-01  2.360000000000e+00 -1.224000000000e+01
-1.600000000000e-01  2.440000000000e+00 -1.303360000000e+01
-1.600000000000e-01  2.520000000000e+00 -1.385280000000e+01
-1.600000000000e-01  2.600000000000e+00 -1.469760000000e+01
-1.600000000000e-01  2.680000000000e+00 -1.556800000000e+01
-1.600000000000e-01  2.760000000000e+00 -1.646400000000e+01
-1.600000000000e-01  2.840000000000e+00 -1.738560000000e+01
-1.600000000000e-01  2.920000000000e+00 -1.833280000000e+01
-1.600000000000e-01  3.000000000000e+00 -1.930560000000e+01
-1.600000000000e-01  3.080000000000e+00 -2.030400000000e+01
-1.600000000000e-01  3.160000000000e+00 -2.132800000000e+01
-1.600000000000e-01  3.240000000000e+00 -2.237760000000e+01
-1.600000000000e-01  3.320000000000e+00 -2.345280000000e+01
-1.600000000000e-01  3.400000000000e+00 -2.455360000000e+01
-1.600000000000e-01  3.480000000000e+00 -2.568000000000e+01
-1.600000000000e-01  3.560000000000e+00 -2.683200000000e+01
-1.600000000000e-01  3.640000000000e+00 -2.800960000000e+01
-1.600000000000e-01  3.720000000000e+00 -2.921280000000e+01
-1.600000000000e-01  3.800000000000e+00 -3.044160000000e+01
-1.600000000000e-01  3.880000000000e+00 -3.169600000000e+01
-1.600000000000e-01  3.960000000000e+00 -3.297600000000e+01
-1.600000000000e-01  4.040000000000e+00 -3.428160000000e+01
-1.600000000000e-01  4.120000000000e+00 -3.561280000000e+01
-1.600000000000e-01  4.200000000000e+00 -3.696960000000e+01
-1.600000000000e-01  4.280000000000e+00 -3.835200000000e+01
-1.600000000000e-01  4.360000000000e+00 -3.976000000000e+01
-1.600000000000e-01  4.440000000000e+00 -4.119360000000e+01
-1.600000000000e-01  4.520000000000e+00 -4.265280000000e+01
-1.600000000000e-01  4.600000000000e+00 -4.413760000000e+01
-1.600000000000e-01  4.680000000000e+00 -4.564800000000e+01
-1.600000000000e-01  4.760000000000e+00 -4.718400000000e+01
-1.600000000000e-01  4.840000000000e+00 -4.874560000000e+01
-1.600000000000e-01  4.920000000000e+00 -5.033280000000e+01
-1.600000000000e-01  5.000000000000e+00 -5.194560000000e+01

-8.000000000000e-02 -3.000000000000e+00 -1.768640000000e+01
-8.000000000000e-02 -2.920000000000e+00 -1.675200000000e+01
-8.000000000000e-02 -2.840000000000e+00 -1.584320000000e+01
-8.000000000000e-02 -2.760000000000e+00 -1.496000000000e+01
-8.000000000000e-02 -2.680000000000e+00 -1.410240000000e+01
-8.000000000000e-02 -2.600000000000e+00 -1.327040000000e+01
-8.000000000000e-02 -2.520000000000e+00 -1.246400000000e+01
-8.000000000000e-02 -2.440000000000e+00 -1.168320000000e+01
-8.000000000000e-02 -2.360000000000e+00 -1.092800000000e+01
-8.000000000000e-02 -2.280000000000e+00 -1.019840000000e+01
-8.000000000000e-02 -2.200000000000e+00 -9.494400000000e+00
-8.000000000000e-02 -2.120000000000e+00 -8.816000000000e+00
-8.000000000000e-02 -2.040000000000e+00 -8.163200000000e+00
-8.000000000000e-02 -1.960000000000e+00 -7.536000000000e+00
-8.000000000000e-02 -1.880000000000e+00 -6.934400000000e+00
-8.000000000000e-02 -1.800000000000e+00 -6.358400000000e+00
-8.000000000000e-02 -1.720000000000e+00 -5.808000000000e+00
-8.000000000000e-02 -1.640000000000e+00 -5.283200000000e+00
-8.000000000000e-02 -1.560000000000e+00 -4.784000000000e+00
-8.000000000000e-02 -1.480000000000e+00 -4.310400000000e+00
-8.000000000000e-02 -1.400000000000e+00 -3.862400000000e+00
-8.000000000000e-02 -1.320000000000e+00 -3.440000000000e+00
-8.000000000000e-02 -1.240000000000e+00 -3.043200000000e+00
-8.000000000000e-02 -1.160000000000e+00 -2.672000000000e+00
-8.000000000000e-02 -1.080000000000e+00 -2.326400000000e+00
-8.000000000000e-02 -1.000000000000e+00 -2.006400000000e+00
-8.000000000000e-02 -9.200000000000e-01 -1.712000000000e+00
-8.000000000000e-02 -8.400000000000e-01 -1.443200000000e+00
-8.000000000000e-02 -7.600000000000e-01 -1.200000000000e+00
-8.000000000000e-02 -6.800000000000e-01 -9.824000000000e-01
-8.000000000000e-02 -6.000000000000e-01 -7.904000000000e-01
-8.000000000000e-02 -5.200000000000e-01 -6.240000000000e-01
-8.000000000000e-02 -4.400000000000e-01 -4.832000000000e-01
-8.000000000000e-02 -3.600000000000e-01 -3.680000000000e-01
-8.000000000000e-02 -2.800000000000e-01 -2.784000000000e-01
-8.000000000000e-02 -2.000000000000e-01 -2.144000000000e-01
-8.000000000000e-02 -1.200000000000e-01 -1.760000000000e-01
-8.000000000000e-02 -4.000000000000e-02 -1.632000000000e-01
-8.000000000000e-02  4.000000000000e-02 -1.760000000000e-01
-8.000000000000e-02  1.200000000000e-01 -2.144000000000e-01
-8.000000000000e-02  2.000000000000e-01 -2.784000000000e-01
-8.000000000000e-02  2.800000000000e-01 -3.680000000000e-01
-8.000000000000e-02  3.600000000000e-01 -4.832000000000e-01
-8.000000000000e-02  4.400000000000e-01 -6.240000000000e-01
-8.000000000000e-02  5.200000000000e-01 -7.904000000000e-01
-8.000000000000e-02  6.000000000000e-01 -9.824000000000e-01
-8.000000000000e-02  6.800000000000e-01 -1.200000000000e+00
-8.000000000000e-02  7.600000000000e-01 -1.443200000000e+00
-8.000000000000e-02  8.400000000000e-01 -1.712000000000e+00
-8.000000000000e-02  9.200000000000e-01 -2.006400000000e+00
-8.000000000000e-02  1.000000000000e+00 -2.326400000000e+00
-8.000000000000e-02  1.080000000000e+00 -2.672000000000e+00
-8.000000000000e-02  1.160000000000e+00 -3.043200000000e+00
-8.000000000000e-02  1.240000000000e+00 -3.440000000000e+00
-8.000000000000e-02  1.320000000000e+00 -3.862400000000e+00
-8.000000000000e-02  1.400000000000e+00 -4.310400000000e+00
-8.000000000000e-02  1.480000000000e+00 -4.784000000000e+00
-8.000000000000e-02  1.560000000000e+00 -5.283200000000e+00
-8.000000000000e-02  1.640000000000e+00 -5.808000000000e+00
-8.000000000000e-02  1.720000000000e+00 -6.358400000000e+00
-8.000000000000e-02  1.800000000000e+00 -6.934400000000e+00
-8.000000000000e-02  1.880000000000e+00 -7.536000000000e+00
-8.000000000000e-02  1.960000000000e+00 -8.163200000000e+00
-8.000000000000e-02  2.040000000000e+00 -8.816000000000e+00
-8.000000000000e-02  2.120000000000e+00 -9.494400000000e+00
-8.000000000000e-02  2.200000000000e+00 -1.019840000000e+01
-8.000000000000e-02  2.280000000000e+00 -1.092800000000e+01
-8.000000000000e-02  2.360000000000e+00 -1.168320000000e+01
-8.000000000000e-02  2.440000000000e+00 -1.246400000000e+01
-8.000000000000e-02  2.520000000000e+00 -1.327040000000e+01
-8.000000000000e-02  2.600000000000e+00 -1.410240000000e+01
-8.000000000000e-02  2.680000000000e+00 -1.496000000000e+01
-8.000000000000e-02  2.760000000000e+00 -1.584320000000e+01
-8.000000000000e-02  2.840000000000e+00 -1.675200000000e+01
-8.000000000000e-02  2.920000000000e+00 -1.768640000000e+01
-8.000000000000e-02  3.000000000000e+00 -1.864640000000e+01
-8.000000000000e-02  3.080000000000e+00 -1.963200000000e+01
-8.000000000000e-02  3.160000000000e+00 -2.064320000000e+01
-8.000000000000e-02  3.240000000000e+00 -2.168000000000e+01
-8.000000000000e-02  3.320000000000e+00 -2.274240000000e+01
-8.000000000000e-02  3.400000000000e+00 -2.383040000000e+01
-8.000000000000e-02  3.480000000000e+00 -2.494400000000e+01
-8.000000000000e-02  3.560000000000e+00 -2.608320000000e+01
-8.000000000000e-02  3.640000000000e+00 -2.724800000000e+01
-8.000000000000e-02  3.720000000000e+00 -2.843840000000e+01
-8.000000000000e-02  3.800000000000e+00 -2.965440000000e+01
-8.000000000000e-02  3.880000000000e+00 -3.089600000000e+01
-8.000000000000e-02  3.960000000000e+00 -3.216320000000e+01
-8.000000000000e-02  4.040000000000e+00 -3.345600000000e+01
-8.000000000000e-02  4.120000000000e+00 -3.477440000000e+01
-8.000000000000e-02  4.200000000000e+00 -3.611840000000e+01
-8.000000000000e-02  4.280000000000e+00 -3.748800000000e+01
-8.000000000000e-02  4.360000000000e+00 -3.888320000000e+01
-8.000000000000e-02  4.440000000000e+00 -4.030400000000e+01
-8.000000000000e-02  4.520000000000e+00 -4.175040000000e+01
-8.000000000000e-02  4.600000000000e+00 -4.322240000000e+01
-8.000000000000e-02  4.680000000000e+00 -4.472000000000e+01
-8.000000000000e-02  4.760000000000e+00 -4.624320000000e+01
-8.000000000000e-02  4.840000000000e+00 -4.779200000000e+01
-8.000000000000e-02  4.920000000000e+00 -4.936640000000e+01
-8.000000000000e-02  5.000000000000e+00 -5.096640000000e+01

 0.000000000000e+00 -3.000000000000e+00 -1.800000000000e+01
 0.000000000000e+00 -2.920000000000e+00 -1.705280000000e+01
 0.000000000000e+00 -2.840000000000e+00 -1.613120000000e+01
 0.000000000000e+00 -2.760000000000e+00 -1.523520000000e+01
 0.000000000000e+00 -2.680000000000e+00 -1.436480000000e+01
 0.000000000000e+00 -2.600000000000e+00 -1.352000000000e+01
 0.000000000000e+00 -2.520000000000e+00 -1.270080000000e+01
 0.000000000000e+00 -2.440000000000e+00 -1.190720000000e+01
 0.000000000000e+00 -2.360000000000e+00 -1.113920000000e+01
 0.000000000000e+00 -2.280000000000e+00 -1.039680000000e+01
 0.000000000000e+00 -2.200000000000e+00 -9.680000000000e+00
 0.000000000000e+00 -2.120000000000e+00 -8.988800000000e+00
 0.000000000000e+00 -2.040000000000e+00 -8.323200000000e+00
 0.000000000000e+00 -1.960000000000e+00 -7.683200000000e+00
 0.000000000000e+00 -1.880000000000e+00 -7.068800000000e+00
 0.000000000000e+00 -1.800000000000e+00 -6.480000000000e+00
 0.000000000000e+00 -1.720000000000e+00 -5.916800000000e+00
 0.000000000000e+00 -1.640000000000e+00 -5.379200000000e+00
 0.000000000000e+00 -1.560000000000e+00 -4.867200000000e+00
 0.000000000000e+00 -1.480000000000e+00 -4.380800000000e+00
 0.000000000000e+00 -1.400000000000e+00 -3.920000000000e+00
 0.000000000000e+00 -1.320000000000e+00 -3.484800000000e+00
 0.000000000000e+00 -1.240000000000e+00 -3.075200000000e+00
 0.000000000000e+00 -1.160000000000e+00 -2.691200000000e+00
 0.000000000000e+00 -1.080000000000e+00 -2.332800000000e+00
 0.000000000000e+00 -1.000000000000e+00 -2.000000000000e+00
 0.000000000000e+00 -9.200000000000e-01 -1.692800000000e+00
 0.000000000000e+00 -8.400000000000e-01 -1.411200000000e+00
 0.000000000000e+00 -7.600000000000e-01 -1.155200000000e+00
 0.000000000000e+00 -6.800000000000e-01 -9.248000000000e-01
 0.000000000000e+00 -6.000000000000e-01 -7.200000000000e-01
 0.000000000000e+00 -5.200000000000e-01 -5.408000000000e-01
 0.000000000000e+00 -4.400000000000e-01 -3.872000000000e-01
 0.000000000000e+00 -3.600000000000e-01 -2.592000000000e-01
 0.000000000000e+00 -2.800000000000e-01 -1.568000000000e-01
 0.000000000000e+00 -2.000000000000e-01 -8.000000000000e-02
 0.000000000000e+00 -1.200000000000e-01 -2.880000000000e-02
 0.000000000000e+00 -4.000000000000e-02 -3.200000000000e-03
 0.000000000000e+00  4.000000000000e-02 -3.200000000000e-03
 0.000000000000e+00  1.200000000000e-01 -2.880000000000e-02
 0.000000000000e+00  2.000000000000e-01 -8.000000000000e-02
 0.000000000000e+00  2.800000000000e-01 -1.568000000000e-01
 0.000000000000e+00  3.600000000000e-01 -2.592000000000e-01
 0.000000000000e+00  4.400000000000e-01 -3.872000000000e-01
 0.000000000000e+00  5.200000000000e-01 -5.408000000000e-01
 0.000000000000e+00  6.000000000000e-01 -7.200000000000e-01
 0.000000000000e+00  6.800000000000e-01 -9.248000000000e-01
 0.000000000000e+00  7.600000000000e-01 -1.155200000000e+00
 0.000000000000e+00  8.400000000000e-01 -1.411200000000e+00
 0.000000000000e+00  9.200000000000e-01 -1.692800000000e+00
 0.000000000000e+00  1.000000000000e+00 -2.000000000000e+00
 0.000000000000e+00  1.080000000000e+00 -2.332800000000e+00
 0.000000000000e+00  1.160000000000e+00 -2.691200000000e+00
 0.000000000000e+00  1.240000000000e+00 -3.075200000000e+00
 0.000000000000e+00  1.320000000000e+00 -3.484800000000e+00
 0.000000000000e+00  1.400000000000e+00 -3.920000000000e+00
 0.000000000000e+00  1.480000000000e+00 -4.380800000000e+00
 0.000000000000e+00  1.560000000000e+00 -4.867200000000e+00
 0.000000000000e+00  1.640000000000e+00 -5.379200000000e+00
 0.000000000000e+00  1.720000000000e+00 -5.916800000000e+00
 0.000000000000e+00  1.800000000000e+00 -6.480000000000e+00
 0.000000000000e+00  1.880000000000e+00 -7.068800000000e+00
 0.000000000000e+00  1.960000000000e+00 -7.683200000000e+00
 0.000000000000e+00  2.040000000000e+00 -8.323200000000e+00
 0.000000000000e+00  2.120000000000e+00 -8.988800000000e+00
 0.000000000000e+00  2.200000000000e+00 -9.680000000000e+00
 0.000000000000e+00  2.280000000000e+00 -1.039680000000e+01
 0.000000000000e+00  2.360000000000e+00 -1.113920000000e+01
 0.000000000000e+00  2.440000000000e+00 -1.190720000000e+01
 0.000000000000e+00  2.520000000000e+00 -1.270080000000e+01
 0.000000000000e+00  2.600000000000e+00 -1.352000000000e+01
 0.000000000000e+00  2.680000000000e+00 -1.436480000000e+01
 0.000000000000e+00  2.760000000000e+00 -1.523520000000e+01
 0.000000000000e+00  2.840000000000e+00 -1.613120000000e+01
 0.000000000000e+00  2.920000000000e+00 -1.705280000000e+01
 0.000000000000e+00  3.000000000000e+00 -1.800000000000e+01
 0.000000000000e+00  3.080000000000e+00 -1.897280000000e+01
 0.000000000000e+00  3.160000000000e+00 -1.997120000000e+01
 0.000000000000e+00  3.240000000000e+00 -2.099520000000e+01
 0.000000000000e+00  3.320000000000e+00 -2.204480000000e+01
 0.000000000000e+00  3.400000000000e+00 -2.312000000000e+01
 0.000000000000e+00  3.480000000000e+00 -2.422080000000e+01
 0.000000000000e+00  3.560000000000e+00 -2.534720000000e+01
 0.000000000000e+00  3.640000000000e+00 -2.649920000000e+01
 0.000000000000e+00  3.720000000000e+00 -2.767680000000e+01
 0.000000000000e+00  3.800000000000e+00 -2.888000000000e+01
 0.000000000000e+00  3.880000000000e+00 -3.010880000000e+01
 0.000000000000e+00  3.960000000000e+00 -3.136320000000e+01
 0.000000000000e+00  4.040000000000e+00 -3.264320000000e+01
 0.000000000000e+00  4.120000000000e+00 -3.394880000000e+01
 0.000000000000e+00  4.200000000000e+00 -3.528000000000e+01
 0.000000000000e+00  4.280000000000e+00 -3.663680000000e+01
 0.000000000000e+00  4.360000000000e+00 -3.801920000000e+01
 0.000000000000e+00  4.440000000000e+00 -3.942720000000e+01
 0.000000000000e+00  4.520000000000e+00 -4.086080000000e+01
 0.000000000000e+00  4.600000000000e+00 -4.232000000000e+01
 0.000000000000e+00  4.680000000000e+00 -4.380480000000e+01
 0.000000000000e+00  4.760000000000e+00 -4.531520000000e+01
 0.000000000000e+00  4.840000000000e+00 -4.685120000000e+01
 0.000000000000e+00  4.920000000000e+00 -4.841280000000e+01
 0.000000000000e+00  5.000000000000e+00 -5.000000000000e+01

 8.000000000000e-02 -3.000000000000e+00 -1.832640000000e+01
 8.000000000000e-02 -2.920000000000e+00 -1.736640000000e+01
 8.000000000000e-02 -2.840000000000e+00 -1.643200000000e+01
 8.000000000000e-02 -2.760000000000e+00 -1.552320000000e+01
 8.000000000000e-02 -2.680000000000e+00 -1.464000000000e+01
 8.000000000000e-02 -2.600000000000e+00 -1.378240000000e+01
 8.000000000000e-02 -2.520000000000e+00 -1.295040000000e+01
 8.000000000000e-02 -2.440000000000e+00 -1.214400000000e+01
 8.000000000000e-02 -2.360000000000e+00 -1.136320000000e+01
 8.000000000000e-02 -2.280000000000e+00 -1.060800000000e+01
 8.000000000000e-02 -2.200000000000e+00 -9.878400000000e+00
 8.000000000000e-02 -2.120000000000e+00 -9.174400000000e+00
 8.000000000000e-02 -2.040000000000e+00 -8.496000000000e+00
 8.000000000000e-02 -1.960000000000e+00 -7.843200000000e+00
 8.000000000000e-02 -1.880000000000e+00 -7.216000000000e+00
 8.000000000000e-02 -1.800000000000e+00 -6.614400000000e+00
 8.000000000000e-02 -1.720000000000e+00 -6.038400000000e+00
 8.000000000000e-02 -1.640000000000e+00 -5.488000000000e+00
 8.000000000000e-02 -1.560000000000e+00 -4.963200000000e+00
 8.000000000000e-02 -1.480000000000e+00 -4.464000000000e+00
 8.000000000000e-02 -1.400000000000e+00 -3.990400000000e+00
 8.000000000000e-02 -1.320000000000e+00 -3.542400000000e+00
 8.000000000000e-02 -1.240000000000e+00 -3.120000000000e+00
 8.000000000000e-02 -1.160000000000e+00 -2.723200000000e+00
 8.000000000000e-02 -1.080000000000e+00 -2.352000000000e+00
 8.000000000000e-02 -1.000000000000e+00 -2.006400000000e+00
 8.000000000000e-02 -9.200000000000e-01 -1.686400000000e+00
 8.000000000000e-02 -8.400000000000e-01 -1.392000000000e+00
 8.000000000000e-02 -7.600000000000e-01 -1.123200000000e+00
 8.000000000000e-02 -6.800000000000e-01 -8.800000000000e-01
 8.000000000000e-02 -6.000000000000e-01 -6.624000000000e-01
 8.000000000000e-02 -5.200000000000e-01 -4.704000000000e-01
 8.000000000000e-02 -4.400000000000e-01 -3.040000000000e-01
 8.000000000000e-02 -3.600000000000e-01 -1.632000000000e-01
 8.000000000000e-02 -2.800000000000e-01 -4.800000000000e-02
 8.000000000000e-02 -2.000000000000e-01  4.160000000000e-02
 8.000000000000e-02 -1.200000000000e-01  1.056000000000e-01
 8.000000000000e-02 -4.000000000000e-02  1.440000000000e-01
 8.000000000000e-02  4.000000000000e-02  1.568000000000e-01
 8.000000000000e-02  1.200000000000e-01  1.440000000000e-01
 8.000000000000e-02  2.000000000000e-01  1.056000000000e-01
 8.000000000000e-02  2.800000000000e-01  4.160000000000e-02
 8.000000000000e-02  3.600000000000e-01 -4.800000000000e-02
 8.000000000000e-02  4.400000000000e-01 -1.632000000000e-01
 8.000000000000e-02  5.200000000000e-01 -3.040000000000e-01
 8.000000000000e-02  6.000000000000e-01 -4.704000000000e-01
 8.000000000000e-02  6.800000000000e-01 -6.624000000000e-01
 8.000000000000e-02  7.600000000000e-01 -8.800000000000e-01
 8.000000000000e-02  8.400000000000e-01 -1.123200000000e+00
 8.000000000000e-02  9.200000000000e-01 -1.392000000000e+00
 8.000000000000e-02  1.000000000000e+00 -1.686400000000e+00
 8.000000000000e-02  1.080000000000e+00 -2.006400000000e+00
 8.000000000000e-02  1.160000000000e+00 -2.352000000000e+00
 8.000000000000e-02  1.240000000000e+00 -2.723200000000e+00
 8.000000000000e-02  1.320000000000e+00 -3.120000000000e+00
 8.000000000000e-02  1.400000000000e+00 -3.542400000000e+00
 8.000000000000e-02  1.480000000000e+00 -3.990400000000e+00
 8.000000000000e-02  1.560000000000e+00 -4.464000000000e+00
 8.000000000000e-02  1.640000000000e+00 -4.963200000000e+00
 8.000000000000e-02  1.720000000000e+00 -5.488000000000e+00
 8.000000000000e-02  1.800000000000e+00 -6.038400000000e+00
 8.000000000000e-02  1.880000000000e+00 -6.614400000000e+00
 8.000000000000e-02  1.960000000000e+00 -7.216000000000e+00
 8.000000000000e-02  2.040000000000e+00 -7.843200000000e+00
 8.000000000000e-02  2.120000000000e+00 -8.496000000000e+00
 8.000000000000e-02  2.200000000000e+00 -9.174400000000e+00
 8.000000000000e-02  2.280000000000e+00 -9.878400000000e+00
 8.000000000000e-02  2.360000000000e+00 -1.060800000000e+01
 8.000000000000e-02  2.440000000000e+00 -1.136320000000e+01
 8.000000000000e-02  2.520000000000e+00 -1.214400000000e+01
 8.000000000000e-02  2.600000000000e+00 -1.295040000000e+01
 8.000000000000e-02  2.680000000000e+00 -1.378240000000e+01
 8.000000000000e-02  2.760000000000e+00 -1.464000000000e+01
 8.000000000000e-02  2.840000000000e+00 -1.552320000000e+01
 8.000000000000e-02  2.920000000000e+00 -1.643200000000e+01
 8.000000000000e-02  3.000000000000e+00 -1.736640000000e+01
 8.000000000000e-02  3.080000000000e+00 -1.832640000000e+01
 8.000000000000e-02  3.160000000000e+00 -1.931200000000e+01
 8.000000000000e-02  3.240000000000e+00 -2.032320000000e+01
 8.000000000000e-02  3.320000000000e+00 -2.136000000000e+01
 8.000000000000e-02  3.400000000000e+00 -2.242240000000e+01
 8.000000000000e-02  3.480000000000e+00 -2.351040000000e+01
 8.000000000000e-02  3.560000000000e+00 -2.462400000000e+01
 8.000000000000e-02  3.640000000000e+00 -2.576320000000e+01
 8.000000000000e-02  3.720000000000e+00 -2.692800000000e+01
 8.000000000000e-02  3.800000000000e+00 -2.811840000000e+01
 8.000000000000e-02  3.880000000000e+00 -2.933440000000e+01
 8.000000000000e-02  3.960000000000e+00 -3.057600000000e+01
 8.000000000000e-02  4.040000000000e+00 -3.184320000000e+01
 8.000000000000e-02  4.120000000000e+00 -3.313600000000e+01
 8.000000000000e-02  4.200000000000e+00 -3.445440000000e+01
 8.000000000000e-02  4.280000000000e+00 -3.579840000000e+01
 8.000000000000e-02  4.360000000000e+00 -3.716800000000e+01
 8.000000000000e-02  4.440000000000e+00 -3.856320000000e+01
 8.000000000000e-02  4.520000000000e+00 -3.998400000000e+01
 8.000000000000e-02  4.600000000000e+00 -4.143040000000e+01
 8.000000000000e-02  4.680000000000e+00 -4.290240000000e+01
 8.000000000000e-02  4.760000000000e+00 -4.440000000000e+01
 8.000000000000e-02  4.840000000000e+00 -4.592320000000e+01
 8.000000000000e-02  4.920000000000e+00 -4.747200000000e+01
 8.000000000000e-02  5.000000000000e+00 -4.904640000000e+01

 1.600000000000e-01 -3.000000000000e+00 -1.866560000000e+01
 1.600000000000e-01 -2.920000000000e+00 -1.769280000000e+01
 1.600000000000e-01 -2.840000000000e+00 -1.674560000000e+01
 1.600000000000e-01 -2.760000000000e+00 -1.582400000000e+01
 1.600000000000e-01 -2.680000000000e+00 -1.492800000000e+01
 1.600000000000e-01 -2.600000000000e+00 -1.405760000000e+01
 1.600000000000e-01 -2.520000000000e+00 -1.321280000000e+01
 1.600000000000e-01 -2.440000000000e+00 -1.239360000000e+01
 1.600000000000e-01 -2.360000000000e+00 -1.160000000000e+01
 1.600000000000e-01 -2.280000000000e+00 -1.083200000000e+01
 1.600000000000e-01 -2.200000000000e+00 -1.008960000000e+01
 1.600000000000e-01 -2.120000000000e+00 -9.372800000000e+00
 1.600000000000e-01 -2.040000000000e+00 -8.681600000000e+00
 1.600000000000e-01 -1.960000000000e+00 -8.016000000000e+00
 1.600000000000e-01 -1.880000000000e+00 -7.376000000000e+00
 1.600000000000e-01 -1.800000000000e+00 -6.761600000000e+00
 1.600000000000e-01 -1.720000000000e+00 -6.172800000000e+00
 1.600000000000e-01 -1.640000000000e+00 -5.609600000000e+00
 1.600000000000e-01 -1.560000000000e+00 -5.072000000000e+00
 1.600000000000e-01 -1.480000000000e+00 -4.560000000000e+00
 1.600000000000e-01 -1.400000000000e+00 -4.073600000000e+00
 1.600000000000e-01 -1.320000000000e+00 -3.612800000000e+00
 1.600000000000e-01 -1.240000000000e+00 -3.177600000000e+00
 1.600000000000e-01 -1.160000000000e+00 -2.768000000000e+00
 1.600000000000e-01 -1.080000000000e+00 -2.384000000000e+00
 1.600000000000e-01 -1.000000000000e+00 -2.025600000000e+00
 1.600000000000e-01 -9.200000000000e-01 -1.692800000000e+00
 1.600000000000e-01 -8.400000000000e-01 -1.385600000000e+00
 1.600000000000e-01 -7.600000000000e-01 -1.104000000000e+00
 1.600000000000e-01 -6.800000000000e-01 -8.480000000000e-01
 1.600000000000e-01 -6.000000000000e-01 -6.176000000000e-01
 1.600000000000e-01 -5.200000000000e-01 -4.128000000000e-01
 1.600000000000e-01 -4.400000000000e-01 -2.336000000000e-01
 1.600000000000e-01 -3.600000000000e-01 -8.000000000000e-02
 1.600000000000e-01 -2.800000000000e-01  4.800000000000e-02
 1.600000000000e-01 -2.000000000000e-01  1.504000000000e-01
 1.600000000000e-01 -1.200000000000e-01  2.272000000000e-01
 1.600000000000e-01 -4.000000000000e-02  2.784000000000e-01
 1.600000000000e-01  4.000000000000e-02  3.040000000000e-01
 1.600000000000e-01  1.200000000000e-01  3.040000000000e-01
 1.600000000000e-01  2.000000000000e-01  2.784000000000e-01
 1.600000000000e-01  2.800000000000e-01  2.272000000000e-01
 1.600000000000e-01  3.600000000000e-01  1.504000000000e-01
 1.600000000000e-01  4.400000000000e-01  4.800000000000e-02
 1.600000000000e-01  5.200000000000e-01 -8.000000000000e-02
 1.600000000000e-01  6.000000000000e-01 -2.336000000000e-01
 1.600000000000e-01  6.800000000000e-01 -4.128000000000e-01
 1.600000000000e-01  7.600000000000e-01 -6.176000000000e-01
 1.600000000000e-01  8.400000000000e-01 -8.480000000000e-01
 1.600000000000e-01  9.200000000000e-01 -1.104000000000e+00
 1.600000000000e-01  1.000000000000e+00 -1.385600000000e+00
 1.600000000000e-01  1.080000000000e+00 -1.692800000000e+00
 1.600000000000e-01  1.160000000000e+00 -2.025600000000e+00
 1.600000000000e-01  1.240000000000e+00 -2.384000000000e+00
 1.600000000000e-01  1.320000000000e+00 -2.768000000000e+00
 1.600000000000e-01  1.400000000000e+00 -3.177600000000e+00
 1.600000000000e-01  1.480000000000e+00 -3.612800000000e+00
 1.600000000000e-01  1.560000000000e+00 -4.073600000000e+00
 1.600000000000e-01  1.640000000000e+00 -4.560000000000e+00
 1.600000000000e-01  1.720000000000e+00 -5.072000000000e+00
 1.600000000000e-01  1.800000000000e+00 -5.609600000000e+00
 1.600000000000e-01  1.880000000000e+00 -6.172800000000e+00
 1.600000000000e-01  1.960000000000e+00 -6.761600000000e+00
 1.600000000000e-01  2.040000000000e+00 -7.376000000000e+00
 1.600000000000e-01  2.120000000000e+00 -8.016000000000e+00
 1.600000000000e-01  2.200000000000e+00 -8.681600000000e+00
 1.600000000000e-01  2.280000000000e+00 -9.372800000000e+00
 1.600000000000e-01  2.360000000000e+00 -1.008960000000e+01
 1.600000000000e-01  2.440000000000e+00 -1.083200000000e+01
 1.600000000000e-01  2.520000000000e+00 -1.160000000000e+01
 1.600000000000e-01  2.600000000000e+00 -1.239360000000e+01
 1.600000000000e-01  2.680000000000e+00 -1.321280000000e+01
 1.600000000000e-01  2.760000000000e+00 -1.405760000000e+01
 1.600000000000e-01  2.840000000000e+00 -1.492800000000e+01
 1.600000000000e-01  2.920000000000e+00 -1.582400000000e+01
 1.600000000000e-01  3.000000000000e+00 -1.674560000000e+01
 1.600000000000e-01  3.080000000000e+00 -1.769280000000e+01
 1.600000000000e-01  3.160000000000e+00 -1.866560000000e+01
 1.600000000000e-01  3.240000000000e+00 -1.966400000000e+01
 1.600000000000e-01  3.320000000000e+00 -2.068800000000e+01
 1.600000000000e-01  3.400000000000e+00 -2.173760000000e+01
 1.600000000000e-01  3.480000000000e+00 -2.281280000000e+01
 1.600000000000e-01  3.560000000000e+00 -2.391360000000e+01
 1.600000000000e-01  3.640000000000e+00 -2.504000000000e+01
 1.600000000000e-01  3.720000000000e+00 -2.619200000000e+01
 1.600000000000e-01  3.800000000000e+00 -2.736960000000e+01
 1.600000000000e-01  3.880000000000e+00 -2.857280000000e+01
 1.600000000000e-01  3.960000000000e+00 -2.980160000000e+01
 1.600000000000e-01  4.040000000000e+00 -3.105600000000e+01
 1.600000000000e-01  4.120000000000e+00 -3.233600000000e+01
 1.600000000000e-01  4.200000000000e+00 -3.364160000000e+01
 1.600000000000e-01  4.280000000000e+00 -3.497280000000e+01
 1.600000000000e-01  4.360000000000e+00 -3.632960000000e+01
 1.600000000000e-01  4.440000000000e+00 -3.771200000000e+01
 1.600000000000e-01  4.520000000000e+00 -3.912000000000e+01
 1.600000000000e-01  4.600000000000e+00 -4.055360000000e+01
 1.600000000000e-01  4.680000000000e+00 -4.201280000000e+01
 1.600000000000e-01  4.760000000000e+00 -4.349760000000e+01
 1.600000000000e-01  4.840000000000e+00 -4.500800000000e+01
 1.600000000000e-01  4.920000000000e+00 -4.654400000000e+01
 1.600000000000e-01  5.000000000000e+00 -4.810560000000e+01

 2.400000000000e-01 -3.000000000000e+00 -1.901760000000e+01
 2.400000000000e-01 -2.920000000000e+00 -1.803200000000e+01
 2.400000000000e-01 -2.840000000000e+00 -1.707200000000e+01
 2.400000000000e-01 -2.760000000000e+00 -1.613760000000e+01
 2.400000000000e-01 -2.680000000000e+00 -1.522880000000e+01
 2.400000000000e-01 -2.600000000000e+00 -1.434560000000e+01
 2.400000000000e-01 -2.520000000000e+00 -1.348800000000e+01
 2.400000000000e-01 -2.440000000000e+00 -1.265600000000e+01
 2.400000000000e-01 -2.360000000000e+00 -1.184960000000e+01
 2.400000000000e-01 -2.280000000000e+00 -1.106880000000e+01
 2.400000000000e-01 -2.200000000000e+00 -1.031360000000e+01
 2.400000000000e-01 -2.120000000000e+00 -9.584000000000e+00
 2.400000000000e-01 -2.040000000000e+00 -8.880000000000e+00
 2.400000000000e-01 -1.960000000000e+00 -8.201600000000e+00
 2.400000000000e-01 -1.880000000000e+00 -7.548800000000e+00
 2.400000000000e-01 -1.800000000000e+00 -6.921600000000e+00
 2.400000000000e-01 -1.720000000000e+00 -6.320000000000e+00
 2.400000000000e-01 -1.640000000000e+00 -5.744000000000e+00
 2.400000000000e-01 -1.560000000000e+00 -5.193600000000e+00
 2.400000000000e-01 -1.480000000000e+00 -4.668800000000e+00
 2.400000000000e-01 -1.400000000000e+00 -4.169600000000e+00
 2.400000000000e-01 -1.320000000000e+00 -3.696000000000e+00
 2.400000000000e-01 -1.240000000000e+00 -3.248000000000e+00
 2.400000000000e-01 -1.160000000000e+00 -2.825600000000e+00
 2.400000000000e-01 -1.080000000000e+00 -2.428800000000e+00
 2.400000000000e-01 -1.000000000000e+00 -2.057600000000e+00
 2.400000000000e-01 -9.200000000000e-01 -1.712000000000e+00
 2.400000000000e-01 -8.400000000000e-01 -1.392000000000e+00
 2.400000000000e-01 -7.600000000000e-01 -1.097600000000e+00
 2.400000000000e-01 -6.800000000000e-01 -8.288000000000e-01
 2.400000000000e-01 -6.000000000000e-01 -5.856000000000e-01
 2.400000000000e-01 -5.200000000000e-01 -3.680000000000e-01
 2.400000000000e-01 -4.400000000000e-01 -1.760000000000e-01
 2.400000000000e-01 -3.600000000000e-01 -9.600000000000e-03
 2.400000000000e-01 -2.800000000000e-01  1.312000000000e-01
 2.400000000000e-01 -2.000000000000e-01  2.464000000000e-01
 2.400000000000e-01 -1.200000000000e-01  3.360000000000e-01
 2.400000000000e-01 -4.000000000000e-02  4.000000000000e-01
 2.400000000000e-01  4.000000000000e-02  4.384000000000e-01
 2.400000000000e-01  1.200000000000e-01  4.512000000000e-01
 2.400000000000e-01  2.000000000000e-01  4.384000000000e-01
 2.400000000000e-01  2.800000000000e-01  4.000000000000e-01
 2.400000000000e-01  3.600000000000e-01  3.360000000000e-01
 2.400000000000e-01  4.400000000000e-01  2.464000000000e-01
 2.400000000000e-01  5.200000000000e-01  1.312000000000e-01
 2.400000000000e-01  6.000000000000e-01 -9.600000000000e-03
 2.400000000000e-01  6.800000000000e-01 -1.760000000000e-01
 2.400000000000e-01  7.600000000000e-01 -3.680000000000e-01
 2.400000000000e-01  8.400000000000e-01 -5.856000000000e-01
 2.400000000000e-01  9.200000000000e-01 -8.288000000000e-01
 2.400000000000e-01  1.000000000000e+00 -1.097600000000e+00
 2.400000000000e-01  1.080000000000e+00 -1.392000000000e+00
 2.400000000000e-01  1.160000000000e+00 -1.712000000000e+00
 2.400000000000e-01  1.240000000000e+00 -2.057600000000e+00
 2.400000000000e-01  1.320000000000e+00 -2.428800000000e+00
 2.400000000000e-01  1.400000000000e+00 -2.825600000000e+00
 2.400000000000e-01  1.480000000000e+00 -3.248000000000e+00
 2.400000000000e-01  1.560000000000e+00 -3.696000000000e+00
 2.400000000000e-01  1.640000000000e+00 -4.169600000000e+00
 2.400000000000e-01  1.720000000000e+00 -4.668800000000e+00
 2.400000000000e-01  1.800000000000e+00 -5.193600000000e+00
 2.400000000000e-01  1.880000000000e+00 -5.744000000000e+00
 2.400000000000e-01  1.960000000000e+00 -6.320000000000e+00
 2.400000000000e-01  2.040000000000e+00 -6.921600000000e+00
 2.400000000000e-01  2.120000000000e+00 -7.548800000000e+00
 2.400000000000e-01  2.200000000000e+00 -8.201600000000e+00
 2.400000000000e-01  2.280000000000e+00 -8.880000000000e+00
 2.400000000000e-01  2.360000000000e+00 -9.584000000000e+00
 2.400000000000e-01  2.440000000000e+00 -1.031360000000e+01
 2.400000000000e-01  2.520000000000e+00 -1.106880000000e+01
 2.400000000000e-01  2.600000000000e+00 -1.184960000000e+01
 2.400000000000e-01  2.680000000000e+00 -1.265600000000e+01
 2.400000000000e-01  2.760000000000e+00 -1.348800000000e+01
 2.400000000000e-01  2.840000000000e+00 -1.434560000000e+01
 2.400000000000e-01  2.920000000000e+00 -1.522880000000e+01
 2.400000000000e-01  3.000000000000e+00 -1.613760000000e+01
 2.400000000000e-01  3.080000000000e+00 -1.707200000000e+01
 2.400000000000e-01  3.160000000000e+00 -1.803200000000e+01
 2.400000000000e-01  3.240000000000e+00 -1.901760000000e+01
 2.400000000000e-01  3.320000000000e+00 -2.002880000000e+01
 2.400000000000e-01  3.400000000000e+00 -2.106560000000e+01
 2.400000000000e-01  3.480000000000e+00 -2.212800000000e+01
 2.400000000000e-01  3.560000000000e+00 -2.321600000000e+01
 2.400000000000e-01  3.640000000000e+00 -2.432960000000e+01
 2.400000000000e-01  3.720000000000e+00 -2.546880000000e+01
 2.400000000000e-01  3.800000000000e+00 -2.663360000000e+01
 2.400000000000e-01  3.880000000000e+00 -2.782400000000e+01
 2.400000000000e-01  3.960000000000e+00 -2.904000000000e+01
 2.400000000000e-01  4.040000000000e+00 -3.028160000000e+01
 2.400000000000e-01  4.120000000000e+00 -3.154880000000e+01
 2.400000000000e-01  4.200000000000e+00 -3.284160000000e+01
 2.400000000000e-01  4.280000000000e+00 -3.416000000000e+01
 2.400000000000e-01  4.360000000000e+00 -3.550400000000e+01
 2.400000000000e-01  4.440000000000e+00 -3.687360000000e+01
 2.400000000000e-01  4.520000000000e+00 -3.826880000000e+01
 2.400000000000e-01  4.600000000000e+00 -3.968960000000e+01
 2.400000000000e-01  4.680000000000e+00 -4.113600000000e+01
 2.400000000000e-01  4.760000000000e+00 -4.260800000000e+01
 2.400000000000e-01  4.840000000000e+00 -4.410560000000e+01
 2.400000000000e-01  4.920000000000e+00 -4.562880000000e+01
 2.400000000000e-01  5.000000000000e+00 -4.717760000000e+01

 3.200000000000e-01 -3.000000000000e+00 -1.938240000000e+01
 3.200000000000e-01 -2.920000000000e+00 -1.838400000000e+01
 3.200000000000e-01 -2.840000000000e+00 -1.741120000000e+01
 3.200000000000e-01 -2.760000000000e+00 -1.646400000000e+01
 3.200000000000e-01 -2.680000000000e+00 -1.554240000000e+01
 3.200000000000e-01 -2.600000000000e+00 -1.464640000000e+01
 3.200000000000e-01 -2.520000000000e+00 -1.377600000000e+01
 3.200000000000e-01 -2.440000000000e+00 -1.293120000000e+01
 3.200000000000e-01 -2.360000000000e+00 -1.211200000000e+01
 3.200000000000e-01 -2.280000000000e+00 -1.131840000000e+01
 3.200000000000e-01 -2.200000000000e+00 -1.055040000000e+01
 3.200000000000e-01 -2.120000000000e+00 -9.808000000000e+00
 3.200000000000e-01 -2.040000000000e+00 -9.091200000000e+00
 3.200000000000e-01 -1.960000000000e+00 -8.400000000000e+00
 3.200000000000e-01 -1.880000000000e+00 -7.734400000000e+00
 3.200000000000e-01 -1.800000000000e+00 -7.094400000000e+00
 3.200000000000e-01 -1.720000000000e+00 -6.480000000000e+00
 3.200000000000e-01 -1.640000000000e+00 -5.891200000000e+00
 3.200000000000e-01 -1.560000000000e+00 -5.328000000000e+00
 3.200000000000e-01 -1.480000000000e+00 -4.790400000000e+00
 3.200000000000e-01 -1.400000000000e+00 -4.278400000000e+00
 3.200000000000e-01 -1.320000000000e+00 -3.792000000000e+00
 3.200000000000e-01 -1.240000000000e+00 -3.331200000000e+00
 3.200000000000e-01 -1.160000000000e+00 -2.896000000000e+00
 3.200000000000e-01 -1.080000000000e+00 -2.486400000000e+00
 3.200000000000e-01 -1.000000000000e+00 -2.102400000000e+00
 3.200000000000e-01 -9.200000000000e-01 -1.744000000000e+00
 3.200000000000e-01 -8.400000000000e-01 -1.411200000000e+00
 3.200000000000e-01 -7.600000000000e-01 -1.104000000000e+00
 3.200000000000e-01 -6.800000000000e-01 -8.224000000000e-01
 3.200000000000e-01 -6.000000000000e-01 -5.664000000000e-01
 3.200000000000e-01 -5.200000000000e-01 -3.360000000000e-01
 3.200000000000e-01 -4.400000000000e-01 -1.312000000000e-01
 3.200000000000e-01 -3.600000000000e-01  4.800000000000e-02
 3.200000000000e-01 -2.800000000000e-01  2.016000000000e-01
 3.200000000000e-01 -2.000000000000e-01  3.296000000000e-01
 3.200000000000e-01 -1.200000000000e-01  4.320000000000e-01
 3.200000000000e-01 -4.000000000000e-02  5.088000000000e-01
 3.200000000000e-01  4.000000000000e-02  5.600000000000e-01
 3.200000000000e-01  1.200000000000e-01  5.856000000000e-01
 3.200000000000e-01  2.000000000000e-01  5.856000000000e-01
 3.200000000000e-01  2.800000000000e-01  5.600000000000e-01
 3.200000000000e-01  3.600000000000e-01  5.088000000000e-01
 3.200000000000e-01  4.400000000000e-01  4.320000000000e-01
 3.200000000000e-01  5.200000000000e-01  3.296000000000e-01
 3.200000000000e-01  6.000000000000e-01  2.016000000000e-01
 3.200000000000e-01  6.800000000000e-01  4.800000000000e-02
 3.200000000000e-01  7.600000000000e-01 -1.312000000000e-01
 3.200000000000e-01  8.400000000000e-01 -3.360000000000e-01
 3.200000000000e-01  9.200000000000e-01 -5.664000000000e-01
 3.200000000000e-01  1.000000000000e+00 -8.224000000000e-01
 3.200000000000e-01  1.080000000000e+00 -1.104000000000e+00
 3.200000000000e-01  1.160000000000e+00 -1.411200000000e+00
 3.200000000000e-01  1.240000000000e+00 -1.744000000000e+00
 3.200000000000e-01  1.320000000000e+00 -2.102400000000e+00
 3.200000000000e-01  1.400000000000e+00 -2.486400000000e+00
 3.200000000000e-01  1.480000000000e+00 -2.896000000000e+00
 3.200000000000e-01  1.560000000000e+00 -3.331200000000e+00
 3.200000000000e-01  1.640000000000e+00 -3.792000000000e+00
 3.200000000000e-01  1.720000000000e+00 -4.278400000000e+00
 3.200000000000e-01  1.800000000000e+00 -4.790400000000e+00
 3.200000000000e-01  1.880000000000e+00 -5.328000000000e+00
 3.200000000000e-01  1.960000000000e+00 -5.891200000000e+00
 3.200000000000e-01  2.040000000000e+00 -6.480000000000e+00
 3.200000000000e-01  2.120000000000e+00 -7.094400000000e+00
 3.200000000000e-01  2.200000000000e+00 -7.734400000000e+00
 3.200000000000e-01  2.280000000000e+00 -8.400000000000e+00
 3.200000000000e-01  2.360000000000e+00 -9.091200000000e+00
 3.200000000000e-01  2.440000000000e+00 -9.808000000000e+00
 3.200000000000e-01  2.520000000000e+00 -1.055040000000e+01
 3.200000000000e-01  2.600000000000e+00 -1.131840000000e+01
 3.200000000000e-01  2.680000000000e+00 -1.211200000000e+01
 3.200000000000e-01  2.760000000000e+00 -1.293120000000e+01
 3.200000000000e-01  2.840000000000e+00 -1.377600000000e+01
 3.200000000000e-01  2.920000000000e+00 -1.464640000000e+01
 3.200000000000e-01  3.000000000000e+00 -1.554240000000e+01
 3.200000000000e-01  3.080000000000e+00 -1.646400000000e+01
 3.200000000000e-01  3.160000000000e+00 -1.741120000000e+01
 3.200000000000e-01  3.240000000000e+00 -1.838400000000e+01
 3.200000000000e-01  3.320000000000e+00 -1.938240000000e+01
 3.200000000000e-01  3.400000000000e+00 -2.040640000000e+01
 3.200000000000e-01  3.480000000000e+00 -2.145600000000e+01
 3.200000000000e-01  3.560000000000e+00 -2.253120000000e+01
 3.200000000000e-01  3.640000000000e+00 -2.363200000000e+01
 3.200000000000e-01  3.720000000000e+00 -2.475840000000e+01
 3.200000000000e-01  3.800000000000e+00 -2.591040000000e+01
 3.200000000000e-01  3.880000000000e+00 -2.708800000000e+01
 3.200000000000e-01  3.960000000000e+00 -2.829120000000e+01
 3.200000000000e-01  4.040000000000e+00 -2.952000000000e+01
 3.200000000000e-01  4.120000000000e+00 -3.077440000000e+01
 3.200000000000e-01  4.200000000000e+00 -3.205440000000e+01
 3.200000000000e-01  4.280000000000e+00 -3.336000000000e+01
 3.200000000000e-01  4.360000000000e+00 -3.469120000000e+01
 3.200000000000e-01  4.440000000000e+00 -3.604800000000e+01
 3.200000000000e-01  4.520000000000e+00 -3.743040000000e+01
 3.200000000000e-01  4.600000000000e+00 -3.883840000000e+01
 3.200000000000e-01  4.680000000000e+00 -4.027200000000e+01
 3.200000000000e-01  4.760000000000e+00 -4.173120000000e+01
 3.200000000000e-01  4.840000000000e+00 -4.321600000000e+01
 3.200000000000e-01  4.920000000000e+00 -4.472640000000e+01
 3.200000000000e-01  5.000000000000e+00 -4.626240000000e+01

 4.000000000000e-01 -3.000000000000e+00 -1.976000000000e+01
 4.000000000000e-01 -2.920000000000e+00 -1.874880000000e+01
 4.000000000000e-01 -2.840000000000e+00 -1.776320000000e+01
 4.000000000000e-01 -2.760000000000e+00 -1.680320000000e+01
 4.000000000000e-01 -2.680000000000e+00 -1.586880000000e+01
 4.000000000000e-01 -2.600000000000e+00 -1.496000000000e+01
 4.000000000000e-01 -2.520000000000e+00 -1.407680000000e+01
 4.000000000000e-01 -2.440000000000e+00 -1.321920000000e+01
 4.000000000000e-01 -2.360000000000e+00 -1.238720000000e+01
 4.000000000000e-01 -2.280000000000e+00 -1.158080000000e+01
 4.000000000000e-01 -2.200000000000e+00 -1.080000000000e+01
 4.000000000000e-01 -2.120000000000e+00 -1.004480000000e+01
 4.000000000000e-01 -2.040000000000e+00 -9.315200000000e+00
 4.000000000000e-01 -1.960000000000e+00 -8.611200000000e+00
 4.000000000000e-01 -1.880000000000e+00 -7.932800000000e+00
 4.000000000000e-01 -1.800000000000e+00 -7.280000000000e+00
 4.000000000000e-01 -1.720000000000e+00 -6.652800000000e+00
 4.000000000000e-01 -1.640000000000e+00 -6.051200000000e+00
 4.000000000000e-01 -1.560000000000e+00 -5.475200000000e+00
 4.000000000000e-01 -1.480000000000e+00 -4.924800000000e+00
 4.000000000000e-01 -1.400000000000e+00 -4.400000000000e+00
 4.000000000000e-01 -1.320000000000e+00 -3.900800000000e+00
 4.000000000000e-01 -1.240000000000e+00 -3.427200000000e+00
 4.000000000000e-01 -1.160000000000e+00 -2.979200000000e+00
 4.000000000000e-01 -1.080000000000e+00 -2.556800000000e+00
 4.000000000000e-01 -1.000000000000e+00 -2.160000000000e+00
 4.000000000000e-01 -9.200000000000e-01 -1.788800000000e+00
 4.000000000000e-01 -8.400000000000e-01 -1.443200000000e+00
 4.000000000000e-01 -7.600000000000e-01 -1.123200000000e+00
 4.000000000000e-01 -6.800000000000e-01 -8.288000000000e-01
 4.000000000000e-01 -6.000000000000e-01 -5.600000000000e-01
 4.000000000000e-01 -5.200000000000e-01 -3.168000000000e-01
 4.000000000000e-01 -4.400000000000e-01 -9.920000000000e-02
 4.000000000000e-01 -3.600000000000e-01  9.280000000000e-02
 4.000000000000e-01 -2.800000000000e-01  2.592000000000e-01
 4.000000000000e-01 -2.000000000000e-01  4.000000000000e-01
 4.000000000000e-01 -1.200000000000e-01  5.152000000000e-01
 4.000000000000e-01 -4.000000000000e-02  6.048000000000e-01
 4.000000000000e-01  4.000000000000e-02  6.688000000000e-01
 4.000000000000e-01  1.200000000000e-01  7.072000000000e-01
 4.000000000000e-01  2.000000000000e-01  7.200000000000e-01
 4.000000000000e-01  2.800000000000e-01  7.072000000000e-01
 4.000000000000e-01  3.600000000000e-01  6.688000000000e-01
 4.000000000000e-01  4.400000000000e-01  6.048000000000e-01
 4.000000000000e-01  5.200000000000e-01  5.152000000000e-01
 4.000000000000e-01  6.000000000000e-01  4.000000000000e-01
 4.000000000000e-01  6.800000000000e-01  2.592000000000e-01
 4.000000000000e-01  7.600000000000e-01  9.280000000000e-02
 4.000000000000e-01  8.400000000000e-01 -9.920000000000e-02
 4.000000000000e-01  9.200000000000e-01 -3.168000000000e-01
 4.000000000000e-01  1.000000000000e+00 -5.600000000000e-01
 4.000000000000e-01  1.080000000000e+00 -8.288000000000e-01
 4.000000000000e-01  1.160000000000e+00 -1.123200000000e+00
 4.000000000000e-01  1.240000000000e+00 -1.443200000000e+00
 4.000000000000e-01  1.320000000000e+00 -1.788800000000e+00
 4.000000000000e-01  1.400000000000e+00 -2.160000000000e+00
 4.000000000000e-01  1.480000000000e+00 -2.556800000000e+00
 4.000000000000e-01  1.560000000000e+00 -2.979200000000e+00
 4.000000000000e-01  1.640000000000e+00 -3.427200000000e+00
 4.000000000000e-01  1.720000000000e+00 -3.900800000000e+00
 4.000000000000e-01  1.800000000000e+00 -4.400000000000e+00
 4.000000000000e-01  1.880000000000e+00 -4.924800000000e+00
 4.000000000000e-01  1.960000000000e+00 -5.475200000000e+00
 4.000000000000e-01  2.040000000000e+00 -6.051200000000e+00
 4.000000000000e-01  2.120000000000e+00 -6.652800000000e+00
 4.000000000000e-01  2.200000000000e+00 -7.280000000000e+00
 4.000000000000e-01  2.280000000000e+00 -7.932800000000e+00
 4.000000000000e-01  2.360000000000e+00 -8.611200000000e+00
 4.000000000000e-01  2.440000000000e+00 -9.315200000000e+00
 4.000000000000e-01  2.520000000000e+00 -1.004480000000e+01
 4.000000000000e-01  2.600000000000e+00 -1.080000000000e+01
 4.000000000000e-01  2.680000000000e+00 -1.158080000000e+01
 4.000000000000e-01  2.760000000000e+00 -1.238720000000e+01
 4.000000000000e-01  2.840000000000e+00 -1.321920000000e+01
 4.000000000000e-01  2.920000000000e+00 -1.407680000000e+01
 4.000000000000e-01  3.000000000000e+00 -1.496000000000e+01
 4.000000000000e-01  3.080000000000e+00 -1.586880000000e+01
 4.000000000000e-01  3.160000000000e+00 -1.680320000000e+01
 4.000000000000e-01  3.240000000000e+00 -1.776320000000e+01
 4.000000000000e-01  3.320000000000e+00 -1.874880000000e+01
 4.000000000000e-01  3.400000000000e+00 -1.976000000000e+01
 4.000000000000e-01  3.480000000000e+00 -2.079680000000e+01
 4.000000000000e-01  3.560000000000e+00 -2.185920000000e+01
 4.000000000000e-01  3.640000000000e+00 -2.294720000000e+01
 4.000000000000e-01  3.720000000000e+00 -2.406080000000e+01
 4.000000000000e-01  3.800000000000e+00 -2.520000000000e+01
 4.000000000000e-01  3.880000000000e+00 -2.636480000000e+01
 4.000000000000e-01  3.960000000000e+00 -2.755520000000e+01
 4.000000000000e-01  4.040000000000e+00 -2.877120000000e+01
 4.000000000000e-01  4.120000000000e+00 -3.001280000000e+01
 4.000000000000e-01  4.200000000000e+00 -3.128000000000e+01
 4.000000000000e-01  4.280000000000e+00 -3.257280000000e+01
 4.000000000000e-01  4.360000000000e+00 -3.389120000000e+01
 4.000000000000e-01  4.440000000000e+00 -3.523520000000e+01
 4.000000000000e-01  4.520000000000e+00 -3.660480000000e+01
 4.000000000000e-01  4.600000000000e+00 -3.800000000000e+01
 4.000000000000e-01  4.680000000000e+00 -3.942080000000e+01
 4.000000000000e-01  4.760000000000e+00 -4.086720000000e+01
 4.000000000000e-01  4.840000000000e+00 -4.233920000000e+01
 4.000000000000e-01  4.920000000000e+00 -4.383680000000e+01
 4.000000000000e-01  5.000000000000e+00 -4.536000000000e+01

 4.800000000000e-01 -3.000000000000e+00 -2.015040000000e+01
 4.800000000000e-01 -2.920000000000e+00 -1.912640000000e+01
 4.800000000000e-01 -2.840000000000e+00 -1.812800000000e+01
 4.800000000000e-01 -2.760000000000e+00 -1.715520000000e+01
 4.800000000000e-01 -2.680000000000e+00 -1.620800000000e+01
 4.800000000000e-01 -2.600000000000e+00 -1.528640000000e+01
 4.800000000000e-01 -2.520000000000e+00 -1.439040000000e+01
 4.800000000000e-01 -2.440000000000e+00 -1.352000000000e+01
 4.800000000000e-01 -2.360000000000e+00 -1.267520000000e+01
 4.800000000000e-01 -2.280000000000e+00 -1.185600000000e+01
 4.800000000000e-01 -2.200000000000e+00 -1.106240000000e+01
 4.800000000000e-01 -2.120000000000e+00 -1.029440000000e+01
 4.800000000000e-01 -2.040000000000e+00 -9.552000000000e+00
 4.800000000000e-01 -1.960000000000e+00 -8.835200000000e+00
 4.800000000000e-01 -1.880000000000e+00 -8.144000000000e+00
 4.800000000000e-01 -1.800000000000e+00 -7.478400000000e+00
 4.800000000000e-01 -1.720000000000e+00 -6.838400000000e+00
 4.800000000000e-01 -1.640000000000e+00 -6.224000000000e+00
 4.800000000000e-01 -1.560000000000e+00 -5.635200000000e+00
 4.800000000000e-01 -1.480000000000e+00 -5.072000000000e+00
 4.800000000000e-01 -1.400000000000e+00 -4.534400000000e+00
 4.800000000000e-01 -1.320000000000e+00 -4.022400000000e+00
 4.800000000000e-01 -1.240000000000e+00 -3.536000000000e+00
 4.800000000000e-01 -1.160000000000e+00 -3.075200000000e+00
 4.800000000000e-01 -1.080000000000e+00 -2.640000000000e+00
 4.800000000000e-01 -1.000000000000e+00 -2.230400000000e+00
 4.800000000000e-01 -9.200000000000e-01 -1.846400000000e+00
 4.800000000000e-01 -8.400000000000e-01 -1.488000000000e+00
 4.800000000000e-01 -7.600000000000e-01 -1.155200000000e+00
 4.800000000000e-01 -6.800000000000e-01 -8.480000000000e-01
 4.800000000000e-01 -6.000000000000e-01 -5.664000000000e-01
 4.800000000000e-01 -5.200000000000e-01 -3.104000000000e-01
 4.800000000000e-01 -4.400000000000e-01 -8.000000000000e-02
 4.800000000000e-01 -3.600000000000e-01  1.248000000000e-01
 4.800000000000e-01 -2.800000000000e-01  3.040000000000e-01
 4.800000000000e-01 -2.000000000000e-01  4.576000000000e-01
 4.800000000000e-01 -1.200000000000e-01  5.856000000000e-01
 4.800000000000e-01 -4.000000000000e-02  6.880000000000e-01
 4.800000000000e-01  4.000000000000e-02  7.648000000000e-01
 4.800000000000e-01  1.200000000000e-01  8.160000000000e-01
 4.800000000000e-01  2.000000000000e-01  8.416000000000e-01
 4.800000000000e-01  2.800000000000e-01  8.416000000000e-01
 4.800000000000e-01  3.600000000000e-01  8.160000000000e-01
 4.800000000000e-01  4.400000000000e-01  7.648000000000e-01
 4.800000000000e-01  5.200000000000e-01  6.880000000000e-01
 4.800000000000e-01  6.000000000000e-01  5.856000000000e-01
 4.800000000000e-01  6.800000000000e-01  4.576000000000e-01
 4.800000000000e-01  7.600000000000e-01  3.040000000000e-01
 4.800000000000e-01  8.400000000000e-01  1.248000000000e-01
 4.800000000000e-01  9.200000000000e-01 -8.000000000000e-02
 4.800000000000e-01  1.000000000000e+00 -3.104000000000e-01
 4.800000000000e-01  1.080000000000e+00 -5.664000000000e-01
 4.800000000000e-01  1.160000000000e+00 -8.480000000000e-01
 4.800000000000e-01  1.240000000000e+00 -1.155200000000e+00
 4.800000000000e-01  1.320000000000e+00 -1.488000000000e+00
 4.800000000000e-01  1.400000000000e+00 -1.846400000000e+00
 4.800000000000e-01  1.480000000000e+00 -2.230400000000e+00
 4.800000000000e-01  1.560000000000e+00 -2.640000000000e+00
 4.800000000000e-01  1.640000000000e+00 -3.075200000000e+00
 4.800000000000e-01  1.720000000000e+00 -3.536000000000e+00
 4.800000000000e-01  1.800000000000e+00 -4.022400000000e+00
 4.800000000000e-01  1.880000000000e+00 -4.534400000000e+00
 4.800000000000e-01  1.960000000000e+00 -5.072000000000e+00
 4.800000000000e-01  2.040000000000e+00 -5.635200000000e+00
 4.800000000000e-01  2.120000000000e+00 -6.224000000000e+00
 4.800000000000e-01  2.200000000000e+00 -6.838400000000e+00
 4.800000000000e-01  2.280000000000e+00 -7.478400000000e+00
 4.800000000000e-01  2.360000000000e+00 -8.144000000000e+00
 4.800000000000e-01  2.440000000000e+00 -8.835200000000e+00
 4.800000000000e-01  2.520000000000e+00 -9.552000000000e+00
 4.800000000000e-01  2.600000000000e+00 -1.029440000000e+01
 4.800000000000e-01  2.680000000000e+00 -1.106240000000e+01
 4.800000000000e-01  2.760000000000e+00 -1.185600000000e+01
 4.800000000000e-01  2.840000000000e+00 -1.267520000000e+01
 4.800000000000e-01  2.920000000000e+00 -1.352000000000e+01
 4.800000000000e-01  3.000000000000e+00 -1.439040000000e+01
 4.800000000000e-01  3.080000000000e+00 -1.528640000000e+01
 4.800000000000e-01  3.160000000000e+00 -1.620800000000e+01
 4.800000000000e-01  3.240000000000e+00 -1.715520000000e+01
 4.800000000000e-01  3.320000000000e+00 -1.812800000000e+01
 4.800000000000e-01  3.400000000000e+00 -1.912640000000e+01
 4.800000000000e-01  3.480000000000e+00 -2.015040000000e+01
 4.800000000000e-01  3.560000000000e+00 -2.120000000000e+01
 4.800000000000e-01  3.640000000000e+00 -2.227520000000e+01
 4.800000000000e-01  3.720000000000e+00 -2.337600000000e+01
 4.800000000000e-01  3.800000000000e+00 -2.450240000000e+01
 4.800000000000e-01  3.880000000000e+00 -2.565440000000e+01
 4.800000000000e-01  3.960000000000e+00 -2.683200000000e+01
 4.800000000000e-01  4.040000000000e+00 -2.803520000000e+01
 4.800000000000e-01  4.120000000000e+00 -2.926400000000e+01
 4.800000000000e-01  4.200000000000e+00 -3.051840000000e+01
 4.800000000000e-01  4.280000000000e+00 -3.179840000000e+01
 4.800000000000e-01  4.360000000000e+00 -3.310400000000e+01
 4.800000000000e-01  4.440000000000e+00 -3.443520000000e+01
 4.800000000000e-01  4.520000000000e+00 -3.579200000000e+01
 4.800000000000e-01  4.600000000000e+00 -3.717440000000e+01
 4.800000000000e-01  4.680000000000e+00 -3.858240000000e+01
 4.800000000000e-01  4.760000000000e+00 -4.001600000000e+01
 4.800000000000e-01  4.840000000000e+00 -4.147520000000e+01
 4.800000000000e-01  4.920000000000e+00 -4.296000000000e+01
 4.800000000000e-01  5.000000000000e+00 -4.447040000000e+01

 5.600000000000e-01 -3.000000000000e+00 -2.055360000000e+01
 5.600000000000e-01 -2.920000000000e+00 -1.951680000000e+01
 5.600000000000e-01 -2.840000000000e+00 -1.850560000000e+01
 5.600000000000e-01 -2.760000000000e+00 -1.752000000000e+01
 5.600000000000e-01 -2.680000000000e+00 -1.656000000000e+01
 5.600000000000e-01 -2.600000000000e+00 -1.562560000000e+01
 5.600000000000e-01 -2.520000000000e+00 -1.471680000000e+01
 5.600000000000e-01 -2.440000000000e+00 -1.383360000000e+01
 5.600000000000e-01 -2.360000000000e+00 -1.297600000000e+01
 5.600000000000e-01 -2.280000000000e+00 -1.214400000000e+01
 5.600000000000e-01 -2.200000000000e+00 -1.133760000000e+01
 5.600000000000e-01 -2.120000000000e+00 -1.055680000000e+01
 5.600000000000e-01 -2.040000000000e+00 -9.801600000000e+00
 5.600000000000e-01 -1.960000000000e+00 -9.072000000000e+00
 5.600000000000e-01 -1.880000000000e+00 -8.368000000000e+00
 5.600000000000e-01 -1.800000000000e+00 -7.689600000000e+00
 5.600000000000e-01 -1.720000000000e+00 -7.036800000000e+00
 5.600000000000e-01 -1.640000000000e+00 -6.409600000000e+00
 5.600000000000e-01 -1.560000000000e+00 -5.808000000000e+00
 5.600000000000e-01 -1.480000000000e+00 -5.232000000000e+00
 5.600000000000e-01 -1.400000000000e+00 -4.681600000000e+00
 5.600000000000e-01 -1.320000000000e+00 -4.156800000000e+00
 5.600000000000e-01 -1.240000000000e+00 -3.657600000000e+00
 5.600000000000e-01 -1.160000000000e+00 -3.184000000000e+00
 5.600000000000e-01 -1.080000000000e+00 -2.736000000000e+00
 5.600000000000e-01 -1.000000000000e+00 -2.313600000000e+00
 5.600000000000e-01 -9.200000000000e-01 -1.916800000000e+00
 5.600000000000e-01 -8.400000000000e-01 -1.545600000000e+00
 5.600000000000e-01 -7.600000000000e-01 -1.200000000000e+00
 5.600000000000e-01 -6.800000000000e-01 -8.800000000000e-01
 5.600000000000e-01 -6.000000000000e-01 -5.856000000000e-01
 5.600000000000e-01 -5.200000000000e-01 -3.168000000000e-01
 5.600000000000e-01 -4.400000000000e-01 -7.360000000000e-02
 5.600000000000e-01 -3.600000000000e-01  1.440000000000e-01
 5.600000000000e-01 -2.800000000000e-01  3.360000000000e-01
 5.600000000000e-01 -2.000000000000e-01  5.024000000000e-01
 5.600000000000e-01 -1.200000000000e-01  6.432000000000e-01
 5.600000000000e-01 -4.000000000000e-02  7.584000000000e-01
 5.600000000000e-01  4.000000000000e-02  8.480000000000e-01
 5.600000000000e-01  1.200000000000e-01  9.120000000000e-01
 5.600000000000e-01  2.000000000000e-01  9.504000000000e-01
 5.600000000000e-01  2.800000000000e-01  9.632000000000e-01
 5.600000000000e-01  3.600000000000e-01  9.504000000000e-01
 5.600000000000e-01  4.400000000000e-01  9.120000000000e-01
 5.600000000000e-01  5.200000000000e-01  8.480000000000e-01
 5.600000000000e-01  6.000000000000e-01  7.584000000000e-01
 5.600000000000e-01  6.800000000000e-01  6.432000000000e-01
 5.600000000000e-01  7.600000000000e-01  5.024000000000e-01
 5.600000000000e-01  8.400000000000e-01  3.360000000000e-01
 5.600000000000e-01  9.200000000000e-01  1.440000000000e-01
 5.600000000000e-01  1.000000000000e+00 -7.360000000000e-02
 5.600000000000e-01  1.080000000000e+00 -3.168000000000e-01
 5.600000000000e-01  1.160000000000e+00 -5.856000000000e-01
 5.600000000000e-01  1.240000000000e+00 -8.800000000000e-01
 5.600000000000e-01  1.320000000000e+00 -1.200000000000e+00
 5.600000000000e-01  1.400000000000e+00 -1.545600000000e+00
 5.600000000000e-01  1.480000000000e+00 -1.916800000000e+00
 5.600000000000e-01  1.560000000000e+00 -2.313600000000e+00
 5.600000000000e-01  1.640000000000e+00 -2.736000000000e+00
 5.600000000000e-01  1.720000000000e+00 -3.184000000000e+00
 5.600000000000e-01  1.800000000000e+00 -3.657600000000e+00
 5.600000000000e-01  1.880000000000e+00 -4.156800000000e+00
 5.600000000000e-01  1.960000000000e+00 -4.681600000000e+00
 5.600000000000e-01  2.040000000000e+00 -5.232000000000e+00
 5.600000000000e-01  2.120000000000e+00 -5.808000000000e+00
 5.600000000000e-01  2.200000000000e+00 -6.409600000000e+00
 5.600000000000e-01  2.280000000000e+00 -7.036800000000e+00
 5.600000000000e-01  2.360000000000e+00 -7.689600000000e+00
 5.600000000000e-01  2.440000000000e+00 -8.368000000000e+00
 5.600000000000e-01  2.520000000000e+00 -9.072000000000e+00
 5.600000000000e-01  2.600000000000e+00 -9.801600000000e+00
 5.600000000000e-01  2.680000000000e+00 -1.055680000000e+01
 5.600000000000e-01  2.760000000000e+00 -1.133760000000e+01
 5.600000000000e-01  2.840000000000e+00 -1.214400000000e+01
 5.600000000000e-01  2.920000000000e+00 -1.297600000000e+01
 5.600000000000e-01  3.000000000000e+00 -1.383360000000e+01
 5.600000000000e-01  3.080000000000e+00 -1.471680000000e+01
 5.600000000000e-01  3.160000000000e+00 -1.562560000000e+01
 5.600000000000e-01  3.240000000000e+00 -1.656000000000e+01
 5.600000000000e-01  3.320000000000e+00 -1.752000000000e+01
 5.600000000000e-01  3.400000000000e+00 -1.850560000000e+01
 5.600000000000e-01  3.480000000000e+00 -1.951680000000e+01
 5.600000000000e-01  3.560000000000e+00 -2.055360000000e+01
 5.600000000000e-01  3.640000000000e+00 -2.161600000000e+01
 5.600000000000e-01  3.720000000000e+00 -2.270400000000e+01
 5.600000000000e-01  3.800000000000e+00 -2.381760000000e+01
 5.600000000000e-01  3.880000000000e+00 -2.495680000000e+01
 5.600000000000e-01  3.960000000000e+00 -2.612160000000e+01
 5.600000000000e-01  4.040000000000e+00 -2.731200000000e+01
 5.600000000000e-01  4.120000000000e+00 -2.852800000000e+01
 5.600000000000e-01  4.200000000000e+00 -2.976960000000e+01
 5.600000000000e-01  4.280000000000e+00 -3.103680000000e+01
 5.600000000000e-01  4.360000000000e+00 -3.232960000000e+01
 5.600000000000e-01  4.440000000000e+00 -3.364800000000e+01
 5.600000000000e-01  4.520000000000e+00 -3.499200000000e+01
 5.600000000000e-01  4.600000000000e+00 -3.636160000000e+01
 5.600000000000e-01  4.680000000000e+00 -3.775680000000e+01
 5.600000000000e-01  4.760000000000e+00 -3.917760000000e+01
 5.600000000000e-01  4.840000000000e+00 -4.062400000000e+01
 5.600000000000e-01  4.920000000000e+00 -4.209600000000e+01
 5.600000000000e-01  5.000000000000e+00 -4.359360000000e+01

 6.400000000000e-01 -3.000000000000e+00 -2.096960000000e+01
 6.400000000000e-01 -2.920000000000e+00 -1.992000000000e+01
 6.400000000000e-01 -2.840000000000e+00 -1.889600000000e+01
 6.400000000000e-01 -2.760000000000e+00 -1.789760000000e+01
 6.400000000000e-01 -2.680000000000e+00 -1.692480000000e+01
 6.400000000000e-01 -2.600000000000e+00 -1.597760000000e+01
 6.400000000000e-01 -2.520000000000e+00 -1.505600000000e+01
 6.400000000000e-01 -2.440000000000e+00 -1.416000000000e+01
 6.400000000000e-01 -2.360000000000e+00 -1.328960000000e+01
 6.400000000000e-01 -2.280000000000e+00 -1.244480000000e+01
 6.400000000000e-01 -2.200000000000e+00 -1.162560000000e+01
 6.400000000000e-01 -2.120000000000e+00 -1.083200000000e+01
 6.400000000000e-01 -2.040000000000e+00 -1.006400000000e+01
 6.400000000000e-01 -1.960000000000e+00 -9.321600000000e+00
 6.400000000000e-01 -1.880000000000e+00 -8.604800000000e+00
 6.400000000000e-01 -1.800000000000e+00 -7.913600000000e+00
 6.400000000000e-01 -1.720000000000e+00 -7.248000000000e+00
 6.400000000000e-01 -1.640000000000e+00 -6.608000000000e+00
 6.400000000000e-01 -1.560000000000e+00 -5.993600000000e+00
 6.400000000000e-01 -1.480000000000e+00 -5.404800000000e+00
 6.400000000000e-01 -1.400000000000e+00 -4.841600000000e+00
 6.400000000000e-01 -1.320000000000e+00 -4.304000000000e+00
 6.400000000000e-01 -1.240000000000e+00 -3.792000000000e+00
 6.400000000000e-01 -1.160000000000e+00 -3.305600000000e+00
 6.400000000000e-01 -1.080000000000e+00 -2.844800000000e+00
 6.400000000000e-01 -1.000000000000e+00 -2.409600000000e+00
 6.400000000000e-01 -9.200000000000e-01 -2.000000000000e+00
 6.400000000000e-01 -8.400000000000e-01 -1.616000000000e+00
 6.400000000000e-01 -7.600000000000e-01 -1.257600000000e+00
 6.400000000000e-01 -6.800000000000e-01 -9.248000000000e-01
 6.400000000000e-01 -6.000000000000e-01 -6.176000000000e-01
 6.400000000000e-01 -5.200000000000e-01 -3.360000000000e-01
 6.400000000000e-01 -4.400000000000e-01 -8.000000000000e-02
 6.400000000000e-01 -3.600000000000e-01  1.504000000000e-01
 6.400000000000e-01 -2.800000000000e-01  3.552000000000e-01
 6.400000000000e-01 -2.000000000000e-01  5.344000000000e-01
 6.400000000000e-01 -1.200000000000e-01  6.880000000000e-01
 6.400000000000e-01 -4.000000000000e-02  8.160000000000e-01
 6.400000000000e-01  4.000000000000e-02  9.184000000000e-01
 6.400000000000e-01  1.200000000000e-01  9.952000000000e-01
 6.400000000000e-01  2.000000000000e-01  1.046400000000e+00
 6.400000000000e-01  2.800000000000e-01  1.072000000000e+00
 6.400000000000e-01  3.600000000000e-01  1.072000000000e+00
 6.400000000000e-01  4.400000000000e-01  1.046400000000e+00
 6.400000000000e-01  5.200000000000e-01  9.952000000000e-01
 6.400000000000e-01  6.000000000000e-01  9.184000000000e-01
 6.400000000000e-01  6.800000000000e-01  8.160000000000e-01
 6.400000000000e-01  7.600000000000e-01  6.880000000000e-01
 6.400000000000e-01  8.400000000000e-01  5.344000000000e-01
 6.400000000000e-01  9.200000000000e-01  3.552000000000e-01
 6.400000000000e-01  1.000000000000e+00  1.504000000000e-01
 6.400000000000e-01  1.080000000000e+00 -8.000000000000e-02
 6.400000000000e-01  1.160000000000e+00 -3.360000000000e-01
 6.400000000000e-01  1.240000000000e+00 -6.176000000000e-01
 6.400000000000e-01  1.320000000000e+00 -9.248000000000e-01
 6.400000000000e-01  1.400000000000e+00 -1.257600000000e+00
 6.400000000000e-01  1.480000000000e+00 -1.616000000000e+00
 6.400000000000e-01  1.560000000000e+00 -2.000000000000e+00
 6.400000000000e-01  1.640000000000e+00 -2.409600000000e+00
 6.400000000000e-01  1.720000000000e+00 -2.844800000000e+00
 6.400000000000e-01  1.800000000000e+00 -3.305600000000e+00
 6.400000000000e-01  1.880000000000e+00 -3.792000000000e+00
 6.400000000000e-01  1.960000000000e+00 -4.304000000000e+00
 6.400000000000e-01  2.040000000000e+00 -4.841600000000e+00
 6.400000000000e-01  2.120000000000e+00 -5.404800000000e+00
 6.400000000000e-01  2.200000000000e+00 -5.993600000000e+00
 6.400000000000e-01  2.280000000000e+00 -6.608000000000e+00
 6.400000000000e-01  2.360000000000e+00 -7.248000000000e+00
 6.400000000000e-01  2.440000000000e+00 -7.913600000000e+00
 6.400000000000e-01  2.520000000000e+00 -8.604800000000e+00
 6.400000000000e-01  2.600000000000e+00 -9.321600000000e+00
 6.400000000000e-01  2.680000000000e+00 -1.006400000000e+01
 6.400000000000e-01  2.760000000000e+00 -1.083200000000e+01
 6.400000000000e-01  2.840000000000e+00 -1.162560000000e+01
 6.400000000000e-01  2.920000000000e+00 -1.244480000000e+01
 6.400000000000e-01  3.000000000000e+00 -1.328960000000e+01
 6.400000000000e-01  3.080000000000e+00 -1.416000000000e+01
 6.400000000000e-01  3.160000000000e+00 -1.505600000000e+01
 6.400000000000e-01  3.240000000000e+00 -1.597760000000e+01
 6.400000000000e-01  3.320000000000e+00 -1.692480000000e+01
 6.400000000000e-01  3.400000000000e+00 -1.789760000000e+01
 6.400000000000e-01  3.480000000000e+00 -1.889600000000e+01
 6.400000000000e-01  3.560000000000e+00 -1.992000000000e+01
 6.400000000000e-01  3.640000000000e+00 -2.096960000000e+01
 6.400000000000e-01  3.720000000000e+00 -2.204480000000e+01
 6.400000000000e-01  3.800000000000e+00 -2.314560000000e+01
 6.400000000000e-01  3.880000000000e+00 -2.427200000000e+01
 6.400000000000e-01  3.960000000000e+00 -2.542400000000e+01
 6.400000000000e-01  4.040000000000e+00 -2.660160000000e+01
 6.400000000000e-01  4.120000000000e+00 -2.780480000000e+01
 6.400000000000e-01  4.200000000000e+00 -2.903360000000e+01
 6.400000000000e-01  4.280000000000e+00 -3.028800000000e+01
 6.400000000000e-01  4.360000000000e+00 -3.156800000000e+01
 6.400000000000e-01  4.440000000000e+00 -3.287360000000e+01
 6.400000000000e-01  4.520000000000e+00 -3.420480000000e+01
 6.400000000000e-01  4.600000000000e+00 -3.556160000000e+01
 6.400000000000e-01  4.680000000000e+00 -3.694400000000e+01
 6.400000000000e-01  4.760000000000e+00 -3.835200000000e+01
 6.400000000000e-01  4.840000000000e+00 -3.978560000000e+01
 6.400000000000e-01  4.920000000000e+00 -4.124480000000e+01
 6.400000000000e-01  5.000000000000e+00 -4.272960000000e+01

 7.200000000000e-01 -3.000000000000e+00 -2.139840000000e+01
 7.200000000000e-01 -2.920000000000e+00 -2.033600000000e+01
 7.200000000000e-01 -2.840000000000e+00 -1.929920000000e+01
 7.200000000000e-01 -2.760000000000e+00 -1.828800000000e+01
 7.200000000000e-01 -2.680000000000e+00 -1.730240000000e+01
 7.200000000000e-01 -2.600000000000e+00 -1.634240000000e+01
 7.200000000000e-01 -2.520000000000e+00 -1.540800000000e+01
 7.200000000000e-01 -2.440000000000e+00 -1.449920000000e+01
 7.200000000000e-01 -2.360000000000e+00 -1.361600000000e+01
 7.200000000000e-01 -2.280000000000e+00 -1.275840000000e+01
 7.200000000000e-01 -2.200000000000e+00 -1.192640000000e+01
 7.200000000000e-01 -2.120000000000e+00 -1.112000000000e+01
 7.200000000000e-01 -2.040000000000e+00 -1.033920000000e+01
 7.200000000000e-01 -1.960000000000e+00 -9.584000000000e+00
 7.200000000000e-01 -1.880000000000e+00 -8.854400000000e+00
 7.200000000000e-01 -1.800000000000e+00 -8.150400000000e+00
 7.200000000000e-01 -1.720000000000e+00 -7.472000000000e+00
 7.200000000000e-01 -1.640000000000e+00 -6.819200000000e+00
 7.200000000000e-01 -1.560000000000e+00 -6.192000000000e+00
 7.200000000000e-01 -1.480000000000e+00 -5.590400000000e+00
 7.200000000000e-01 -1.400000000000e+00 -5.014400000000e+00
 7.200000000000e-01 -1.320000000000e+00 -4.464000000000e+00
 7.200000000000e-01 -1.240000000000e+00 -3.939200000000e+00
 7.200000000000e-01 -1.160000000000e+00 -3.440000000000e+00
 7.200000000000e-01 -1.080000000000e+00 -2.966400000000e+00
 7.200000000000e-01 -1.000000000000e+00 -2.518400000000e+00
 7.200000000000e-01 -9.200000000000e-01 -2.096000000000e+00
 7.200000000000e-01 -8.400000000000e-01 -1.699200000000e+00
 7.200000000000e-01 -7.600000000000e-01 -1.328000000000e+00
 7.200000000000e-01 -6.800000000000e-01 -9.824000000000e-01
 7.200000000000e-01 -6.000000000000e-01 -6.624000000000e-01
 7.200000000000e-01 -5.200000000000e-01 -3.680000000000e-01
 7.200000000000e-01 -4.400000000000e-01 -9.920000000000e-02
 7.200000000000e-01 -3.600000000000e-01  1.440000000000e-01
 7.200000000000e-01 -2.800000000000e-01  3.616000000000e-01
 7.200000000000e-01 -2.000000000000e-01  5.536000000000e-01
 7.200000000000e-01 -1.200000000000e-01  7.200000000000e-01
 7.200000000000e-01 -4.000000000000e-02  8.608000000000e-01
 7.200000000000e-01  4.000000000000e-02  9.760000000000e-01
 7.200000000000e-01  1.200000000000e-01  1.065600000000e+00
 7.200000000000e-01  2.000000000000e-01  1.129600000000e+00
 7.200000000000e-01  2.800000000000e-01  1.168000000000e+00
 7.200000000000e-01  3.600000000000e-01  1.180800000000e+00
 7.200000000000e-01  4.400000000000e-01  1.168000000000e+00
 7.200000000000e-01  5.200000000000e-01  1.129600000000e+00
 7.200000000000e-01  6.000000000000e-01  1.065600000000e+00
 7.200000000000e-01  6.800000000000e-01  9.760000000000e-01
 7.200000000000e-01  7.600000000000e-01  8.608000000000e-01
 7.200000000000e-01  8.400000000000e-01  7.200000000000e-01
 7.200000000000e-01  9.200000000000e-01  5.536000000000e-01
 7.200000000000e-01  1.000000000000e+00  3.616000000000e-01
 7.200000000000e-01  1.080000000000e+00  1.440000000000e-01
 7.200000000000e-01  1.160000000000e+00 -9.920000000000e-02
 7.200000000000e-01  1.240000000000e+00 -3.680000000000e-01
 7.200000000000e-01  1.320000000000e+00 -6.624000000000e-01
 7.200000000000e-01  1.400000000000e+00 -9.824000000000e-01
 7.200000000000e-01  1.480000000000e+00 -1.328000000000e+00
 7.200000000000e-01  1.560000000000e+00 -1.699200000000e+00
 7.200000000000e-01  1.640000000000e+00 -2.096000000000e+00
 7.200000000000e-01  1.720000000000e+00 -2.518400000000e+00
 7.200000000000e-01  1.800000000000e+00 -2.966400000000e+00
 7.200000000000e-01  1.880000000000e+00 -3.440000000000e+00
 7.200000000000e-01  1.960000000000e+00 -3.939200000000e+00
 7.200000000000e-01  2.040000000000e+00 -4.464000000000e+00
 7.200000000000e-01  2.120000000000e+00 -5.014400000000e+00
 7.200000000000e-01  2.200000000000e+00 -5.590400000000e+00
 7.200000000000e-01  2.280000000000e+00 -6.192000000000e+00
 7.200000000000e-01  2.360000000000e+00 -6.819200000000e+00
 7.200000000000e-01  2.440000000000e+00 -7.472000000000e+00
 7.200000000000e-01  2.520000000000e+00 -8.150400000000e+00
 7.200000000000e-01  2.600000000000e+00 -8.854400000000e+00
 7.200000000000e-01  2.680000000000e+00 -9.584000000000e+00
 7.200000000000e-01  2.760000000000e+00 -1.033920000000e+01
 7.200000000000e-01  2.840000000000e+00 -1.112000000000e+01
 7.200000000000e-01  2.920000000000e+00 -1.192640000000e+01
 7.200000000000e-01  3.000000000000e+00 -1.275840000000e+01
 7.200000000000e-01  3.080000000000e+00 -1.361600000000e+01
 7.200000000000e-01  3.160000000000e+00 -1.449920000000e+01
 7.200000000000e-01  3.240000000000e+00 -1.540800000000e+01
 7.200000000000e-01  3.320000000000e+00 -1.634240000000e+01
 7.200000000000e-01  3.400000000000e+00 -1.730240000000e+01
 7.200000000000e-01  3.480000000000e+00 -1.828800000000e+01
 7.200000000000e-01  3.560000000000e+00 -1.929920000000e+01
 7.200000000000e-01  3.640000000000e+00 -2.033600000000e+01
 7.200000000000e-01  3.720000000000e+00 -2.139840000000e+01
 7.200000000000e-01  3.800000000000e+00 -2.248640000000e+01
 7.200000000000e-01  3.880000000000e+00 -2.360000000000e+01
 7.200000000000e-01  3.960000000000e+00 -2.473920000000e+01
 7.200000000000e-01  4.040000000000e+00 -2.590400000000e+01
 7.200000000000e-01  4.120000000000e+00 -2.709440000000e+01
 7.200000000000e-01  4.200000000000e+00 -2.831040000000e+01
 7.200000000000e-01  4.280000000000e+00 -2.955200000000e+01
 7.200000000000e-01  4.360000000000e+00 -3.081920000000e+01
 7.200000000000e-01  4.440000000000e+00 -3.211200000000e+01
 7.200000000000e-01  4.520000000000e+00 -3.343040000000e+01
 7.200000000000e-01  4.600000000000e+00 -3.477440000000e+01
 7.200000000000e-01  4.680000000000e+00 -3.614400000000e+01
 7.200000000000e-01  4.760000000000e+00 -3.753920000000e+01
 7.200000000000e-01  4.840000000000e+00 -3.896000000000e+01
 7.200000000000e-01  4.920000000000e+00 -4.040640000000e+01
 7.200000000000e-01  5.000000000000e+00 -4.187840000000e+01

 8.000000000000e-01 -3.000000000000e+00 -2.184000000000e+01
 8.000000000000e-01 -2.920000000000e+00 -2.076480000000e+01
 8.000000000000e-01 -2.840000000000e+00 -1.971520000000e+01
 8.000000000000e-01 -2.760000000000e+00 -1.869120000000e+01
 8.000000000000e-01 -2.680000000000e+00 -1.769280000000e+01
 8.000000000000e-01 -2.600000000000e+00 -1.672000000000e+01
 8.000000000000e-01 -2.520000000000e+00 -1.577280000000e+01
 8.000000000000e-01 -2.440000000000e+00 -1.485120000000e+01
 8.000000000000e-01 -2.360000000000e+00 -1.395520000000e+01
 8.000000000000e-01 -2.280000000000e+00 -1.308480000000e+01
 8.000000000000e-01 -2.200000000000e+00 -1.224000000000e+01
 8.000000000000e-01 -2.120000000000e+00 -1.142080000000e+01
 8.000000000000e-01 -2.040000000000e+00 -1.062720000000e+01
 8.000000000000e-01 -1.960000000000e+00 -9.859200000000e+00
 8.000000000000e-01 -1.880000000000e+00 -9.116800000000e+00
 8.000000000000e-01 -1.800000000000e+00 -8.400000000000e+00
 8.000000000000e-01 -1.720000000000e+00 -7.708800000000e+00
 8.000000000000e-01 -1.640000000000e+00 -7.043200000000e+00
 8.000000000000e-01 -1.560000000000e+00 -6.403200000000e+00
 8.000000000000e-01 -1.480000000000e+00 -5.788800000000e+00
 8.000000000000e-01 -1.400000000000e+00 -5.200000000000e+00
 8.000000000000e-01 -1.320000000000e+00 -4.636800000000e+00
 8.000000000000e-01 -1.240000000000e+00 -4.099200000000e+00
 8.000000000000e-01 -1.160000000000e+00 -3.587200000000e+00
 8.000000000000e-01 -1.080000000000e+00 -3.100800000000e+00
 8.000000000000e-01 -1.000000000000e+00 -2.640000000000e+00
 8.000000000000e-01 -9.200000000000e-01 -2.204800000000e+00
 8.000000000000e-01 -8.400000000000e-01 -1.795200000000e+00
 8.000000000000e-01 -7.600000000000e-01 -1.411200000000e+00
 8.000000000000e-01 -6.800000000000e-01 -1.052800000000e+00
 8.000000000000e-01 -6.000000000000e-01 -7.200000000000e-01
 8.000000000000e-01 -5.200000000000e-01 -4.128000000000e-01
 8.000000000000e-01 -4.400000000000e-01 -1.312000000000e-01
 8.000000000000e-01 -3.600000000000e-01  1.248000000000e-01
 8.000000000000e-01 -2.800000000000e-01  3.552000000000e-01
 8.000000000000e-01 -2.000000000000e-01  5.600000000000e-01
 8.000000000000e-01 -1.200000000000e-01  7.392000000000e-01
 8.000000000000e-01 -4.000000000000e-02  8.928000000000e-01
 8.000000000000e-01  4.000000000000e-02  1.020800000000e+00
 8.000000000000e-01  1.200000000000e-01  1.123200000000e+00
 8.000000000000e-01  2.000000000000e-01  1.200000000000e+00
 8.000000000000e-01  2.800000000000e-01  1.251200000000e+00
 8.000000000000e-01  3.600000000000e-01  1.276800000000e+00
 8.000000000000e-01  4.400000000000e-01  1.276800000000e+00
 8.000000000000e-01  5.200000000000e-01  1.251200000000e+00
 8.000000000000e-01  6.000000000000e-01  1.200000000000e+00
 8.000000000000e-01  6.800000000000e-01  1.123200000000e+00
 8.000000000000e-01  7.600000000000e-01  1.020800000000e+00
 8.000000000000e-01  8.400000000000e-01  8.928000000000e-01
 8.000000000000e-01  9.200000000000e-01  7.392000000000e-01
 8.000000000000e-01  1.000000000000e+00  5.600000000000e-01
 8.000000000000e-01  1.080000000000e+00  3.552000000000e-01
 8.000000000000e-01  1.160000000000e+00  1.248000000000e-01
 8.000000000000e-01  1.240000000000e+00 -1.312000000000e-01
 8.000000000000e-01  1.320000000000e+00 -4.128000000000e-01
 8.000000000000e-01  1.400000000000e+00 -7.200000000000e-01
 8.000000000000e-01  1.480000000000e+00 -1.052800000000e+00
 8.000000000000e-01  1.560000000000e+00 -1.411200000000e+00
 8.000000000000e-01  1.640000000000e+00 -1.795200000000e+00
 8.000000000000e-01  1.720000000000e+00 -2.204800000000e+00
 8.000000000000e-01  1.800000000000e+00 -2.640000000000e+00
 8.000000000000e-01  1.880000000000e+00 -3.100800000000e+00
 8.000000000000e-01  1.960000000000e+00 -3.587200000000e+00
 8.000000000000e-01  2.040000000000e+00 -4.099200000000e+00
 8.000000000000e-01  2.120000000000e+00 -4.636800000000e+00
 8.000000000000e-01  2.200000000000e+00 -5.200000000000e+00
 8.000000000000e-01  2.280000000000e+00 -5.788800000000e+00
 8.000000000000e-01  2.360000000000e+00 -6.403200000000e+00
 8.000000000000e-01  2.440000000000e+00 -7.043200000000e+00
 8.000000000000e-01  2.520000000000e+00 -7.708800000000e+00
 8.000000000000e-01  2.600000000000e+00 -8.400000000000e+00
 8.000000000000e-01  2.680000000000e+00 -9.116800000000e+00
 8.000000000000e-01  2.760000000000e+00 -9.859200000000e+00
 8.000000000000e-01  2.840000000000e+00 -1.062720000000e+01
 8.000000000000e-01  2.920000000000e+00 -1.142080000000e+01
 8.000000000000e-01  3.000000000000e+00 -1.224000000000e+01
 8.000000000000e-01  3.080000000000e+00 -1.308480000000e+01
 8.000000000000e-01  3.160000000000e+00 -1.395520000000e+01
 8.000000000000e-01  3.240000000000e+00 -1.485120000000e+01
 8.000000000000e-01  3.320000000000e+00 -1.577280000000e+01
 8.000000000000e-01  3.400000000000e+00 -1.672000000000e+01
 8.000000000000e-01  3.480000000000e+00 -1.769280000000e+01
 8.000000000000e-01  3.560000000000e+00 -1.869120000000e+01
 8.000000000000e-01  3.640000000000e+00 -1.971520000000e+01
 8.000000000000e-01  3.720000000000e+00 -2.076480000000e+01
 8.000000000000e-01  3.800000000000e+00 -2.184000000000e+01
 8.000000000000e-01  3.880000000000e+00 -2.294080000000e+01
 8.000000000000e-01  3.960000000000e+00 -2.406720000000e+01
 8.000000000000e-01  4.040000000000e+00 -2.521920000000e+01
 8.000000000000e-01  4.120000000000e+00 -2.639680000000e+01
 8.000000000000e-01  4.200000000000e+00 -2.760000000000e+01
 8.000000000000e-01  4.280000000000e+00 -2.882880000000e+01
 8.000000000000e-01  4.360000000000e+00 -3.008320000000e+01
 8.000000000000e-01  4.440000000000e+00 -3.136320000000e+01
 8.000000000000e-01  4.520000000000e+00 -3.266880000000e+01
 8.000000000000e-01  4.600000000000e+00 -3.400000000000e+01
 8.000000000000e-01  4.680000000000e+00 -3.535680000000e+01
 8.000000000000e-01  4.760000000000e+00 -3.673920000000e+01
 8.000000000000e-01  4.840000000000e+00 -3.814720000000e+01
 8.000000000000e-01  4.920000000000e+00 -3.958080000000e+01
 8.000000000000e-01  5.000000000000e+00 -4.104000000000e+01

 8.800000000000e-01 -3.000000000000e+00 -2.229440000000e+01
 8.800000000000e-01 -2.920000000000e+00 -2.120640000000e+01
 8.800000000000e-01 -2.840000000000e+00 -2.014400000000e+01
 8.800000000000e-01 -2.760000000000e+00 -1.910720000000e+01
 8.800000000000e-01 -2.680000000000e+00 -1.809600000000e+01
 8.800000000000e-01 -2.600000000000e+00 -1.711040000000e+01
 8.800000000000e-01 -2.520000000000e+00 -1.615040000000e+01
 8.800000000000e-01 -2.440000000000e+00 -1.521600000000e+01
 8.800000000000e-01 -2.360000000000e+00 -1.430720000000e+01
 8.800000000000e-01 -2.280000000000e+00 -1.342400000000e+01
 8.800000000000e-01 -2.200000000000e+00 -1.256640000000e+01
 8.800000000000e-01 -2.120000000000e+00 -1.173440000000e+01
 8.800000000000e-01 -2.040000000000e+00 -1.092800000000e+01
 8.800000000000e-01 -1.960000000000e+00 -1.014720000000e+01
 8.800000000000e-01 -1.880000000000e+00 -9.392000000000e+00
 8.800000000000e-01 -1.800000000000e+00 -8.662400000000e+00
 8.800000000000e-01 -1.720000000000e+00 -7.958400000000e+00
 8.800000000000e-01 -1.640000000000e+00 -7.280000000000e+00
 8.800000000000e-01 -1.560000000000e+00 -6.627200000000e+00
 8.800000000000e-01 -1.480000000000e+00 -6.000000000000e+00
 8.800000000000e-01 -1.400000000000e+00 -5.398400000000e+00
 8.800000000000e-01 -1.320000000000e+00 -4.822400000000e+00
 8.800000000000e-01 -1.240000000000e+00 -4.272000000000e+00
 8.800000000000e-01 -1.160000000000e+00 -3.747200000000e+00
 8.800000000000e-01 -1.080000000000e+00 -3.248000000000e+00
 8.800000000000e-01 -1.000000000000e+00 -2.774400000000e+00
 8.800000000000e-01 -9.200000000000e-01 -2.326400000000e+00
 8.800000000000e-01 -8.400000000000e-01 -1.904000000000e+00
 8.800000000000e-01 -7.600000000000e-01 -1.507200000000e+00
 8.800000000000e-01 -6.800000000000e-01 -1.136000000000e+00
 8.800000000000e-01 -6.000000000000e-01 -7.904000000000e-01
 8.800000000000e-01 -5.200000000000e-01 -4.704000000000e-01
 8.800000000000e-01 -4.400000000000e-01 -1.760000000000e-01
 8.800000000000e-01 -3.600000000000e-01  9.280000000000e-02
 8.800000000000e-01 -2.800000000000e-01  3.360000000000e-01
 8.800000000000e-01 -2.000000000000e-01  5.536000000000e-01
 8.800000000000e-01 -1.200000000000e-01  7.456000000000e-01
 8.800000000000e-01 -4.000000000000e-02  9.120000000000e-01
 8.800000000000e-01  4.000000000000e-02  1.052800000000e+00
 8.800000000000e-01  1.200000000000e-01  1.168000000000e+00
 8.800000000000e-01  2.000000000000e-01  1.257600000000e+00
 8.800000000000e-01  2.800000000000e-01  1.321600000000e+00
 8.800000000000e-01  3.600000000000e-01  1.360000000000e+00
 8.800000000000e-01  4.400000000000e-01  1.372800000000e+00
 8.800000000000e-01  5.200000000000e-01  1.360000000000e+00
 8.800000000000e-01  6.000000000000e-01  1.321600000000e+00
 8.800000000000e-01  6.800000000000e-01  1.257600000000e+00
 8.800000000000e-01  7.600000000000e-01  1.168000000000e+00
 8.800000000000e-01  8.400000000000e-01  1.052800000000e+00
 8.800000000000e-01  9.200000000000e-01  9.120000000000e-01
 8.800000000000e-01  1.000000000000e+00  7.456000000000e-01
 8.800000000000e-01  1.080000000000e+00  5.536000000000e-01
 8.800000000000e-01  1.160000000000e+00  3.360000000000e-01
 8.800000000000e-01  1.240000000000e+00  9.280000000000e-02
 8.800000000000e-01  1.320000000000e+00 -1.760000000000e-01
 8.800000000000e-01  1.400000000000e+00 -4.704000000000e-01
 8.800000000000e-01  1.480000000000e+00 -7.904000000000e-01
 8.800000000000e-01  1.560000000000e+00 -1.136000000000e+00
 8.800000000000e-01  1.640000000000e+00 -1.507200000000e+00
 8.800000000000e-01  1.720000000000e+00 -1.904000000000e+00
 8.800000000000e-01  1.800000000000e+00 -2.326400000000e+00
 8.800000000000e-01  1.880000000000e+00 -2.774400000000e+00
 8.800000000000e-01  1.960000000000e+00 -3.248000000000e+00
 8.800000000000e-01  2.040000000000e+00 -3.747200000000e+00
 8.800000000000e-01  2.120000000000e+00 -4.272000000000e+00
 8.800000000000e-01  2.200000000000e+00 -4.822400000000e+00
 8.800000000000e-01  2.280000000000e+00 -5.398400000000e+00
 8.800000000000e-01  2.360000000000e+00 -6.000000000000e+00
 8.800000000000e-01  2.440000000000e+00 -6.627200000000e+00
 8.800000000000e-01  2.520000000000e+00 -7.280000000000e+00
 8.800000000000e-01  2.600000000000e+00 -7.958400000000e+00
 8.800000000000e-01  2.680000000000e+00 -8.662400000000e+00
 8.800000000000e-01  2.760000000000e+00 -9.392000000000e+00
 8.800000000000e-01  2.840000000000e+00 -1.014720000000e+01
 8.800000000000e-01  2.920000000000e+00 -1.092800000000e+01
 8.800000000000e-01  3.000000000000e+00 -1.173440000000e+01
 8.800000000000e-01  3.080000000000e+00 -1.256640000000e+01
 8.800000000000e-01  3.160000000000e+00 -1.342400000000e+01
 8.800000000000e-01  3.240000000000e+00 -1.430720000000e+01
 8.800000000000e-01  3.320000000000e+00 -1.521600000000e+01
 8.800000000000e-01  3.400000000000e+00 -1.615040000000e+01
 8.800000000000e-01  3.480000000000e+00 -1.711040000000e+01
 8.800000000000e-01  3.560000000000e+00 -1.809600000000e+01
 8.800000000000e-01  3.640000000000e+00 -1.910720000000e+01
 8.800000000000e-01  3.720000000000e+00 -2.014400000000e+01
 8.800000000000e-01  3.800000000000e+00 -2.120640000000e+01
 8.800000000000e-01  3.880000000000e+00 -2.229440000000e+01
 8.800000000000e-01  3.960000000000e+00 -2.340800000000e+01
 8.800000000000e-01  4.040000000000e+00 -2.454720000000e+01
 8.800000000000e-01  4.120000000000e+00 -2.571200000000e+01
 8.800000000000e-01  4.200000000000e+00 -2.690240000000e+01
 8.800000000000e-01  4.280000000000e+00 -2.811840000000e+01
 8.800000000000e-01  4.360000000000e+00 -2.936000000000e+01
 8.800000000000e-01  4.440000000000e+00 -3.062720000000e+01
 8.800000000000e-01  4.520000000000e+00 -3.192000000000e+01
 8.800000000000e-01  4.600000000000e+00 -3.323840000000e+01
 8.800000000000e-01  4.680000000000e+00 -3.458240000000e+01
 8.800000000000e-01  4.760000000000e+00 -3.595200000000e+01
 8.800000000000e-01  4.840000000000e+00 -3.734720000000e+01
 8.800000000000e-01  4.920000000000e+00 -3.876800000000e+01
 8.800000000000e-01  5.000000000000e+00 -4.021440000000e+01

 9.600000000000e-01 -3.000000000000e+00 -2.276160000000e+01
 9.600000000000e-01 -2.920000000000e+00 -2.166080000000e+01
 9.600000000000e-01 -2.840000000000e+00 -2.058560000000e+01
 9.600000000000e-01 -2.760000000000e+00 -1.953600000000e+01
 9.600000000000e-01 -2.680000000000e+00 -1.851200000000e+01
 9.600000000000e-01 -2.600000000000e+00 -1.751360000000e+01
 9.600000000000e-01 -2.520000000000e+00 -1.654080000000e+01
 9.600000000000e-01 -2.440000000000e+00 -1.559360000000e+01
 9.600000000000e-01 -2.360000000000e+00 -1.467200000000e+01
 9.600000000000e-01 -2.280000000000e+00 -1.377600000000e+01
 9.600000000000e-01 -2.200000000000e+00 -1.290560000000e+01
 9.600000000000e-01 -2.120000000000e+00 -1.206080000000e+01
 9.600000000000e-01 -2.040000000000e+00 -1.124160000000e+01
 9.600000000000e-01 -1.960000000000e+00 -1.044800000000e+01
 9.600000000000e-01 -1.880000000000e+00 -9.680000000000e+00
 9.600000000000e-01 -1.800000000000e+00 -8.937600000000e+00
 9.600000000000e-01 -1.720000000000e+00 -8.220800000000e+00
 9.600000000000e-01 -1.640000000000e+00 -7.529600000000e+00
 9.600000000000e-01 -1.560000000000e+00 -6.864000000000e+00
 9.600000000000e-01 -1.480000000000e+00 -6.224000000000e+00
 9.600000000000e-01 -1.400000000000e+00 -5.609600000000e+00
 9.600000000000e-01 -1.320000000000e+00 -5.020800000000e+00
 9.600000000000e-01 -1.240000000000e+00 -4.457600000000e+00
 9.600000000000e-01 -1.160000000000e+00 -3.920000000000e+00
 9.600000000000e-01 -1.080000000000e+00 -3.408000000000e+00
 9.600000000000e-01 -1.000000000000e+00 -2.921600000000e+00
 9.600000000000e-01 -9.200000000000e-01 -2.460800000000e+00
 9.600000000000e-01 -8.400000000000e-01 -2.025600000000e+00
 9.600000000000e-01 -7.600000000000e-01 -1.616000000000e+00
 9.600000000000e-01 -6.800000000000e-01 -1.232000000000e+00
 9.600000000000e-01 -6.000000000000e-01 -8.736000000000e-01
 9.600000000000e-01 -5.200000000000e-01 -5.408000000000e-01
 9.600000000000e-01 -4.400000000000e-01 -2.336000000000e-01
 9.600000000000e-01 -3.600000000000e-01  4.800000000000e-02
 9.600000000000e-01 -2.800000000000e-01  3.040000000000e-01
 9.600000000000e-01 -2.000000000000e-01  5.344000000000e-01
 9.600000000000e-01 -1.200000000000e-01  7.392000000000e-01
 9.600000000000e-01 -4.000000000000e-02  9.184000000000e-01
 9.600000000000e-01  4.000000000000e-02  1.072000000000e+00
 9.600000000000e-01  1.200000000000e-01  1.200000000000e+00
 9.600000000000e-01  2.000000000000e-01  1.302400000000e+00
 9.600000000000e-01  2.800000000000e-01  1.379200000000e+00
 9.600000000000e-01  3.600000000000e-01  1.430400000000e+00
 9.600000000000e-01  4.400000000000e-01  1.456000000000e+00
 9.600000000000e-01  5.200000000000e-01  1.456000000000e+00
 9.600000000000e-01  6.000000000000e-01  1.430400000000e+00
 9.600000000000e-01  6.800000000000e-01  1.379200000000e+00
 9.600000000000e-01  7.600000000000e-01  1.302400000000e+00
 9.600000000000e-01  8.400000000000e-01  1.200000000000e+00
 9.600000000000e-01  9.200000000000e-01  1.072000000000e+00
 9.600000000000e-01  1.000000000000e+00  9.184000000000e-01
 9.600000000000e-01  1.080000000000e+00  7.392000000000e-01
 9.600000000000e-01  1.160000000000e+00  5.344000000000e-01
 9.600000000000e-01  1.240000000000e+00  3.040000000000e-01
 9.600000000000e-01  1.320000000000e+00  4.800000000000e-02
 9.600000000000e-01  1.400000000000e+00 -2.336000000000e-01
 9.600000000000e-01  1.480000000000e+00 -5.408000000000e-01
 9.600000000000e-01  1.560000000000e+00 -8.736000000000e-01
 9.600000000000e-01  1.640000000000e+00 -1.232000000000e+00
 9.600000000000e-01  1.720000000000e+00 -1.616000000000e+00
 9.600000000000e-01  1.800000000000e+00 -2.025600000000e+00
 9.600000000000e-01  1.880000000000e+00 -2.460800000000e+00
 9.600000000000e-01  1.960000000000e+00 -2.921600000000e+00
 9.600000000000e-01  2.040000000000e+00 -3.408000000000e+00
 9.600000000000e-01  2.120000000000e+00 -3.920000000000e+00
 9.600000000000e-01  2.200000000000e+00 -4.457600000000e+00
 9.600000000000e-01  2.280000000000e+00 -5.020800000000e+00
 9.600000000000e-01  2.360000000000e+00 -5.609600000000e+00
 9.600000000000e-01  2.440000000000e+00 -6.224000000000e+00
 9.600000000000e-01  2.520000000000e+00 -6.864000000000e+00
 9.600000000000e-01  2.600000000000e+00 -7.529600000000e+00
 9.600000000000e-01  2.680000000000e+00 -8.220800000000e+00
 9.600000000000e-01  2.760000000000e+00 -8.937600000000e+00
 9.600000000000e-01  2.840000000000e+00 -9.680000000000e+00
 9.600000000000e-01  2.920000000000e+00 -1.044800000000e+01
 9.600000000000e-01  3.000000000000e+00 -1.124160000000e+01
 9.600000000000e-01  3.080000000000e+00 -1.206080000000e+01
 9.600000000000e-01  3.160000000000e+00 -1.290560000000e+01
 9.600000000000e-01  3.240000000000e+00 -1.377600000000e+01
 9.600000000000e-01  3.320000000000e+00 -1.467200000000e+01
 9.600000000000e-01  3.400000000000e+00 -1.559360000000e+01
 9.600000000000e-01  3.480000000000e+00 -1.654080000000e+01
 9.600000000000e-01  3.560000000000e+00 -1.751360000000e+01
 9.600000000000e-01  3.640000000000e+00 -1.851200000000e+01
 9.600000000000e-01  3.720000000000e+00 -1.953600000000e+01
 9.600000000000e-01  3.800000000000e+00 -2.058560000000e+01
 9.600000000000e-01  3.880000000000e+00 -2.166080000000e+01
 9.600000000000e-01  3.960000000000e+00 -2.276160000000e+01
 9.600000000000e-01  4.040000000000e+00 -2.388800000000e+01
 9.600000000000e-01  4.120000000000e+00 -2.504000000000e+01
 9.600000000000e-01  4.200000000000e+00 -2.621760000000e+01
 9.600000000000e-01  4.280000000000e+00 -2.742080000000e+01
 9.600000000000e-01  4.360000000000e+00 -2.864960000000e+01
 9.600000000000e-01  4.440000000000e+00 -2.990400000000e+01
 9.600000000000e-01  4.520000000000e+00 -3.118400000000e+01
 9.600000000000e-01  4.600000000000e+00 -3.248960000000e+01
 9.600000000000e-01  4.680000000000e+00 -3.382080000000e+01
 9.600000000000e-01  4.760000000000e+00 -3.517760000000e+01
 9.600000000000e-01  4.840000000000e+00 -3.656000000000e+01
 9.600000000000e-01  4.920000000000e+00 -3.796800000000e+01
 9.600000000000e-01  5.000000000000e+00 -3.940160000000e+01

 1.040000000000e+00 -3.000000000000e+00 -2.324160000000e+01
 1.040000000000e+00 -2.920000000000e+00 -2.212800000000e+01
 1.040000000000e+00 -2.840000000000e+00 -2.104000000000e+01
 1.040000000000e+00 -2.760000000000e+00 -1.997760000000e+01
 1.040000000000e+00 -2.680000000000e+00 -1.894080000000e+01
 1.040000000000e+00 -2.600000000000e+00 -1.792960000000e+01
 1.040000000000e+00 -2.520000000000e+00 -1.694400000000e+01
 1.040000000000e+00 -2.440000000000e+00 -1.598400000000e+01
 1.040000000000e+00 -2.360000000000e+00 -1.504960000000e+01
 1.040000000000e+00 -2.280000000000e+00 -1.414080000000e+01
 1.040000000000e+00 -2.200000000000e+00 -1.325760000000e+01
 1.040000000000e+00 -2.120000000000e+00 -1.240000000000e+01
 1.040000000000e+00 -2.040000000000e+00 -1.156800000000e+01
 1.040000000000e+00 -1.960000000000e+00 -1.076160000000e+01
 1.040000000000e+00 -1.880000000000e+00 -9.980800000000e+00
 1.040000000000e+00 -1.800000000000e+00 -9.225600000000e+00
 1.040000000000e+00 -1.720000000000e+00 -8.496000000000e+00
 1.040000000000e+00 -1.640000000000e+00 -7.792000000000e+00
 1.040000000000e+00 -1.560000000000e+00 -7.113600000000e+00
 1.040000000000e+00 -1.480000000000e+00 -6.460800000000e+00
 1.040000000000e+00 -1.400000000000e+00 -5.833600000000e+00
 1.040000000000e+00 -1.320000000000e+00 -5.232000000000e+00
 1.040000000000e+00 -1.240000000000e+00 -4.656000000000e+00
 1.040000000000e+00 -1.160000000000e+00 -4.105600000000e+00
 1.040000000000e+00 -1.080000000000e+00 -3.580800000000e+00
 1.040000000000e+00 -1.000000000000e+00 -3.081600000000e+00
 1.040000000000e+00 -9.200000000000e-01 -2.608000000000e+00
 1.040000000000e+00 -8.400000000000e-01 -2.160000000000e+00
 1.040000000000e+00 -7.600000000000e-01 -1.737600000000e+00
 1.040000000000e+00 -6.800000000000e-01 -1.340800000000e+00
 1.040000000000e+00 -6.000000000000e-01 -9.696000000000e-01
 1.040000000000e+00 -5.200000000000e-01 -6.240000000000e-01
 1.040000000000e+00 -4.400000000000e-01 -3.040000000000e-01
 1.040000000000e+00 -3.600000000000e-01 -9.600000000000e-03
 1.040000000000e+00 -2.800000000000e-01  2.592000000000e-01
 1.040000000000e+00 -2.000000000000e-01  5.024000000000e-01
 1.040000000000e+00 -1.200000000000e-01  7.200000000000e-01
 1.040000000000e+00 -4.000000000000e-02  9.120000000000e-01
 1.040000000000e+00  4.000000000000e-02  1.078400000000e+00
 1.040000000000e+00  1.200000000000e-01  1.219200000000e+00
 1.040000000000e+00  2.000000000000e-01  1.334400000000e+00
 1.040000000000e+00  2.800000000000e-01  1.424000000000e+00
 1.040000000000e+00  3.600000000000e-01  1.488000000000e+00
 1.040000000000e+00  4.400000000000e-01  1.526400000000e+00
 1.040000000000e+00  5.200000000000e-01  1.539200000000e+00
 1.040000000000e+00  6.000000000000e-01  1.526400000000e+00
 1.040000000000e+00  6.800000000000e-01  1.488000000000e+00
 1.040000000000e+00  7.600000000000e-01  1.424000000000e+00
 1.040000000000e+00  8.400000000000e-01  1.334400000000e+00
 1.040000000000e+00  9.200000000000e-01  1.219200000000e+00
 1.040000000000e+00  1.000000000000e+00  1.078400000000e+00
 1.040000000000e+00  1.080000000000e+00  9.120000000000e-01
 1.040000000000e+00  1.160000000000e+00  7.200000000000e-01
 1.040000000000e+00  1.240000000000e+00  5.024000000000e-01
 1.040000000000e+00  1.320000000000e+00  2.592000000000e-01
 1.040000000000e+00  1.400000000000e+00 -9.600000000001e-03
 1.040000000000e+00  1.480000000000e+00 -3.040000000000e-01
 1.040000000000e+00  1.560000000000e+00 -6.240000000000e-01
 1.040000000000e+00  1.640000000000e+00 -9.696000000000e-01
 1.040000000000e+00  1.720000000000e+00 -1.340800000000e+00
 1.040000000000e+00  1.800000000000e+00 -1.737600000000e+00
 1.040000000000e+00  1.880000000000e+00 -2.160000000000e+00
 1.040000000000e+00  1.960000000000e+00 -2.608000000000e+00
 1.040000000000e+00  2.040000000000e+00 -3.081600000000e+00
 1.040000000000e+00  2.120000000000e+00 -3.580800000000e+00
 1.040000000000e+00  2.200000000000e+00 -4.105600000000e+00
 1.040000000000e+00  2.280000000000e+00 -4.656000000000e+00
 1.040000000000e+00  2.360000000000e+00 -5.232000000000e+00
 1.040000000000e+00  2.440000000000e+00 -5.833600000000e+00
 1.040000000000e+00  2.520000000000e+00 -6.460800000000e+00
 1.040000000000e+00  2.600000000000e+00 -7.113600000000e+00
 1.040000000000e+00  2.680000000000e+00 -7.792000000000e+00
 1.040000000000e+00  2.760000000000e+00 -8.496000000000e+00
 1.040000000000e+00  2.840000000000e+00 -9.225600000000e+00
 1.040000000000e+00  2.920000000000e+00 -9.980800000000e+00
 1.040000000000e+00  3.000000000000e+00 -1.076160000000e+01
 1.040000000000e+00  3.080000000000e+00 -1.156800000000e+01
 1.040000000000e+00  3.160000000000e+00 -1.240000000000e+01
 1.040000000000e+00  3.240000000000e+00 -1.325760000000e+01
 1.040000000000e+00  3.320000000000e+00 -1.414080000000e+01
 1.040000000000e+00  3.400000000000e+00 -1.504960000000e+01
 1.040000000000e+00  3.480000000000e+00 -1.598400000000e+01
 1.040000000000e+00  3.560000000000e+00 -1.694400000000e+01
 1.040000000000e+00  3.640000000000e+00 -1.792960000000e+01
 1.040000000000e+00  3.720000000000e+00 -1.894080000000e+01
 1.040000000000e+00  3.800000000000e+00 -1.997760000000e+01
 1.040000000000e+00  3.880000000000e+00 -2.104000000000e+01
 1.040000000000e+00  3.960000000000e+00 -2.212800000000e+01
 1.040000000000e+00  4.040000000000e+00 -2.324160000000e+01
 1.040000000000e+00  4.120000000000e+00 -2.438080000000e+01
 1.040000000000e+00  4.200000000000e+00 -2.554560000000e+01
 1.040000000000e+00  4.280000000000e+00 -2.673600000000e+01
 1.040000000000e+00  4.360000000000e+00 -2.795200000000e+01
 1.040000000000e+00  4.440000000000e+00 -2.919360000000e+01
 1.040000000000e+00  4.520000000000e+00 -3.046080000000e+01
 1.040000000000e+00  4.600000000000e+00 -3.175360000000e+01
 1.040000000000e+00  4.680000000000e+00 -3.307200000000e+01
 1.040000000000e+00  4.760000000000e+00 -3.441600000000e+01
 1.040000000000e+00  4.840000000000e+00 -3.578560000000e+01
 1.040000000000e+00  4.920000000000e+00 -3.718080000000e+01
 1.040000000000e+00  5.000000000000e+00 -3.860160000000e+01

 1.120000000000e+00 -3.000000000000e+00 -2.373440000000e+01
 1.120000000000e+00 -2.920000000000e+00 -2.260800000000e+01
 1.120000000000e+00 -2.840000000000e+00 -2.150720000000e+01
 1.120000000000e+00 -2.760000000000e+00 -2.043200000000e+01
 1.120000000000e+00 -2.680000000000e+00 -1.938240000000e+01
 1.120000000000e+00 -2.600000000000e+00 -1.835840000000e+01
 1.120000000000e+00 -2.520000000000e+00 -1.736000000000e+01
 1.120000000000e+00 -2.440000000000e+00 -1.638720000000e+01
 1.120000000000e+00 -2.360000000000e+00 -1.544000000000e+01
 1.120000000000e+00 -2.280000000000e+00 -1.451840000000e+01
 1.120000000000e+00 -2.200000000000e+00 -1.362240000000e+01
 1.120000000000e+00 -2.120000000000e+00 -1.275200000000e+01
 1.120000000000e+00 -2.040000000000e+00 -1.190720000000e+01
 1.120000000000e+00 -1.960000000000e+00 -1.108800000000e+01
 1.120000000000e+00 -1.880000000000e+00 -1.029440000000e+01
 1.120000000000e+00 -1.800000000000e+00 -9.526400000000e+00
 1.120000000000e+00 -1.720000000000e+00 -8.784000000000e+00
 1.120000000000e+00 -1.640000000000e+00 -8.067200000000e+00
 1.120000000000e+00 -1.560000000000e+00 -7.376000000000e+00
 1.120000000000e+00 -1.480000000000e+00 -6.710400000000e+00
 1.120000000000e+00 -1.400000000000e+00 -6.070400000000e+00
 1.120000000000e+00 -1.320000000000e+00 -5.456000000000e+00
 1.120000000000e+00 -1.240000000000e+00 -4.867200000000e+00
 1.120000000000e+00 -1.160000000000e+00 -4.304000000000e+00
 1.120000000000e+00 -1.080000000000e+00 -3.766400000000e+00
 1.120000000000e+00 -1.000000000000e+00 -3.254400000000e+00
 1.120000000000e+00 -9.200000000000e-01 -2.768000000000e+00
 1.120000000000e+00 -8.400000000000e-01 -2.307200000000e+00
 1.120000000000e+00 -7.600000000000e-01 -1.872000000000e+00
 1.120000000000e+00 -6.800000000000e-01 -1.462400000000e+00
 1.120000000000e+00 -6.000000000000e-01 -1.078400000000e+00
 1.120000000000e+00 -5.200000000000e-01 -7.200000000000e-01
 1.120000000000e+00 -4.400000000000e-01 -3.872000000000e-01
 1.120000000000e+00 -3.600000000000e-01 -8.000000000000e-02
 1.120000000000e+00 -2.800000000000e-01  2.016000000000e-01
 1.120000000000e+00 -2.000000000000e-01  4.576000000000e-01
 1.120000000000e+00 -1.200000000000e-01  6.880000000000e-01
 1.120000000000e+00 -4.000000000000e-02  8.928000000000e-01
 1.120000000000e+00  4.000000000000e-02  1.072000000000e+00
 1.120000000000e+00  1.200000000000e-01  1.225600000000e+00
 1.120000000000e+00  2.000000000000e-01  1.353600000000e+00
 1.120000000000e+00  2.800000000000e-01  1.456000000000e+00
 1.120000000000e+00  3.600000000000e-01  1.532800000000e+00
 1.120000000000e+00  4.400000000000e-01  1.584000000000e+00
 1.120000000000e+00  5.200000000000e-01  1.609600000000e+00
 1.120000000000e+00  6.000000000000e-01  1.609600000000e+00
 1.120000000000e+00  6.800000000000e-01  1.584000000000e+00
 1.120000000000e+00  7.600000000000e-01  1.532800000000e+00
 1.120000000000e+00  8.400000000000e-01  1.456000000000e+00
 1.120000000000e+00  9.200000000000e-01  1.353600000000e+00
 1.120000000000e+00  1.000000000000e+00  1.225600000000e+00
 1.120000000000e+00  1.080000000000e+00  1.072000000000e+00
 1.120000000000e+00  1.160000000000e+00  8.928000000000e-01
 1.120000000000e+00  1.240000000000e+00  6.880000000000e-01
 1.120000000000e+00  1.320000000000e+00  4.576000000000e-01
 1.120000000000e+00  1.400000000000e+00  2.016000000000e-01
 1.120000000000e+00  1.480000000000e+00 -8.000000000000e-02
 1.120000000000e+00  1.560000000000e+00 -3.872000000000e-01
 1.120000000000e+00  1.640000000000e+00 -7.200000000000e-01
 1.120000000000e+00  1.720000000000e+00 -1.078400000000e+00
 1.120000000000e+00  1.800000000000e+00 -1.462400000000e+00
 1.120000000000e+00  1.880000000000e+00 -1.872000000000e+00
 1.120000000000e+00  1.960000000000e+00 -2.307200000000e+00
 1.120000000000e+00  2.040000000000e+00 -2.768000000000e+00
 1.120000000000e+00  2.120000000000e+00 -3.254400000000e+00
 1.120000000000e+00  2.200000000000e+00 -3.766400000000e+00
 1.120000000000e+00  2.280000000000e+00 -4.304000000000e+00
 1.120000000000e+00  2.360000000000e+00 -4.867200000000e+00
 1.120000000000e+00  2.440000000000e+00 -5.456000000000e+00
 1.120000000000e+00  2.520000000000e+00 -6.070400000000e+00
 1.120000000000e+00  2.600000000000e+00 -6.710400000000e+00
 1.120000000000e+00  2.680000000000e+00 -7.376000000000e+00
 1.120000000000e+00  2.760000000000e+00 -8.067200000000e+00
 1.120000000000e+00  2.840000000000e+00 -8.784000000000e+00
 1.120000000000e+00  2.920000000000e+00 -9.526400000000e+00
 1.120000000000e+00  3.000000000000e+00 -1.029440000000e+01
 1.120000000000e+00  3.080000000000e+00 -1.108800000000e+01
 1.120000000000e+00  3.160000000000e+00 -1.190720000000e+01
 1.120000000000e+00  3.240000000000e+00 -1.275200000000e+01
 1.120000000000e+00  3.320000000000e+00 -1.362240000000e+01
 1.120000000000e+00  3.400000000000e+00 -1.451840000000e+01
 1.120000000000e+00  3.480000000000e+00 -1.544000000000e+01
 1.120000000000e+00  3.560000000000e+00 -1.638720000000e+01
 1.120000000000e+00  3.640000000000e+00 -1.736000000000e+01
 1.120000000000e+00  3.720000000000e+00 -1.835840000000e+01
 1.120000000000e+00  3.800000000000e+00 -1.938240000000e+01
 1.120000000000e+00  3.880000000000e+00 -2.043200000000e+01
 1.120000000000e+00  3.960000000000e+00 -2.150720000000e+01
 1.120000000000e+00  4.040000000000e+00 -2.260800000000e+01
 1.120000000000e+00  4.120000000000e+00 -2.373440000000e+01
 1.120000000000e+00  4.200000000000e+00 -2.488640000000e+01
 1.120000000000e+00  4.280000000000e+00 -2.606400000000e+01
 1.120000000000e+00  4.360000000000e+00 -2.726720000000e+01
 1.120000000000e+00  4.440000000000e+00 -2.849600000000e+01
 1.120000000000e+00  4.520000000000e+00 -2.975040000000e+01
 1.120000000000e+00  4.600000000000e+00 -3.103040000000e+01
 1.120000000000e+00  4.680000000000e+00 -3.233600000000e+01
 1.120000000000e+00  4.760000000000e+00 -3.366720000000e+01
 1.120000000000e+00  4.840000000000e+00 -3.502400000000e+01
 1.120000000000e+00  4.920000000000e+00 -3.640640000000e+01
 1.120000000000e+00  5.000000000000e+00 -3.781440000000e+01

 1.200000000000e+00 -3.000000000000e+00 -2.424000000000e+01
 1.200000000000e+00 -2.920000000000e+00 -2.310080000000e+01
 1.200000000000e+00 -2.840000000000e+00 -2.198720000000e+01
 1.200000000000e+00 -2.760000000000e+00 -2.089920000000e+01
 1.200000000000e+00 -2.680000000000e+00 -1.983680000000e+01
 1.200000000000e+00 -2.600000000000e+00 -1.880000000000e+01
 1.200000000000e+00 -2.520000000000e+00 -1.778880000000e+01
 1.200000000000e+00 -2.440000000000e+00 -1.680320000000e+01
 1.200000000000e+00 -2.360000000000e+00 -1.584320000000e+01
 1.200000000000e+00 -2.280000000000e+00 -1.490880000000e+01
 1.200000000000e+00 -2.200000000000e+00 -1.400000000000e+01
 1.200000000000e+00 -2.120000000000e+00 -1.311680000000e+01
 1.200000000000e+00 -2.040000000000e+00 -1.225920000000e+01
 1.200000000000e+00 -1.960000000000e+00 -1.142720000000e+01
 1.200000000000e+00 -1.880000000000e+00 -1.062080000000e+01
 1.200000000000e+00 -1.800000000000e+00 -9.840000000000e+00
 1.200000000000e+00 -1.720000000000e+00 -9.084800000000e+00
 1.200000000000e+00 -1.640000000000e+00 -8.355200000000e+00
 1.200000000000e+00 -1.560000000000e+00 -7.651200000000e+00
 1.200000000000e+00 -1.480000000000e+00 -6.972800000000e+00
 1.200000000000e+00 -1.400000000000e+00 -6.320000000000e+00
 1.200000000000e+00 -1.320000000000e+00 -5.692800000000e+00
 1.200000000000e+00 -1.240000000000e+00 -5.091200000000e+00
 1.200000000000e+00 -1.160000000000e+00 -4.515200000000e+00
 1.200000000000e+00 -1.080000000000e+00 -3.964800000000e+00
 1.200000000000e+00 -1.000000000000e+00 -3.440000000000e+00
 1.200000000000e+00 -9.200000000000e-01 -2.940800000000e+00
 1.200000000000e+00 -8.400000000000e-01 -2.467200000000e+00
 1.200000000000e+00 -7.600000000000e-01 -2.019200000000e+00
 1.200000000000e+00 -6.800000000000e-01 -1.596800000000e+00
 1.200000000000e+00 -6.000000000000e-01 -1.200000000000e+00
 1.200000000000e+00 -5.200000000000e-01 -8.288000000000e-01
 1.200000000000e+00 -4.400000000000e-01 -4.832000000000e-01
 1.200000000000e+00 -3.600000000000e-01 -1.632000000000e-01
 1.200000000000e+00 -2.800000000000e-01  1.312000000000e-01
 1.200000000000e+00 -2.000000000000e-01  4.000000000000e-01
 1.200000000000e+00 -1.200000000000e-01  6.432000000000e-01
 1.200000000000e+00 -4.000000000000e-02  8.608000000000e-01
 1.200000000000e+00  4.000000000000e-02  1.052800000000e+00
 1.200000000000e+00  1.200000000000e-01  1.219200000000e+00
 1.200000000000e+00  2.000000000000e-01  1.360000000000e+00
 1.200000000000e+00  2.800000000000e-01  1.475200000000e+00
 1.200000000000e+00  3.600000000000e-01  1.564800000000e+00
 1.200000000000e+00  4.400000000000e-01  1.628800000000e+00
 1.200000000000e+00  5.200000000000e-01  1.667200000000e+00
 1.200000000000e+00  6.000000000000e-01  1.680000000000e+00
 1.200000000000e+00  6.800000000000e-01  1.667200000000e+00
 1.200000000000e+00  7.600000000000e-01  1.628800000000e+00
 1.200000000000e+00  8.400000000000e-01  1.564800000000e+00
 1.200000000000e+00  9.200000000000e-01  1.475200000000e+00
 1.200000000000e+00  1.000000000000e+00  1.360000000000e+00
 1.200000000000e+00  1.080000000000e+00  1.219200000000e+00
 1.200000000000e+00  1.160000000000e+00  1.052800000000e+00
 1.200000000000e+00  1.240000000000e+00  8.608000000000e-01
 1.200000000000e+00  1.320000000000e+00  6.432000000000e-01
 1.200000000000e+00  1.400000000000e+00  4.000000000000e-01
 1.200000000000e+00  1.480000000000e+00  1.312000000000e-01
 1.200000000000e+00  1.560000000000e+00 -1.632000000000e-01
 1.200000000000e+00  1.640000000000e+00 -4.832000000000e-01
 1.200000000000e+00  1.720000000000e+00 -8.288000000000e-01
 1.200000000000e+00  1.800000000000e+00 -1.200000000000e+00
 1.200000000000e+00  1.880000000000e+00 -1.596800000000e+00
 1.200000000000e+00  1.960000000000e+00 -2.019200000000e+00
 1.200000000000e+00  2.040000000000e+00 -2.467200000000e+00
 1.200000000000e+00  2.120000000000e+00 -2.940800000000e+00
 1.200000000000e+00  2.200000000000e+00 -3.440000000000e+00
 1.200000000000e+00  2.280000000000e+00 -3.964800000000e+00
 1.200000000000e+00  2.360000000000e+00 -4.515200000000e+00
 1.200000000000e+00  2.440000000000e+00 -5.091200000000e+00
 1.200000000000e+00  2.520000000000e+00 -5.692800000000e+00
 1.200000000000e+00  2.600000000000e+00 -6.320000000000e+00
 1.200000000000e+00  2.680000000000e+00 -6.972800000000e+00
 1.200000000000e+00  2.760000000000e+00 -7.651200000000e+00
 1.200000000000e+00  2.840000000000e+00 -8.355200000000e+00
 1.200000000000e+00  2.920000000000e+00 -9.084800000000e+00
 1.200000000000e+00  3.000000000000e+00 -9.840000000000e+00
 1.200000000000e+00  3.080000000000e+00 -1.062080000000e+01
 1.200000000000e+00  3.160000000000e+00 -1.142720000000e+01
 1.200000000000e+00  3.240000000000e+00 -1.225920000000e+01
 1.200000000000e+00  3.320000000000e+00 -1.311680000000e+01
 1.200000000000e+00  3.400000000000e+00 -1.400000000000e+01
 1.200000000000e+00  3.480000000000e+00 -1.490880000000e+01
 1.200000000000e+00  3.560000000000e+00 -1.584320000000e+01
 1.200000000000e+00  3.640000000000e+00 -1.680320000000e+01
 1.200000000000e+00  3.720000000000e+00 -1.778880000000e+01
 1.200000000000e+00  3.800000000000e+00 -1.880000000000e+01
 1.200000000000e+00  3.880000000000e+00 -1.983680000000e+01
 1.200000000000e+00  3.960000000000e+00 -2.089920000000e+01
 1.200000000000e+00  4.040000000000e+00 -2.198720000000e+01
 1.200000000000e+00  4.120000000000e+00 -2.310080000000e+01
 1.200000000000e+00  4.200000000000e+00 -2.424000000000e+01
 1.200000000000e+00  4.280000000000e+00 -2.540480000000e+01
 1.200000000000e+00  4.360000000000e+00 -2.659520000000e+01
 1.200000000000e+00  4.440000000000e+00 -2.781120000000e+01
 1.200000000000e+00  4.520000000000e+00 -2.905280000000e+01
 1.200000000000e+00  4.600000000000e+00 -3.032000000000e+01
 1.200000000000e+00  4.680000000000e+00 -3.161280000000e+01
 1.200000000000e+00  4.760000000000e+00 -3.293120000000e+01
 1.200000000000e+00  4.840000000000e+00 -3.427520000000e+01
 1.200000000000e+00  4.920000000000e+00 -3.564480000000e+01
 1.200000000000e+00  5.000000000000e+00 -3.704000000000e+01

 1.280000000000e+00 -3.000000000000e+00 -2.475840000000e+01
 1.280000000000e+00 -2.920000000000e+00 -2.360640000000e+01
 1.280000000000e+00 -2.840000000000e+00 -2.248000000000e+01
 1.280000000000e+00 -2.760000000000e+00 -2.137920000000e+01
 1.280000000000e+00 -2.680000000000e+00 -2.030400000000e+01
 1.280000000000e+00 -2.600000000000e+00 -1.925440000000e+01
 1.280000000000e+00 -2.520000000000e+00 -1.823040000000e+01
 1.280000000000e+00 -2.440000000000e+00 -1.723200000000e+01
 1.280000000000e+00 -2.360000000000e+00 -1.625920000000e+01
 1.280000000000e+00 -2.280000000000e+00 -1.531200000000e+01
 1.280000000000e+00 -2.200000000000e+00 -1.439040000000e+01
 1.280000000000e+00 -2.120000000000e+00 -1.349440000000e+01
 1.280000000000e+00 -2.040000000000e+00 -1.262400000000e+01
 1.280000000000e+00 -1.960000000000e+00 -1.177920000000e+01
 1.280000000000e+00 -1.880000000000e+00 -1.096000000000e+01
 1.280000000000e+00 -1.800000000000e+00 -1.016640000000e+01
 1.280000000000e+00 -1.720000000000e+00 -9.398400000000e+00
 1.280000000000e+00 -1.640000000000e+00 -8.656000000000e+00
 1.280000000000e+00 -1.560000000000e+00 -7.939200000000e+00
 1.280000000000e+00 -1.480000000000e+00 -7.248000000000e+00
 1.280000000000e+00 -1.400000000000e+00 -6.582400000000e+00
 1.280000000000e+00 -1.320000000000e+00 -5.942400000000e+00
 1.280000000000e+00 -1.240000000000e+00 -5.328000000000e+00
 1.280000000000e+00 -1.160000000000e+00 -4.739200000000e+00
 1.280000000000e+00 -1.080000000000e+00 -4.176000000000e+00
 1.280000000000e+00 -1.000000000000e+00 -3.638400000000e+00
 1.280000000000e+00 -9.200000000000e-01 -3.126400000000e+00
 1.280000000000e+00 -8.400000000000e-01 -2.640000000000e+00
 1.280000000000e+00 -7.600000000000e-01 -2.179200000000e+00
 1.280000000000e+00 -6.800000000000e-01 -1.744000000000e+00
 1.280000000000e+00 -6.000000000000e-01 -1.334400000000e+00
 1.280000000000e+00 -5.200000000000e-01 -9.504000000000e-01
 1.280000000000e+00 -4.400000000000e-01 -5.920000000000e-01
 1.280000000000e+00 -3.600000000000e-01 -2.592000000000e-01
 1.280000000000e+00 -2.800000000000e-01  4.800000000000e-02
 1.280000000000e+00 -2.000000000000e-01  3.296000000000e-01
 1.280000000000e+00 -1.200000000000e-01  5.856000000000e-01
 1.280000000000e+00 -4.000000000000e-02  8.160000000000e-01
 1.280000000000e+00  4.000000000000e-02  1.020800000000e+00
 1.280000000000e+00  1.200000000000e-01  1.200000000000e+00
 1.280000000000e+00  2.000000000000e-01  1.353600000000e+00
 1.280000000000e+00  2.800000000000e-01  1.481600000000e+00
 1.280000000000e+00  3.600000000000e-01  1.584000000000e+00
 1.280000000000e+00  4.400000000000e-01  1.660800000000e+00
 1.280000000000e+00  5.200000000000e-01  1.712000000000e+00
 1.280000000000e+00  6.000000000000e-01  1.737600000000e+00
 1.280000000000e+00  6.800000000000e-01  1.737600000000e+00
 1.280000000000e+00  7.600000000000e-01  1.712000000000e+00
 1.280000000000e+00  8.400000000000e-01  1.660800000000e+00
 1.280000000000e+00  9.200000000000e-01  1.584000000000e+00
 1.280000000000e+00  1.000000000000e+00  1.481600000000e+00
 1.280000000000e+00  1.080000000000e+00  1.353600000000e+00
 1.280000000000e+00  1.160000000000e+00  1.200000000000e+00
 1.280000000000e+00  1.240000000000e+00  1.020800000000e+00
 1.280000000000e+00  1.320000000000e+00  8.160000000000e-01
 1.280000000000e+00  1.400000000000e+00  5.856000000000e-01
 1.280000000000e+00  1.480000000000e+00  3.296000000000e-01
 1.280000000000e+00  1.560000000000e+00  4.800000000000e-02
 1.280000000000e+00  1.640000000000e+00 -2.592000000000e-01
 1.280000000000e+00  1.720000000000e+00 -5.920000000000e-01
 1.280000000000e+00  1.800000000000e+00 -9.504000000000e-01
 1.280000000000e+00  1.880000000000e+00 -1.334400000000e+00
 1.280000000000e+00  1.960000000000e+00 -1.744000000000e+00
 1.280000000000e+00  2.040000000000e+00 -2.179200000000e+00
 1.280000000000e+00  2.120000000000e+00 -2.640000000000e+00
 1.280000000000e+00  2.200000000000e+00 -3.126400000000e+00
 1.280000000000e+00  2.280000000000e+00 -3.638400000000e+00
 1.280000000000e+00  2.360000000000e+00 -4.176000000000e+00
 1.280000000000e+00  2.440000000000e+00 -4.739200000000e+00
 1.280000000000e+00  2.520000000000e+00 -5.328000000000e+00
 1.280000000000e+00  2.600000000000e+00 -5.942400000000e+00
 1.280000000000e+00  2.680000000000e+00 -6.582400000000e+00
 1.280000000000e+00  2.760000000000e+00 -7.248000000000e+00
 1.280000000000e+00  2.840000000000e+00 -7.939200000000e+00
 1.280000000000e+00  2.920000000000e+00 -8.656000000000e+00
 1.280000000000e+00  3.000000000000e+00 -9.398400000000e+00
 1.280000000000e+00  3.080000000000e+00 -1.016640000000e+01
 1.280000000000e+00  3.160000000000e+00 -1.096000000000e+01
 1.280000000000e+00  3.240000000000e+00 -1.177920000000e+01
 1.280000000000e+00  3.320000000000e+00 -1.262400000000e+01
 1.280000000000e+00  3.400000000000e+00 -1.349440000000e+01
 1.280000000000e+00  3.480000000000e+00 -1.439040000000e+01
 1.280000000000e+00  3.560000000000e+00 -1.531200000000e+01
 1.280000000000e+00  3.640000000000e+00 -1.625920000000e+01
 1.280000000000e+00  3.720000000000e+00 -1.723200000000e+01
 1.280000000000e+00  3.800000000000e+00 -1.823040000000e+01
 1.280000000000e+00  3.880000000000e+00 -1.925440000000e+01
 1.280000000000e+00  3.960000000000e+00 -2.030400000000e+01
 1.280000000000e+00  4.040000000000e+00 -2.137920000000e+01
 1.280000000000e+00  4.120000000000e+00 -2.248000000000e+01
 1.280000000000e+00  4.200000000000e+00 -2.360640000000e+01
 1.280000000000e+00  4.280000000000e+00 -2.475840000000e+01
 1.280000000000e+00  4.360000000000e+00 -2.593600000000e+01
 1.280000000000e+00  4.440000000000e+00 -2.713920000000e+01
 1.280000000000e+00  4.520000000000e+00 -2.836800000000e+01
 1.280000000000e+00  4.600000000000e+00 -2.962240000000e+01
 1.280000000000e+00  4.680000000000e+00 -3.090240000000e+01
 1.280000000000e+00  4.760000000000e+00 -3.220800000000e+01
 1.280000000000e+00  4.840000000000e+00 -3.353920000000e+01
 1.280000000000e+00  4.920000000000e+00 -3.489600000000e+01
 1.280000000000e+00  5.000000000000e+00 -3.627840000000e+01

 1.360000000000e+00 -3.000000000000e+00 -2.528960000000e+01
 1.360000000000e+00 -2.920000000000e+00 -2.412480000000e+01
 1.360000000000e+00 -2.840000000000e+00 -2.298560000000e+01
 1.360000000000e+00 -2.760000000000e+00 -2.187200000000e+01
 1.360000000000e+00 -2.680000000000e+00 -2.078400000000e+01
 1.360000000000e+00 -2.600000000000e+00 -1.972160000000e+01
 1.360000000000e+00 -2.520000000000e+00 -1.868480000000e+01
 1.360000000000e+00 -2.440000000000e+00 -1.767360000000e+01
 1.360000000000e+00 -2.360000000000e+00 -1.668800000000e+01
 1.360000000000e+00 -2.280000000000e+00 -1.572800000000e+01
 1.360000000000e+00 -2.200000000000e+00 -1.479360000000e+01
 1.360000000000e+00 -2.120000000000e+00 -1.388480000000e+01
 1.360000000000e+00 -2.040000000000e+00 -1.300160000000e+01
 1.360000000000e+00 -1.960000000000e+00 -1.214400000000e+01
 1.360000000000e+00 -1.880000000000e+00 -1.131200000000e+01
 1.360000000000e+00 -1.800000000000e+00 -1.050560000000e+01
 1.360000000000e+00 -1.720000000000e+00 -9.724800000000e+00
 1.360000000000e+00 -1.640000000000e+00 -8.969600000000e+00
 1.360000000000e+00 -1.560000000000e+00 -8.240000000000e+00
 1.360000000000e+00 -1.480000000000e+00 -7.536000000000e+00
 1.360000000000e+00 -1.400000000000e+00 -6.857600000000e+00
 1.360000000000e+00 -1.320000000000e+00 -6.204800000000e+00
 1.360000000000e+00 -1.240000000000e+00 -5.577600000000e+00
 1.360000000000e+00 -1.160000000000e+00 -4.976000000000e+00
 1.360000000000e+00 -1.080000000000e+00 -4.400000000000e+00
 1.360000000000e+00 -1.000000000000e+00 -3.849600000000e+00
 1.360000000000e+00 -9.200000000000e-01 -3.324800000000e+00
 1.360000000000e+00 -8.400000000000e-01 -2.825600000000e+00
 1.360000000000e+00 -7.600000000000e-01 -2.352000000000e+00
 1.360000000000e+00 -6.800000000000e-01 -1.904000000000e+00
 1.360000000000e+00 -6.000000000000e-01 -1.481600000000e+00
 1.360000000000e+00 -5.200000000000e-01 -1.084800000000e+00
 1.360000000000e+00 -4.400000000000e-01 -7.136000000000e-01
 1.360000000000e+00 -3.600000000000e-01 -3.680000000000e-01
 1.360000000000e+00 -2.800000000000e-01 -4.800000000000e-02
 1.360000000000e+00 -2.000000000000e-01  2.464000000000e-01
 1.360000000000e+00 -1.200000000000e-01  5.152000000000e-01
 1.360000000000e+00 -4.000000000000e-02  7.584000000000e-01
 1.360000000000e+00  4.000000000000e-02  9.760000000000e-01
 1.360000000000e+00  1.200000000000e-01  1.168000000000e+00
 1.360000000000e+00  2.000000000000e-01  1.334400000000e+00
 1.360000000000e+00  2.800000000000e-01  1.475200000000e+00
 1.360000000000e+00  3.600000000000e-01  1.590400000000e+00
 1.360000000000e+00  4.400000000000e-01  1.680000000000e+00
 1.360000000000e+00  5.200000000000e-01  1.744000000000e+00
 1.360000000000e+00  6.000000000000e-01  1.782400000000e+00
 1.360000000000e+00  6.800000000000e-01  1.795200000000e+00
 1.360000000000e+00  7.600000000000e-01  1.782400000000e+00
 1.360000000000e+00  8.400000000000e-01  1.744000000000e+00
 1.360000000000e+00  9.200000000000e-01  1.680000000000e+00
 1.360000000000e+00  1.000000000000e+00  1.590400000000e+00
 1.360000000000e+00  1.080000000000e+00  1.475200000000e+00
 1.360000000000e+00  1.160000000000e+00  1.334400000000e+00
 1.360000000000e+00  1.240000000000e+00  1.168000000000e+00
 1.360000000000e+00  1.320000000000e+00  9.760000000000e-01
 1.360000000000e+00  1.400000000000e+00  7.584000000000e-01
 1.360000000000e+00  1.480000000000e+00  5.152000000000e-01
 1.360000000000e+00  1.560000000000e+00  2.464000000000e-01
 1.360000000000e+00  1.640000000000e+00 -4.800000000000e-02
 1.360000000000e+00  1.720000000000e+00 -3.680000000000e-01
 1.360000000000e+00  1.800000000000e+00 -7.136000000000e-01
 1.360000000000e+00  1.880000000000e+00 -1.084800000000e+00
 1.360000000000e+00  1.960000000000e+00 -1.481600000000e+00
 1.360000000000e+00  2.040000000000e+00 -1.904000000000e+00
 1.360000000000e+00  2.120000000000e+00 -2.352000000000e+00
 1.360000000000e+00  2.200000000000e+00 -2.825600000000e+00
 1.360000000000e+00  2.280000000000e+00 -3.324800000000e+00
 1.360000000000e+00  2.360000000000e+00 -3.849600000000e+00
 1.360000000000e+00  2.440000000000e+00 -4.400000000000e+00
 1.360000000000e+00  2.520000000000e+00 -4.976000000000e+00
 1.360000000000e+00  2.600000000000e+00 -5.577600000000e+00
 1.360000000000e+00  2.680000000000e+00 -6.204800000000e+00
 1.360000000000e+00  2.760000000000e+00 -6.857600000000e+00
 1.360000000000e+00  2.840000000000e+00 -7.536000000000e+00
 1.360000000000e+00  2.920000000000e+00 -8.240000000000e+00
 1.360000000000e+00  3.000000000000e+00 -8.969600000000e+00
 1.360000000000e+00  3.080000000000e+00 -9.724800000000e+00
 1.360000000000e+00  3.160000000000e+00 -1.050560000000e+01
 1.360000000000e+00  3.240000000000e+00 -1.131200000000e+01
 1.360000000000e+00  3.320000000000e+00 -1.214400000000e+01
 1.360000000000e+00  3.400000000000e+00 -1.300160000000e+01
 1.360000000000e+00  3.480000000000e+00 -1.388480000000e+01
 1.360000000000e+00  3.560000000000e+00 -1.479360000000e+01
 1.360000000000e+00  3.640000000000e+00 -1.572800000000e+01
 1.360000000000e+00  3.720000000000e+00 -1.668800000000e+01
 1.360000000000e+00  3.800000000000e+00 -1.767360000000e+01
 1.360000000000e+00  3.880000000000e+00 -1.868480000000e+01
 1.360000000000e+00  3.960000000000e+00 -1.972160000000e+01
 1.360000000000e+00  4.040000000000e+00 -2.078400000000e+01
 1.360000000000e+00  4.120000000000e+00 -2.187200000000e+01
 1.360000000000e+00  4.200000000000e+00 -2.298560000000e+01
 1.360000000000e+00  4.280000000000e+00 -2.412480000000e+01
 1.360000000000e+00  4.360000000000e+00 -2.528960000000e+01
 1.360000000000e+00  4.440000000000e+00 -2.648000000000e+01
 1.360000000000e+00  4.520000000000e+00 -2.769600000000e+01
 1.360000000000e+00  4.600000000000e+00 -2.893760000000e+01
 1.360000000000e+00  4.680000000000e+00 -3.020480000000e+01
 1.360000000000e+00  4.760000000000e+00 -3.149760000000e+01
 1.360000000000e+00  4.840000000000e+00 -3.281600000000e+01
 1.360000000000e+00  4.920000000000e+00 -3.416000000000e+01
 1.360000000000e+00  5.000000000000e+00 -3.552960000000e+01

 1.440000000000e+00 -3.000000000000e+00 -2.583360000000e+01
 1.440000000000e+00 -2.920000000000e+00 -2.465600000000e+01
 1.440000000000e+00 -2.840000000000e+00 -2.350400000000e+01
 1.440000000000e+00 -2.760000000000e+00 -2.237760000000e+01
 1.440000000000e+00 -2.680000000000e+00 -2.127680000000e+01
 1.440000000000e+00 -2.600000000000e+00 -2.020160000000e+01
 1.440000000000e+00 -2.520000000000e+00 -1.915200000000e+01
 1.440000000000e+00 -2.440000000000e+00 -1.812800000000e+01
 1.440000000000e+00 -2.360000000000e+00 -1.712960000000e+01
 1.440000000000e+00 -2.280000000000e+00 -1.615680000000e+01
 1.440000000000e+00 -2.200000000000e+00 -1.520960000000e+01
 1.440000000000e+00 -2.120000000000e+00 -1.428800000000e+01
 1.440000000000e+00 -2.040000000000e+00 -1.339200000000e+01
 1.440000000000e+00 -1.960000000000e+00 -1.252160000000e+01
 1.440000000000e+00 -1.880000000000e+00 -1.167680000000e+01
 1.440000000000e+00 -1.800000000000e+00 -1.085760000000e+01
 1.440000000000e+00 -1.720000000000e+00 -1.006400000000e+01
 1.440000000000e+00 -1.640000000000e+00 -9.296000000000e+00
 1.440000000000e+00 -1.560000000000e+00 -8.553600000000e+00
 1.440000000000e+00 -1.480000000000e+00 -7.836800000000e+00
 1.440000000000e+00 -1.400000000000e+00 -7.145600000000e+00
 1.440000000000e+00 -1.320000000000e+00 -6.480000000000e+00
 1.440000000000e+00 -1.240000000000e+00 -5.840000000000e+00
 1.440000000000e+00 -1.160000000000e+00 -5.225600000000e+00
 1.440000000000e+00 -1.080000000000e+00 -4.636800000000e+00
 1.440000000000e+00 -1.000000000000e+00 -4.073600000000e+00
 1.440000000000e+00 -9.200000000000e-01 -3.536000000000e+00
 1.440000000000e+00 -8.400000000000e-01 -3.024000000000e+00
 1.440000000000e+00 -7.600000000000e-01 -2.537600000000e+00
 1.440000000000e+00 -6.800000000000e-01 -2.076800000000e+00
 1.440000000000e+00 -6.000000000000e-01 -1.641600000000e+00
 1.440000000000e+00 -5.200000000000e-01 -1.232000000000e+00
 1.440000000000e+00 -4.400000000000e-01 -8.480000000000e-01
 1.440000000000e+00 -3.600000000000e-01 -4.896000000000e-01
 1.440000000000e+00 -2.800000000000e-01 -1.568000000000e-01
 1.440000000000e+00 -2.000000000000e-01  1.504000000000e-01
 1.440000000000e+00 -1.200000000000e-01  4.320000000000e-01
 1.440000000000e+00 -4.000000000000e-02  6.880000000000e-01
 1.440000000000e+00  4.000000000000e-02  9.184000000000e-01
 1.440000000000e+00  1.200000000000e-01  1.123200000000e+00
 1.440000000000e+00  2.000000000000e-01  1.302400000000e+00
 1.440000000000e+00  2.800000000000e-01  1.456000000000e+00
 1.440000000000e+00  3.600000000000e-01  1.584000000000e+00
 1.440000000000e+00  4.400000000000e-01  1.686400000000e+00
 1.440000000000e+00  5.200000000000e-01  1.763200000000e+00
 1.440000000000e+00  6.000000000000e-01  1.814400000000e+00
 1.440000000000e+00  6.800000000000e-01  1.840000000000e+00
 1.440000000000e+00  7.600000000000e-01  1.840000000000e+00
 1.440000000000e+00  8.400000000000e-01  1.814400000000e+00
 1.440000000000e+00  9.200000000000e-01  1.763200000000e+00
 1.440000000000e+00  1.000000000000e+00  1.686400000000e+00
 1.440000000000e+00  1.080000000000e+00  1.584000000000e+00
 1.440000000000e+00  1.160000000000e+00  1.456000000000e+00
 1.440000000000e+00  1.240000000000e+00  1.302400000000e+00
 1.440000000000e+00  1.320000000000e+00  1.123200000000e+00
 1.440000000000e+00  1.400000000000e+00  9.184000000000e-01
 1.440000000000e+00  1.480000000000e+00  6.880000000000e-01
 1.440000000000e+00  1.560000000000e+00  4.320000000000e-01
 1.440000000000e+00  1.640000000000e+00  1.504000000000e-01
 1.440000000000e+00  1.720000000000e+00 -1.568000000000e-01
 1.440000000000e+00  1.800000000000e+00 -4.896000000000e-01
 1.440000000000e+00  1.880000000000e+00 -8.480000000000e-01
 1.440000000000e+00  1.960000000000e+00 -1.232000000000e+00
 1.440000000000e+00  2.040000000000e+00 -1.641600000000e+00
 1.440000000000e+00  2.120000000000e+00 -2.076800000000e+00
 1.440000000000e+00  2.200000000000e+00 -2.537600000000e+00
 1.440000000000e+00  2.280000000000e+00 -3.024000000000e+00
 1.440000000000e+00  2.360000000000e+00 -3.536000000000e+00
 1.440000000000e+00  2.440000000000e+00 -4.073600000000e+00
 1.440000000000e+00  2.520000000000e+00 -4.636800000000e+00
 1.440000000000e+00  2.600000000000e+00 -5.225600000000e+00
 1.440000000000e+00  2.680000000000e+00 -5.840000000000e+00
 1.440000000000e+00  2.760000000000e+00 -6.480000000000e+00
 1.440000000000e+00  2.840000000000e+00 -7.145600000000e+00
 1.440000000000e+00  2.920000000000e+00 -7.836800000000e+00
 1.440000000000e+00  3.000000000000e+00 -8.553600000000e+00
 1.440000000000e+00  3.080000000000e+00 -9.296000000000e+00
 1.440000000000e+00  3.160000000000e+00 -1.006400000000e+01
 1.440000000000e+00  3.240000000000e+00 -1.085760000000e+01
 1.440000000000e+00  3.320000000000e+00 -1.167680000000e+01
 1.440000000000e+00  3.400000000000e+00 -1.252160000000e+01
 1.440000000000e+00  3.480000000000e+00 -1.339200000000e+01
 1.440000000000e+00  3.560000000000e+00 -1.428800000000e+01
 1.440000000000e+00  3.640000000000e+00 -1.520960000000e+01
 1.440000000000e+00  3.720000000000e+00 -1.615680000000e+01
 1.440000000000e+00  3.800000000000e+00 -1.712960000000e+01
 1.440000000000e+00  3.880000000000e+00 -1.812800000000e+01
 1.440000000000e+00  3.960000000000e+00 -1.915200000000e+01
 1.440000000000e+00  4.040000000000e+00 -2.020160000000e+01
 1.440000000000e+00  4.120000000000e+00 -2.127680000000e+01
 1.440000000000e+00  4.200000000000e+00 -2.237760000000e+01
 1.440000000000e+00  4.280000000000e+00 -2.350400000000e+01
 1.440000000000e+00  4.360000000000e+00 -2.465600000000e+01
 1.440000000000e+00  4.440000000000e+00 -2.583360000000e+01
 1.440000000000e+00  4.520000000000e+00 -2.703680000000e+01
 1.440000000000e+00  4.600000000000e+00 -2.826560000000e+01
 1.440000000000e+00  4.680000000000e+00 -2.952000000000e+01
 1.440000000000e+00  4.760000000000e+00 -3.080000000000e+01
 1.440000000000e+00  4.840000000000e+00 -3.210560000000e+01
 1.440000000000e+00  4.920000000000e+00 -3.343680000000e+01
 1.440000000000e+00  5.000000000000e+00 -3.479360000000e+01

 1.520000000000e+00 -3.000000000000e+00 -2.639040000000e+01
 1.520000000000e+00 -2.920000000000e+00 -2.520000000000e+01
 1.520000000000e+00 -2.840000000000e+00 -2.403520000000e+01
 1.520000000000e+00 -2.760000000000e+00 -2.289600000000e+01
 1.520000000000e+00 -2.680000000000e+00 -2.178240000000e+01
 1.520000000000e+00 -2.600000000000e+00 -2.069440000000e+01
 1.520000000000e+00 -2.520000000000e+00 -1.963200000000e+01
 1.520000000000e+00 -2.440000000000e+00 -1.859520000000e+01
 1.520000000000e+00 -2.360000000000e+00 -1.758400000000e+01
 1.520000000000e+00 -2.280000000000e+00 -1.659840000000e+01
 1.520000000000e+00 -2.200000000000e+00 -1.563840000000e+01
 1.520000000000e+00 -2.120000000000e+00 -1.470400000000e+01
 1.520000000000e+00 -2.040000000000e+00 -1.379520000000e+01
 1.520000000000e+00 -1.960000000000e+00 -1.291200000000e+01
 1.520000000000e+00 -1.880000000000e+00 -1.205440000000e+01
 1.520000000000e+00 -1.800000000000e+00 -1.122240000000e+01
 1.520000000000e+00 -1.720000000000e+00 -1.041600000000e+01
 1.520000000000e+00 -1.640000000000e+00 -9.635200000000e+00
 1.520000000000e+00 -1.560000000000e+00 -8.880000000000e+00
 1.520000000000e+00 -1.480000000000e+00 -8.150400000000e+00
 1.520000000000e+00 -1.400000000000e+00 -7.446400000000e+00
 1.520000000000e+00 -1.320000000000e+00 -6.768000000000e+00
 1.520000000000e+00 -1.240000000000e+00 -6.115200000000e+00
 1.520000000000e+00 -1.160000000000e+00 -5.488000000000e+00
 1.520000000000e+00 -1.080000000000e+00 -4.886400000000e+00
 1.520000000000e+00 -1.000000000000e+00 -4.310400000000e+00
 1.520000000000e+00 -9.200000000000e-01 -3.760000000000e+00
 1.520000000000e+00 -8.400000000000e-01 -3.235200000000e+00
 1.520000000000e+00 -7.600000000000e-01 -2.736000000000e+00
 1.520000000000e+00 -6.800000000000e-01 -2.262400000000e+00
 1.520000000000e+00 -6.000000000000e-01 -1.814400000000e+00
 1.520000000000e+00 -5.200000000000e-01 -1.392000000000e+00
 1.520000000000e+00 -4.400000000000e-01 -9.952000000000e-01
 1.520000000000e+00 -3.600000000000e-01 -6.240000000000e-01
 1.520000000000e+00 -2.800000000000e-01 -2.784000000000e-01
 1.520000000000e+00 -2.000000000000e-01  4.160000000000e-02
 1.520000000000e+00 -1.200000000000e-01  3.360000000000e-01
 1.520000000000e+00 -4.000000000000e-02  6.048000000000e-01
 1.520000000000e+00  4.000000000000e-02  8.480000000000e-01
 1.520000000000e+00  1.200000000000e-01  1.065600000000e+00
 1.520000000000e+00  2.000000000000e-01  1.257600000000e+00
 1.520000000000e+00  2.800000000000e-01  1.424000000000e+00
 1.520000000000e+00  3.600000000000e-01  1.564800000000e+00
 1.520000000000e+00  4.400000000000e-01  1.680000000000e+00
 1.520000000000e+00  5.200000000000e-01  1.769600000000e+00
 1.520000000000e+00  6.000000000000e-01  1.833600000000e+00
 1.520000000000e+00  6.800000000000e-01  1.872000000000e+00
 1.520000000000e+00  7.600000000000e-01  1.884800000000e+00
 1.520000000000e+00  8.400000000000e-01  1.872000000000e+00
 1.520000000000e+00  9.200000000000e-01  1.833600000000e+00
 1.520000000000e+00  1.000000000000e+00  1.769600000000e+00
 1.520000000000e+00  1.080000000000e+00  1.680000000000e+00
 1.520000000000e+00  1.160000000000e+00  1.564800000000e+00
 1.520000000000e+00  1.240000000000e+00  1.424000000000e+00
 1.520000000000e+00  1.320000000000e+00  1.257600000000e+00
 1.520000000000e+00  1.400000000000e+00  1.065600000000e+00
 1.520000000000e+00  1.480000000000e+00  8.480000000000e-01
 1.520000000000e+00  1.560000000000e+00  6.048000000000e-01
 1.520000000000e+00  1.640000000000e+00  3.360000000000e-01
 1.520000000000e+00  1.720000000000e+00  4.160000000000e-02
 1.520000000000e+00  1.800000000000e+00 -2.784000000000e-01
 1.520000000000e+00  1.880000000000e+00 -6.240000000000e-01
 1.520000000000e+00  1.960000000000e+00 -9.952000000000e-01
 1.520000000000e+00  2.040000000000e+00 -1.392000000000e+00
 1.520000000000e+00  2.120000000000e+00 -1.814400000000e+00
 1.520000000000e+00  2.200000000000e+00 -2.262400000000e+00
 1.520000000000e+00  2.280000000000e+00 -2.736000000000e+00
 1.520000000000e+00  2.360000000000e+00 -3.235200000000e+00
 1.520000000000e+00  2.440000000000e+00 -3.760000000000e+00
 1.520000000000e+00  2.520000000000e+00 -4.310400000000e+00
 1.520000000000e+00  2.600000000000e+00 -4.886400000000e+00
 1.520000000000e+00  2.680000000000e+00 -5.488000000000e+00
 1.520000000000e+00  2.760000000000e+00 -6.115200000000e+00
 1.520000000000e+00  2.840000000000e+00 -6.768000000000e+00
 1.520000000000e+00  2.920000000000e+00 -7.446400000000e+00
 1.520000000000e+00  3.000000000000e+00 -8.150400000000e+00
 1.520000000000e+00  3.080000000000e+00 -8.880000000000e+00
 1.520000000000e+00  3.160000000000e+00 -9.635200000000e+00
 1.520000000000e+00  3.240000000000e+00 -1.041600000000e+01
 1.520000000000e+00  3.320000000000e+00 -1.122240000000e+01
 1.520000000000e+00  3.400000000000e+00 -1.205440000000e+01
 1.520000000000e+00  3.480000000000e+00 -1.291200000000e+01
 1.520000000000e+00  3.560000000000e+00 -1.379520000000e+01
 1.520000000000e+00  3.640000000000e+00 -1.470400000000e+01
 1.520000000000e+00  3.720000000000e+00 -1.563840000000e+01
 1.520000000000e+00  3.800000000000e+00 -1.659840000000e+01
 1.520000000000e+00  3.880000000000e+00 -1.758400000000e+01
 1.520000000000e+00  3.960000000000e+00 -1.859520000000e+01
 1.520000000000e+00  4.040000000000e+00 -1.963200000000e+01
 1.520000000000e+00  4.120000000000e+00 -2.069440000000e+01
 1.520000000000e+00  4.200000000000e+00 -2.178240000000e+01
 1.520000000000e+00  4.280000000000e+00 -2.289600000000e+01
 1.520000000000e+00  4.360000000000e+00 -2.403520000000e+01
 1.520000000000e+00  4.440000000000e+00 -2.520000000000e+01
 1.520000000000e+00  4.520000000000e+00 -2.639040000000e+01
 1.520000000000e+00  4.600000000000e+00 -2.760640000000e+01
 1.520000000000e+00  4.680000000000e+00 -2.884800000000e+01
 1.520000000000e+00  4.760000000000e+00 -3.011520000000e+01
 1.520000000000e+00  4.840000000000e+00 -3.140800000000e+01
 1.520000000000e+00  4.920000000000e+00 -3.272640000000e+01
 1.520000000000e+00  5.000000000000e+00 -3.407040000000e+01

 1.600000000000e+00 -3.000000000000e+00 -2.696000000000e+01
 1.600000000000e+00 -2.920000000000e+00 -2.575680000000e+01
 1.600000000000e+00 -2.840000000000e+00 -2.457920000000e+01
 1.600000000000e+00 -2.760000000000e+00 -2.342720000000e+01
 1.600000000000e+00 -2.680000000000e+00 -2.230080000000e+01
 1.600000000000e+00 -2.600000000000e+00 -2.120000000000e+01
 1.600000000000e+00 -2.520000000000e+00 -2.012480000000e+01
 1.600000000000e+00 -2.440000000000e+00 -1.907520000000e+01
 1.600000000000e+00 -2.360000000000e+00 -1.805120000000e+01
 1.600000000000e+00 -2.280000000000e+00 -1.705280000000e+01
 1.600000000000e+00 -2.200000000000e+00 -1.608000000000e+01
 1.600000000000e+00 -2.120000000000e+00 -1.513280000000e+01
 1.600000000000e+00 -2.040000000000e+00 -1.421120000000e+01
 1.600000000000e+00 -1.960000000000e+00 -1.331520000000e+01
 1.600000000000e+00 -1.880000000000e+00 -1.244480000000e+01
 1.600000000000e+00 -1.800000000000e+00 -1.160000000000e+01
 1.600000000000e+00 -1.720000000000e+00 -1.078080000000e+01
 1.600000000000e+00 -1.640000000000e+00 -9.987200000000e+00
 1.600000000000e+00 -1.560000000000e+00 -9.219200000000e+00
 1.600000000000e+00 -1.480000000000e+00 -8.476800000000e+00
 1.600000000000e+00 -1.400000000000e+00 -7.760000000000e+00
 1.600000000000e+00 -1.320000000000e+00 -7.068800000000e+00
 1.600000000000e+00 -1.240000000000e+00 -6.403200000000e+00
 1.600000000000e+00 -1.160000000000e+00 -5.763200000000e+00
 1.600000000000e+00 -1.080000000000e+00 -5.148800000000e+00
 1.600000000000e+00 -1.000000000000e+00 -4.560000000000e+00
 1.600000000000e+00 -9.200000000000e-01 -3.996800000000e+00
 1.600000000000e+00 -8.400000000000e-01 -3.459200000000e+00
 1.600000000000e+00 -7.600000000000e-01 -2.947200000000e+00
 1.600000000000e+00 -6.800000000000e-01 -2.460800000000e+00
 1.600000000000e+00 -6.000000000000e-01 -2.000000000000e+00
 1.600000000000e+00 -5.200000000000e-01 -1.564800000000e+00
 1.600000000000e+00 -4.400000000000e-01 -1.155200000000e+00
 1.600000000000e+00 -3.600000000000e-01 -7.712000000000e-01
 1.600000000000e+00 -2.800000000000e-01 -4.128000000000e-01
 1.600000000000e+00 -2.000000000000e-01 -8.000000000000e-02
 1.600000000000e+00 -1.200000000000e-01  2.272000000000e-01
 1.600000000000e+00 -4.000000000000e-02  5.088000000000e-01
 1.600000000000e+00  4.000000000000e-02  7.648000000000e-01
 1.600000000000e+00  1.200000000000e-01  9.952000000000e-01
 1.600000000000e+00  2.000000000000e-01  1.200000000000e+00
 1.600000000000e+00  2.800000000000e-01  1.379200000000e+00
 1.600000000000e+00  3.600000000000e-01  1.532800000000e+00
 1.600000000000e+00  4.400000000000e-01  1.660800000000e+00
 1.600000000000e+00  5.200000000000e-01  1.763200000000e+00
 1.600000000000e+00  6.000000000000e-01  1.840000000000e+00
 1.600000000000e+00  6.800000000000e-01  1.891200000000e+00
 1.600000000000e+00  7.600000000000e-01  1.916800000000e+00
 1.600000000000e+00  8.400000000000e-01  1.916800000000e+00
 1.600000000000e+00  9.200000000000e-01  1.891200000000e+00
 1.600000000000e+00  1.000000000000e+00  1.840000000000e+00
 1.600000000000e+00  1.080000000000e+00  1.763200000000e+00
 1.600000000000e+00  1.160000000000e+00  1.660800000000e+00
 1.600000000000e+00  1.240000000000e+00  1.532800000000e+00
 1.600000000000e+00  1.320000000000e+00  1.379200000000e+00
 1.600000000000e+00  1.400000000000e+00  1.200000000000e+00
 1.600000000000e+00  1.480000000000e+00  9.952000000000e-01
 1.600000000000e+00  1.560000000000e+00  7.648000000000e-01
 1.600000000000e+00  1.640000000000e+00  5.088000000000e-01
 1.600000000000e+00  1.720000000000e+00  2.272000000000e-01
 1.600000000000e+00  1.800000000000e+00 -8.000000000000e-02
 1.600000000000e+00  1.880000000000e+00 -4.128000000000e-01
 1.600000000000e+00  1.960000000000e+00 -7.712000000000e-01
 1.600000000000e+00  2.040000000000e+00 -1.155200000000e+00
 1.600000000000e+00  2.120000000000e+00 -1.564800000000e+00
 1.600000000000e+00  2.200000000000e+00 -2.000000000000e+00
 1.600000000000e+00  2.280000000000e+00 -2.460800000000e+00
 1.600000000000e+00  2.360000000000e+00 -2.947200000000e+00
 1.600000000000e+00  2.440000000000e+00 -3.459200000000e+00
 1.600000000000e+00  2.520000000000e+00 -3.996800000000e+00
 1.600000000000e+00  2.600000000000e+00 -4.560000000000e+00
 1.600000000000e+00  2.680000000000e+00 -5.148800000000e+00
 1.600000000000e+00  2.760000000000e+00 -5.763200000000e+00
 1.600000000000e+00  2.840000000000e+00 -6.403200000000e+00
 1.600000000000e+00  2.920000000000e+00 -7.068800000000e+00
 1.600000000000e+00  3.000000000000e+00 -7.760000000000e+00
 1.600000000000e+00  3.080000000000e+00 -8.476800000000e+00
 1.600000000000e+00  3.160000000000e+00 -9.219200000000e+00
 1.600000000000e+00  3.240000000000e+00 -9.987200000000e+00
 1.600000000000e+00  3.320000000000e+00 -1.078080000000e+01
 1.600000000000e+00  3.400000000000e+00 -1.160000000000e+01
 1.600000000000e+00  3.480000000000e+00 -1.244480000000e+01
 1.600000000000e+00  3.560000000000e+00 -1.331520000000e+01
 1.600000000000e+00  3.640000000000e+00 -1.421120000000e+01
 1.600000000000e+00  3.720000000000e+00 -1.513280000000e+01
 1.600000000000e+00  3.800000000000e+00 -1.608000000000e+01
 1.600000000000e+00  3.880000000000e+00 -1.705280000000e+01
 1.600000000000e+00  3.960000000000e+00 -1.805120000000e+01
 1.600000000000e+00  4.040000000000e+00 -1.907520000000e+01
 1.600000000000e+00  4.120000000000e+00 -2.012480000000e+01
 1.600000000000e+00  4.200000000000e+00 -2.120000000000e+01
 1.600000000000e+00  4.280000000000e+00 -2.230080000000e+01
 1.600000000000e+00  4.360000000000e+00 -2.342720000000e+01
 1.600000000000e+00  4.440000000000e+00 -2.457920000000e+01
 1.600000000000e+00  4.520000000000e+00 -2.575680000000e+01
 1.600000000000e+00  4.600000000000e+00 -2.696000000000e+01
 1.600000000000e+00  4.680000000000e+00 -2.818880000000e+01
 1.600000000000e+00  4.760000000000e+00 -2.944320000000e+01
 1.600000000000e+00  4.840000000000e+00 -3.072320000000e+01
 1.600000000000e+00  4.920000000000e+00 -3.202880000000e+01
 1.600000000000e+00  5.000000000000e+00 -3.336000000000e+01

 1.680000000000e+00 -3.000000000000e+00 -2.754240000000e+01
 1.680000000000e+00 -2.920000000000e+00 -2.632640000000e+01
 1.680000000000e+00 -2.840000000000e+00 -2.513600000000e+01
 1.680000000000e+00 -2.760000000000e+00 -2.397120000000e+01
 1.680000000000e+00 -2.680000000000e+00 -2.283200000000e+01
 1.680000000000e+00 -2.600000000000e+00 -2.171840000000e+01
 1.680000000000e+00 -2.520000000000e+00 -2.063040000000e+01
 1.680000000000e+00 -2.440000000000e+00 -1.956800000000e+01
 1.680000000000e+00 -2.360000000000e+00 -1.853120000000e+01
 1.680000000000e+00 -2.280000000000e+00 -1.752000000000e+01
 1.680000000000e+00 -2.200000000000e+00 -1.653440000000e+01
 1.680000000000e+00 -2.120000000000e+00 -1.557440000000e+01
 1.680000000000e+00 -2.040000000000e+00 -1.464000000000e+01
 1.680000000000e+00 -1.960000000000e+00 -1.373120000000e+01
 1.680000000000e+00 -1.880000000000e+00 -1.284800000000e+01
 1.680000000000e+00 -1.800000000000e+00 -1.199040000000e+01
 1.680000000000e+00 -1.720000000000e+00 -1.115840000000e+01
 1.680000000000e+00 -1.640000000000e+00 -1.035200000000e+01
 1.680000000000e+00 -1.560000000000e+00 -9.571200000000e+00
 1.680000000000e+00 -1.480000000000e+00 -8.816000000000e+00
 1.680000000000e+00 -1.400000000000e+00 -8.086400000000e+00
 1.680000000000e+00 -1.320000000000e+00 -7.382400000000e+00
 1.680000000000e+00 -1.240000000000e+00 -6.704000000000e+00
 1.680000000000e+00 -1.160000000000e+00 -6.051200000000e+00
 1.680000000000e+00 -1.080000000000e+00 -5.424000000000e+00
 1.680000000000e+00 -1.000000000000e+00 -4.822400000000e+00
 1.680000000000e+00 -9.200000000000e-01 -4.246400000000e+00
 1.680000000000e+00 -8.400000000000e-01 -3.696000000000e+00
 1.680000000000e+00 -7.600000000000e-01 -3.171200000000e+00
 1.680000000000e+00 -6.800000000000e-01 -2.672000000000e+00
 1.680000000000e+00 -6.000000000000e-01 -2.198400000000e+00
 1.680000000000e+00 -5.200000000000e-01 -1.750400000000e+00
 1.680000000000e+00 -4.400000000000e-01 -1.328000000000e+00
 1.680000000000e+00 -3.600000000000e-01 -9.312000000000e-01
 1.680000000000e+00 -2.800000000000e-01 -5.600000000000e-01
 1.680000000000e+00 -2.000000000000e-01 -2.144000000000e-01
 1.680000000000e+00 -1.200000000000e-01  1.056000000000e-01
 1.680000000000e+00 -4.000000000000e-02  4.000000000000e-01
 1.680000000000e+00  4.000000000000e-02  6.688000000000e-01
 1.680000000000e+00  1.200000000000e-01  9.120000000000e-01
 1.680000000000e+00  2.000000000000e-01  1.129600000000e+00
 1.680000000000e+00  2.800000000000e-01  1.321600000000e+00
 1.680000000000e+00  3.600000000000e-01  1.488000000000e+00
 1.680000000000e+00  4.400000000000e-01  1.628800000000e+00
 1.680000000000e+00  5.200000000000e-01  1.744000000000e+00
 1.680000000000e+00  6.000000000000e-01  1.833600000000e+00
 1.680000000000e+00  6.800000000000e-01  1.897600000000e+00
 1.680000000000e+00  7.600000000000e-01  1.936000000000e+00
 1.680000000000e+00  8.400000000000e-01  1.948800000000e+00
 1.680000000000e+00  9.200000000000e-01  1.936000000000e+00
 1.680000000000e+00  1.000000000000e+00  1.897600000000e+00
 1.680000000000e+00  1.080000000000e+00  1.833600000000e+00
 1.680000000000e+00  1.160000000000e+00  1.744000000000e+00
 1.680000000000e+00  1.240000000000e+00  1.628800000000e+00
 1.680000000000e+00  1.320000000000e+00  1.488000000000e+00
 1.680000000000e+00  1.400000000000e+00  1.321600000000e+00
 1.680000000000e+00  1.480000000000e+00  1.129600000000e+00
 1.680000000000e+00  1.560000000000e+00  9.120000000000e-01
 1.680000000000e+00  1.640000000000e+00  6.688000000000e-01
 1.680000000000e+00  1.720000000000e+00  4.000000000000e-01
 1.680000000000e+00  1.800000000000e+00  1.056000000000e-01
 1.680000000000e+00  1.880000000000e+00 -2.144000000000e-01
 1.680000000000e+00  1.960000000000e+00 -5.600000000000e-01
 1.680000000000e+00  2.040000000000e+00 -9.312000000000e-01
 1.680000000000e+00  2.120000000000e+00 -1.328000000000e+00
 1.680000000000e+00  2.200000000000e+00 -1.750400000000e+00
 1.680000000000e+00  2.280000000000e+00 -2.198400000000e+00
 1.680000000000e+00  2.360000000000e+00 -2.672000000000e+00
 1.680000000000e+00  2.440000000000e+00 -3.171200000000e+00
 1.680000000000e+00  2.520000000000e+00 -3.696000000000e+00
 1.680000000000e+00  2.600000000000e+00 -4.246400000000e+00
 1.680000000000e+00  2.680000000000e+00 -4.822400000000e+00
 1.680000000000e+00  2.760000000000e+00 -5.424000000000e+00
 1.680000000000e+00  2.840000000000e+00 -6.051200000000e+00
 1.680000000000e+00  2.920000000000e+00 -6.704000000000e+00
 1.680000000000e+00  3.000000000000e+00 -7.382400000000e+00
 1.680000000000e+00  3.080000000000e+00 -8.086400000000e+00
 1.680000000000e+00  3.160000000000e+00 -8.816000000000e+00
 1.680000000000e+00  3.240000000000e+00 -9.571200000000e+00
 1.680000000000e+00  3.320000000000e+00 -1.035200000000e+01
 1.680000000000e+00  3.400000000000e+00 -1.115840000000e+01
 1.680000000000e+00  3.480000000000e+00 -1.199040000000e+01
 1.680000000000e+00  3.560000000000e+00 -1.284800000000e+01
 1.680000000000e+00  3.640000000000e+00 -1.373120000000e+01
 1.680000000000e+00  3.720000000000e+00 -1.464000000000e+01
 1.680000000000e+00  3.800000000000e+00 -1.557440000000e+01
 1.680000000000e+00  3.880000000000e+00 -1.653440000000e+01
 1.680000000000e+00  3.960000000000e+00 -1.752000000000e+01
 1.680000000000e+00  4.040000000000e+00 -1.853120000000e+01
 1.680000000000e+00  4.120000000000e+00 -1.956800000000e+01
 1.680000000000e+00  4.200000000000e+00 -2.063040000000e+01
 1.680000000000e+00  4.280000000000e+00 -2.171840000000e+01
 1.680000000000e+00  4.360000000000e+00 -2.283200000000e+01
 1.680000000000e+00  4.440000000000e+00 -2.397120000000e+01
 1.680000000000e+00  4.520000000000e+00 -2.513600000000e+01
 1.680000000000e+00  4.600000000000e+00 -2.632640000000e+01
 1.680000000000e+00  4.680000000000e+00 -2.754240000000e+01
 1.680000000000e+00  4.760000000000e+00 -2.878400000000e+01
 1.680000000000e+00  4.840000000000e+00 -3.005120000000e+01
 1.680000000000e+00  4.920000000000e+00 -3.134400000000e+01
 1.680000000000e+00  5.000000000000e+00 -3.266240000000e+01

 1.760000000000e+00 -3.000000000000e+00 -2.813760000000e+01
 1.760000000000e+00 -2.920000000000e+00 -2.690880000000e+01
 1.760000000000e+00 -2.840000000000e+00 -2.570560000000e+01
 1.760000000000e+00 -2.760000000000e+00 -2.452800000000e+01
 1.760000000000e+00 -2.680000000000e+00 -2.337600000000e+01
 1.760000000000e+00 -2.600000000000e+00 -2.224960000000e+01
 1.760000000000e+00 -2.520000000000e+00 -2.114880000000e+01
 1.760000000000e+00 -2.440000000000e+00 -2.007360000000e+01
 1.760000000000e+00 -2.360000000000e+00 -1.902400000000e+01
 1.760000000000e+00 -2.280000000000e+00 -1.800000000000e+01
 1.760000000000e+00 -2.200000000000e+00 -1.700160000000e+01
 1.760000000000e+00 -2.120000000000e+00 -1.602880000000e+01
 1.760000000000e+00 -2.040000000000e+00 -1.508160000000e+01
 1.760000000000e+00 -1.960000000000e+00 -1.416000000000e+01
 1.760000000000e+00 -1.880000000000e+00 -1.326400000000e+01
 1.760000000000e+00 -1.800000000000e+00 -1.239360000000e+01
 1.760000000000e+00 -1.720000000000e+00 -1.154880000000e+01
 1.760000000000e+00 -1.640000000000e+00 -1.072960000000e+01
 1.760000000000e+00 -1.560000000000e+00 -9.936000000000e+00
 1.760000000000e+00 -1.480000000000e+00 -9.168000000000e+00
 1.760000000000e+00 -1.400000000000e+00 -8.425600000000e+00
 1.760000000000e+00 -1.320000000000e+00 -7.708800000000e+00
 1.760000000000e+00 -1.240000000000e+00 -7.017600000000e+00
 1.760000000000e+00 -1.160000000000e+00 -6.352000000000e+00
 1.760000000000e+00 -1.080000000000e+00 -5.712000000000e+00
 1.760000000000e+00 -1.000000000000e+00 -5.097600000000e+00
 1.760000000000e+00 -9.200000000000e-01 -4.508800000000e+00
 1.760000000000e+00 -8.400000000000e-01 -3.945600000000e+00
 1.760000000000e+00 -7.600000000000e-01 -3.408000000000e+00
 1.760000000000e+00 -6.800000000000e-01 -2.896000000000e+00
 1.760000000000e+00 -6.000000000000e-01 -2.409600000000e+00
 1.760000000000e+00 -5.200000000000e-01 -1.948800000000e+00
 1.760000000000e+00 -4.400000000000e-01 -1.513600000000e+00
 1.760000000000e+00 -3.600000000000e-01 -1.104000000000e+00
 1.760000000000e+00 -2.800000000000e-01 -7.200000000000e-01
 1.760000000000e+00 -2.000000000000e-01 -3.616000000000e-01
 1.760000000000e+00 -1.200000000000e-01 -2.880000000000e-02
 1.760000000000e+00 -4.000000000000e-02  2.784000000000e-01
 1.760000000000e+00  4.000000000000e-02  5.600000000000e-01
 1.760000000000e+00  1.200000000000e-01  8.160000000000e-01
 1.760000000000e+00  2.000000000000e-01  1.046400000000e+00
 1.760000000000e+00  2.800000000000e-01  1.251200000000e+00
 1.760000000000e+00  3.600000000000e-01  1.430400000000e+00
 1.760000000000e+00  4.400000000000e-01  1.584000000000e+00
 1.760000000000e+00  5.200000000000e-01  1.712000000000e+00
 1.760000000000e+00  6.000000000000e-01  1.814400000000e+00
 1.760000000000e+00  6.800000000000e-01  1.891200000000e+00
 1.760000000000e+00  7.600000000000e-01  1.942400000000e+00
 1.760000000000e+00  8.400000000000e-01  1.968000000000e+00
 1.760000000000e+00  9.200000000000e-01  1.968000000000e+00
 1.760000000000e+00  1.000000000000e+00  1.942400000000e+00
 1.760000000000e+00  1.080000000000e+00  1.891200000000e+00
 1.760000000000e+00  1.160000000000e+00  1.814400000000e+00
 1.760000000000e+00  1.240000000000e+00  1.712000000000e+00
 1.760000000000e+00  1.320000000000e+00  1.584000000000e+00
 1.760000000000e+00  1.400000000000e+00  1.430400000000e+00
 1.760000000000e+00  1.480000000000e+00  1.251200000000e+00
 1.760000000000e+00  1.560000000000e+00  1.046400000000e+00
 1.760000000000e+00  1.640000000000e+00  8.160000000000e-01
 1.760000000000e+00  1.720000000000e+00  5.600000000000e-01
 1.760000000000e+00  1.800000000000e+00  2.784000000000e-01
 1.760000000000e+00  1.880000000000e+00 -2.880000000000e-02
 1.760000000000e+00  1.960000000000e+00 -3.616000000000e-01
 1.760000000000e+00  2.040000000000e+00 -7.200000000000e-01
 1.760000000000e+00  2.120000000000e+00 -1.104000000000e+00
 1.760000000000e+00  2.200000000000e+00 -1.513600000000e+00
 1.760000000000e+00  2.280000000000e+00 -1.948800000000e+00
 1.760000000000e+00  2.360000000000e+00 -2.409600000000e+00
 1.760000000000e+00  2.440000000000e+00 -2.896000000000e+00
 1.760000000000e+00  2.520000000000e+00 -3.408000000000e+00
 1.760000000000e+00  2.600000000000e+00 -3.945600000000e+00
 1.760000000000e+00  2.680000000000e+00 -4.508800000000e+00
 1.760000000000e+00  2.760000000000e+00 -5.097600000000e+00
 1.760000000000e+00  2.840000000000e+00 -5.712000000000e+00
 1.760000000000e+00  2.920000000000e+00 -6.352000000000e+00
 1.760000000000e+00  3.000000000000e+00 -7.017600000000e+00
 1.760000000000e+00  3.080000000000e+00 -7.708800000000e+00
 1.760000000000e+00  3.160000000000e+00 -8.425600000000e+00
 1.760000000000e+00  3.240000000000e+00 -9.168000000000e+00
 1.760000000000e+00  3.320000000000e+00 -9.936000000000e+00
 1.760000000000e+00  3.400000000000e+00 -1.072960000000e+01
 1.760000000000e+00  3.480000000000e+00 -1.154880000000e+01
 1.760000000000e+00  3.560000000000e+00 -1.239360000000e+01
 1.760000000000e+00  3.640000000000e+00 -1.326400000000e+01
 1.760000000000e+00  3.720000000000e+00 -1.416000000000e+01
 1.760000000000e+00  3.800000000000e+00 -1.508160000000e+01
 1.760000000000e+00  3.880000000000e+00 -1.602880000000e+01
 1.760000000000e+00  3.960000000000e+00 -1.700160000000e+01
 1.760000000000e+00  4.040000000000e+00 -1.800000000000e+01
 1.760000000000e+00  4.120000000000e+00 -1.902400000000e+01
 1.760000000000e+00  4.200000000000e+00 -2.007360000000e+01
 1.760000000000e+00  4.280000000000e+00 -2.114880000000e+01
 1.760000000000e+00  4.360000000000e+00 -2.224960000000e+01
 1.760000000000e+00  4.440000000000e+00 -2.337600000000e+01
 1.760000000000e+00  4.520000000000e+00 -2.452800000000e+01
 1.760000000000e+00  4.600000000000e+00 -2.570560000000e+01
 1.760000000000e+00  4.680000000000e+00 -2.690880000000e+01
 1.760000000000e+00  4.760000000000e+00 -2.813760000000e+01
 1.760000000000e+00  4.840000000000e+00 -2.939200000000e+01
 1.760000000000e+00  4.920000000000e+00 -3.067200000000e+01
 1.760000000000e+00  5.000000000000e+00 -3.197760000000e+01

 1.840000000000e+00 -3.000000000000e+00 -2.874560000000e+01
 1.840000000000e+00 -2.920000000000e+00 -2.750400000000e+01
 1.840000000000e+00 -2.840000000000e+00 -2.628800000000e+01
 1.840000000000e+00 -2.760000000000e+00 -2.509760000000e+01
 1.840000000000e+00 -2.680000000000e+00 -2.393280000000e+01
 1.840000000000e+00 -2.600000000000e+00 -2.279360000000e+01
 1.840000000000e+00 -2.520000000000e+00 -2.168000000000e+01
 1.840000000000e+00 -2.440000000000e+00 -2.059200000000e+01
 1.840000000000e+00 -2.360000000000e+00 -1.952960000000e+01
 1.840000000000e+00 -2.280000000000e+00 -1.849280000000e+01
 1.840000000000e+00 -2.200000000000e+00 -1.748160000000e+01
 1.840000000000e+00 -2.120000000000e+00 -1.649600000000e+01
 1.840000000000e+00 -2.040000000000e+00 -1.553600000000e+01
 1.840000000000e+00 -1.960000000000e+00 -1.460160000000e+01
 1.840000000000e+00 -1.880000000000e+00 -1.369280000000e+01
 1.840000000000e+00 -1.800000000000e+00 -1.280960000000e+01
 1.840000000000e+00 -1.720000000000e+00 -1.195200000000e+01
 1.840000000000e+00 -1.640000000000e+00 -1.112000000000e+01
 1.840000000000e+00 -1.560000000000e+00 -1.031360000000e+01
 1.840000000000e+00 -1.480000000000e+00 -9.532800000000e+00
 1.840000000000e+00 -1.400000000000e+00 -8.777600000000e+00
 1.840000000000e+00 -1.320000000000e+00 -8.048000000000e+00
 1.840000000000e+00 -1.240000000000e+00 -7.344000000000e+00
 1.840000000000e+00 -1.160000000000e+00 -6.665600000000e+00
 1.840000000000e+00 -1.080000000000e+00 -6.012800000000e+00
 1.840000000000e+00 -1.000000000000e+00 -5.385600000000e+00
 1.840000000000e+00 -9.200000000000e-01 -4.784000000000e+00
 1.840000000000e+00 -8.400000000000e-01 -4.208000000000e+00
 1.840000000000e+00 -7.600000000000e-01 -3.657600000000e+00
 1.840000000000e+00 -6.800000000000e-01 -3.132800000000e+00
 1.840000000000e+00 -6.000000000000e-01 -2.633600000000e+00
 1.840000000000e+00 -5.200000000000e-01 -2.160000000000e+00
 1.840000000000e+00 -4.400000000000e-01 -1.712000000000e+00
 1.840000000000e+00 -3.600000000000e-01 -1.289600000000e+00
 1.840000000000e+00 -2.800000000000e-01 -8.928000000000e-01
 1.840000000000e+00 -2.000000000000e-01 -5.216000000000e-01
 1.840000000000e+00 -1.200000000000e-01 -1.760000000000e-01
 1.840000000000e+00 -4.000000000000e-02  1.440000000000e-01
 1.840000000000e+00  4.000000000000e-02  4.384000000000e-01
 1.840000000000e+00  1.200000000000e-01  7.072000000000e-01
 1.840000000000e+00  2.000000000000e-01  9.504000000000e-01
 1.840000000000e+00  2.800000000000e-01  1.168000000000e+00
 1.840000000000e+00  3.600000000000e-01  1.360000000000e+00
 1.840000000000e+00  4.400000000000e-01  1.526400000000e+00
 1.840000000000e+00  5.200000000000e-01  1.667200000000e+00
 1.840000000000e+00  6.000000000000e-01  1.782400000000e+00
 1.840000000000e+00  6.800000000000e-01  1.872000000000e+00
 1.840000000000e+00  7.600000000000e-01  1.936000000000e+00
 1.840000000000e+00  8.400000000000e-01  1.974400000000e+00
 1.840000000000e+00  9.200000000000e-01  1.987200000000e+00
 1.840000000000e+00  1.000000000000e+00  1.974400000000e+00
 1.840000000000e+00  1.080000000000e+00  1.936000000000e+00
 1.840000000000e+00  1.160000000000e+00  1.872000000000e+00
 1.840000000000e+00  1.240000000000e+00  1.782400000000e+00
 1.840000000000e+00  1.320000000000e+00  1.667200000000e+00
 1.840000000000e+00  1.400000000000e+00  1.526400000000e+00
 1.840000000000e+00  1.480000000000e+00  1.360000000000e+00
 1.840000000000e+00  1.560000000000e+00  1.168000000000e+00
 1.840000000000e+00  1.640000000000e+00  9.504000000000e-01
 1.840000000000e+00  1.720000000000e+00  7.072000000000e-01
 1.840000000000e+00  1.800000000000e+00  4.384000000000e-01
 1.840000000000e+00  1.880000000000e+00  1.440000000000e-01
 1.840000000000e+00  1.960000000000e+00 -1.760000000000e-01
 1.840000000000e+00  2.040000000000e+00 -5.216000000000e-01
 1.840000000000e+00  2.120000000000e+00 -8.928000000000e-01
 1.840000000000e+00  2.200000000000e+00 -1.289600000000e+00
 1.840000000000e+00  2.280000000000e+00 -1.712000000000e+00
 1.840000000000e+00  2.360000000000e+00 -2.160000000000e+00
 1.840000000000e+00  2.440000000000e+00 -2.633600000000e+00
 1.840000000000e+00  2.520000000000e+00 -3.132800000000e+00
 1.840000000000e+00  2.600000000000e+00 -3.657600000000e+00
 1.840000000000e+00  2.680000000000e+00 -4.208000000000e+00
 1.840000000000e+00  2.760000000000e+00 -4.784000000000e+00
 1.840000000000e+00  2.840000000000e+00 -5.385600000000e+00
 1.840000000000e+00  2.920000000000e+00 -6.012800000000e+00
 1.840000000000e+00  3.000000000000e+00 -6.665600000000e+00
 1.840000000000e+00  3.080000000000e+00 -7.344000000000e+00
 1.840000000000e+00  3.160000000000e+00 -8.048000000000e+00
 1.840000000000e+00  3.240000000000e+00 -8.777600000000e+00
 1.840000000000e+00  3.320000000000e+00 -9.532800000000e+00
 1.840000000000e+00  3.400000000000e+00 -1.031360000000e+01
 1.840000000000e+00  3.480000000000e+00 -1.112000000000e+01
 1.840000000000e+00  3.560000000000e+00 -1.195200000000e+01
 1.840000000000e+00  3.640000000000e+00 -1.280960000000e+01
 1.840000000000e+00  3.720000000000e+00 -1.369280000000e+01
 1.840000000000e+00  3.800000000000e+00 -1.460160000000e+01
 1.840000000000e+00  3.880000000000e+00 -1.553600000000e+01
 1.840000000000e+00  3.960000000000e+00 -1.649600000000e+01
 1.840000000000e+00  4.040000000000e+00 -1.748160000000e+01
 1.840000000000e+00  4.120000000000e+00 -1.849280000000e+01
 1.840000000000e+00  4.200000000000e+00 -1.952960000000e+01
 1.840000000000e+00  4.280000000000e+00 -2.059200000000e+01
 1.840000000000e+00  4.360000000000e+00 -2.168000000000e+01
 1.840000000000e+00  4.440000000000e+00 -2.279360000000e+01
 1.840000000000e+00  4.520000000000e+00 -2.393280000000e+01
 1.840000000000e+00  4.600000000000e+00 -2.509760000000e+01
 1.840000000000e+00  4.680000000000e+00 -2.628800000000e+01
 1.840000000000e+00  4.760000000000e+00 -2.750400000000e+01
 1.840000000000e+00  4.840000000000e+00 -2.874560000000e+01
 1.840000000000e+00  4.920000000000e+00 -3.001280000000e+01
 1.840000000000e+00  5.000000000000e+00 -3.130560000000e+01

 1.920000000000e+00 -3.000000000000e+00 -2.936640000000e+01
 1.920000000000e+00 -2.920000000000e+00 -2.811200000000e+01
 1.920000000000e+00 -2.840000000000e+00 -2.688320000000e+01
 1.920000000000e+00 -2.760000000000e+00 -2.568000000000e+01
 1.920000000000e+00 -2.680000000000e+00 -2.450240000000e+01
 1.920000000000e+00 -2.600000000000e+00 -2.335040000000e+01
 1.920000000000e+00 -2.520000000000e+00 -2.222400000000e+01
 1.920000000000e+00 -2.440000000000e+00 -2.112320000000e+01
 1.920000000000e+00 -2.360000000000e+00 -2.004800000000e+01
 1.920000000000e+00 -2.280000000000e+00 -1.899840000000e+01
 1.920000000000e+00 -2.200000000000e+00 -1.797440000000e+01
 1.920000000000e+00 -2.120000000000e+00 -1.697600000000e+01
 1.920000000000e+00 -2.040000000000e+00 -1.600320000000e+01
 1.920000000000e+00 -1.960000000000e+00 -1.505600000000e+01
 1.920000000000e+00 -1.880000000000e+00 -1.413440000000e+01
 1.920000000000e+00 -1.800000000000e+00 -1.323840000000e+01
 1.920000000000e+00 -1.720000000000e+00 -1.236800000000e+01
 1.920000000000e+00 -1.640000000000e+00 -1.152320000000e+01
 1.920000000000e+00 -1.560000000000e+00 -1.070400000000e+01
 1.920000000000e+00 -1.480000000000e+00 -9.910400000000e+00
 1.920000000000e+00 -1.400000000000e+00 -9.142400000000e+00
 1.920000000000e+00 -1.320000000000e+00 -8.400000000000e+00
 1.920000000000e+00 -1.240000000000e+00 -7.683200000000e+00
 1.920000000000e+00 -1.160000000000e+00 -6.992000000000e+00
 1.920000000000e+00 -1.080000000000e+00 -6.326400000000e+00
 1.920000000000e+00 -1.000000000000e+00 -5.686400000000e+00
 1.920000000000e+00 -9.200000000000e-01 -5.072000000000e+00
 1.920000000000e+00 -8.400000000000e-01 -4.483200000000e+00
 1.920000000000e+00 -7.600000000000e-01 -3.920000000000e+00
 1.920000000000e+00 -6.800000000000e-01 -3.382400000000e+00
 1.920000000000e+00 -6.000000000000e-01 -2.870400000000e+00
 1.920000000000e+00 -5.200000000000e-01 -2.384000000000e+00
 1.920000000000e+00 -4.400000000000e-01 -1.923200000000e+00
 1.920000000000e+00 -3.600000000000e-01 -1.488000000000e+00
 1.920000000000e+00 -2.800000000000e-01 -1.078400000000e+00
 1.920000000000e+00 -2.000000000000e-01 -6.944000000000e-01
 1.920000000000e+00 -1.200000000000e-01 -3.360000000000e-01
 1.920000000000e+00 -4.000000000000e-02 -3.200000000000e-03
 1.920000000000e+00  4.000000000000e-02  3.040000000000e-01
 1.920000000000e+00  1.200000000000e-01  5.856000000000e-01
 1.920000000000e+00  2.000000000000e-01  8.416000000000e-01
 1.920000000000e+00  2.800000000000e-01  1.072000000000e+00
 1.920000000000e+00  3.600000000000e-01  1.276800000000e+00
 1.920000000000e+00  4.400000000000e-01  1.456000000000e+00
 1.920000000000e+00  5.200000000000e-01  1.609600000000e+00
 1.920000000000e+00  6.000000000000e-01  1.737600000000e+00
 1.920000000000e+00  6.800000000000e-01  1.840000000000e+00
 1.920000000000e+00  7.600000000000e-01  1.916800000000e+00
 1.920000000000e+00  8.400000000000e-01  1.968000000000e+00
 1.920000000000e+00  9.200000000000e-01  1.993600000000e+00
 1.920000000000e+00  1.000000000000e+00  1.993600000000e+00
 1.920000000000e+00  1.080000000000e+00  1.968000000000e+00
 1.920000000000e+00  1.160000000000e+00  1.916800000000e+00
 1.920000000000e+00  1.240000000000e+00  1.840000000000e+00
 1.920000000000e+00  1.320000000000e+00  1.737600000000e+00
 1.920000000000e+00  1.400000000000e+00  1.609600000000e+00
 1.920000000000e+00  1.480000000000e+00  1.456000000000e+00
 1.920000000000e+00  1.560000000000e+00  1.276800000000e+00
 1.920000000000e+00  1.640000000000e+00  1.072000000000e+00
 1.920000000000e+00  1.720000000000e+00  8.416000000000e-01
 1.920000000000e+00  1.800000000000e+00  5.856000000000e-01
 1.920000000000e+00  1.880000000000e+00  3.040000000000e-01
 1.920000000000e+00  1.960000000000e+00 -3.200000000001e-03
 1.920000000000e+00  2.040000000000e+00 -3.360000000000e-01
 1.920000000000e+00  2.120000000000e+00 -6.944000000000e-01
 1.920000000000e+00  2.200000000000e+00 -1.078400000000e+00
 1.920000000000e+00  2.280000000000e+00 -1.488000000000e+00
 1.920000000000e+00  2.360000000000e+00 -1.923200000000e+00
 1.920000000000e+00  2.440000000000e+00 -2.384000000000e+00
 1.920000000000e+00  2.520000000000e+00 -2.870400000000e+00
 1.920000000000e+00  2.600000000000e+00 -3.382400000000e+00
 1.920000000000e+00  2.680000000000e+00 -3.920000000000e+00
 1.920000000000e+00  2.760000000000e+00 -4.483200000000e+00
 1.920000000000e+00  2.840000000000e+00 -5.072000000000e+00
 1.920000000000e+00  2.920000000000e+00 -5.686400000000e+00
 1.920000000000e+00  3.000000000000e+00 -6.326400000000e+00
 1.920000000000e+00  3.080000000000e+00 -6.992000000000e+00
 1.920000000000e+00  3.160000000000e+00 -7.683200000000e+00
 1.920000000000e+00  3.240000000000e+00 -8.400000000000e+00
 1.920000000000e+00  3.320000000000e+00 -9.142400000000e+00
 1.920000000000e+00  3.400000000000e+00 -9.910400000000e+00
 1.920000000000e+00  3.480000000000e+00 -1.070400000000e+01
 1.920000000000e+00  3.560000000000e+00 -1.152320000000e+01
 1.920000000000e+00  3.640000000000e+00 -1.236800000000e+01
 1.920000000000e+00  3.720000000000e+00 -1.323840000000e+01
 1.920000000000e+00  3.800000000000e+00 -1.413440000000e+01
 1.920000000000e+00  3.880000000000e+00 -1.505600000000e+01
 1.920000000000e+00  3.960000000000e+00 -1.600320000000e+01
 1.920000000000e+00  4.040000000000e+00 -1.697600000000e+01
 1.920000000000e+00  4.120000000000e+00 -1.797440000000e+01
 1.920000000000e+00  4.200000000000e+00 -1.899840000000e+01
 1.920000000000e+00  4.280000000000e+00 -2.004800000000e+01
 1.920000000000e+00  4.360000000000e+00 -2.112320000000e+01
 1.920000000000e+00  4.440000000000e+00 -2.222400000000e+01
 1.920000000000e+00  4.520000000000e+00 -2.335040000000e+01
 1.920000000000e+00  4.600000000000e+00 -2.450240000000e+01
 1.920000000000e+00  4.680000000000e+00 -2.568000000000e+01
 1.920000000000e+00  4.760000000000e+00 -2.688320000000e+01
 1.920000000000e+00  4.840000000000e+00 -2.811200000000e+01
 1.920000000000e+00  4.920000000000e+00 -2.936640000000e+01
 1.920000000000e+00  5.000000000000e+00 -3.064640000000e+01

 2.000000000000e+00 -3.000000000000e+00 -3.000000000000e+01
 2.000000000000e+00 -2.920000000000e+00 -2.873280000000e+01
 2.000000000000e+00 -2.840000000000e+00 -2.749120000000e+01
 2.000000000000e+00 -2.760000000000e+00 -2.627520000000e+01
 2.000000000000e+00 -2.680000000000e+00 -2.508480000000e+01
 2.000000000000e+00 -2.600000000000e+00 -2.392000000000e+01
 2.000000000000e+00 -2.520000000000e+00 -2.278080000000e+01
 2.000000000000e+00 -2.440000000000e+00 -2.166720000000e+01
 2.000000000000e+00 -2.360000000000e+00 -2.057920000000e+01
 2.000000000000e+00 -2.280000000000e+00 -1.951680000000e+01
 2.000000000000e+00 -2.200000000000e+00 -1.848000000000e+01
 2.000000000000e+00 -2.120000000000e+00 -1.746880000000e+01
 2.000000000000e+00 -2.040000000000e+00 -1.648320000000e+01
 2.000000000000e+00 -1.960000000000e+00 -1.552320000000e+01
 2.000000000000e+00 -1.880000000000e+00 -1.458880000000e+01
 2.000000000000e+00 -1.800000000000e+00 -1.368000000000e+01
 2.000000000000e+00 -1.720000000000e+00 -1.279680000000e+01
 2.000000000000e+00 -1.640000000000e+00 -1.193920000000e+01
 2.000000000000e+00 -1.560000000000e+00 -1.110720000000e+01
 2.000000000000e+00 -1.480000000000e+00 -1.030080000000e+01
 2.000000000000e+00 -1.400000000000e+00 -9.520000000000e+00
 2.000000000000e+00 -1.320000000000e+00 -8.764800000000e+00
 2.000000000000e+00 -1.240000000000e+00 -8.035200000000e+00
 2.000000000000e+00 -1.160000000000e+00 -7.331200000000e+00
 2.000000000000e+00 -1.080000000000e+00 -6.652800000000e+00
 2.000000000000e+00 -1.000000000000e+00 -6.000000000000e+00
 2.000000000000e+00 -9.200000000000e-01 -5.372800000000e+00
 2.000000000000e+00 -8.400000000000e-01 -4.771200000000e+00
 2.000000000000e+00 -7.600000000000e-01 -4.195200000000e+00
 2.000000000000e+00 -6.800000000000e-01 -3.644800000000e+00
 2.000000000000e+00 -6.000000000000e-01 -3.120000000000e+00
 2.000000000000e+00 -5.200000000000e-01 -2.620800000000e+00
 2.000000000000e+00 -4.400000000000e-01 -2.147200000000e+00
 2.000000000000e+00 -3.600000000000e-01 -1.699200000000e+00
 2.000000000000e+00 -2.800000000000e-01 -1.276800000000e+00
 2.000000000000e+00 -2.000000000000e-01 -8.800000000000e-01
 2.000000000000e+00 -1.200000000000e-01 -5.088000000000e-01
 2.000000000000e+00 -4.000000000000e-02 -1.632000000000e-01
 2.000000000000e+00  4.000000000000e-02  1.568000000000e-01
 2.000000000000e+00  1.200000000000e-01  4.512000000000e-01
 2.000000000000e+00  2.000000000000e-01  7.200000000000e-01
 2.000000000000e+00  2.800000000000e-01  9.632000000000e-01
 2.000000000000e+00  3.600000000000e-01  1.180800000000e+00
 2.000000000000e+00  4.400000000000e-01  1.372800000000e+00
 2.000000000000e+00  5.200000000000e-01  1.539200000000e+00
 2.000000000000e+00  6.000000000000e-01  1.680000000000e+00
 2.000000000000e+00  6.800000000000e-01  1.795200000000e+00
 2.000000000000e+00  7.600000000000e-01  1.884800000000e+00
 2.000000000000e+00  8.400000000000e-01  1.948800000000e+00
 2.000000000000e+00  9.200000000000e-01  1.987200000000e+00
 2.000000000000e+00  1.000000000000e+00  2.000000000000e+00
 2.000000000000e+00  1.080000000000e+00  1.987200000000e+00
 2.000000000000e+00  1.160000000000e+00  1.948800000000e+00
 2.000000000000e+00  1.240000000000e+00  1.884800000000e+00
 2.000000000000e+00  1.320000000000e+00  1.795200000000e+00
 2.000000000000e+00  1.400000000000e+00  1.680000000000e+00
 2.000000000000e+00  1.480000000000e+00  1.539200000000e+00
 2.000000000000e+00  1.560000000000e+00  1.372800000000e+00
 2.000000000000e+00  1.640000000000e+00  1.180800000000e+00
 2.000000000000e+00  1.720000000000e+00  9.632000000000e-01
 2.000000000000e+00  1.800000000000e+00  7.200000000000e-01
 2.000000000000e+00  1.880000000000e+00  4.512000000000e-01
 2.000000000000e+00  1.960000000000e+00  1.568000000000e-01
 2.000000000000e+00  2.040000000000e+00 -1.632000000000e-01
 2.000000000000e+00  2.120000000000e+00 -5.088000000000e-01
 2.000000000000e+00  2.200000000000e+00 -8.800000000000e-01
 2.000000000000e+00  2.280000000000e+00 -1.276800000000e+00
 2.000000000000e+00  2.360000000000e+00 -1.699200000000e+00
 2.000000000000e+00  2.440000000000e+00 -2.147200000000e+00
 2.000000000000e+00  2.520000000000e+00 -2.620800000000e+00
 2.000000000000e+00  2.600000000000e+00 -3.120000000000e+00
 2.000000000000e+00  2.680000000000e+00 -3.644800000000e+00
 2.000000000000e+00  2.760000000000e+00 -4.195200000000e+00
 2.000000000000e+00  2.840000000000e+00 -4.771200000000e+00
 2.000000000000e+00  2.920000000000e+00 -5.372800000000e+00
 2.000000000000e+00  3.000000000000e+00 -6.000000000000e+00
 2.000000000000e+00  3.080000000000e+00 -6.652800000000e+00
 2.000000000000e+00  3.160000000000e+00 -7.331200000000e+00
 2.000000000000e+00  3.240000000000e+00 -8.035200000000e+00
 2.000000000000e+00  3.320000000000e+00 -8.764800000000e+00
 2.000000000000e+00  3.400000000000e+00 -9.520000000000e+00
 2.000000000000e+00  3.480000000000e+00 -1.030080000000e+01
 2.000000000000e+00  3.560000000000e+00 -1.110720000000e+01
 2.000000000000e+00  3.640000000000e+00 -1.193920000000e+01
 2.000000000000e+00  3.720000000000e+00 -1.279680000000e+01
 2.000000000000e+00  3.800000000000e+00 -1.368000000000e+01
 2.000000000000e+00  3.880000000000e+00 -1.458880000000e+01
 2.000000000000e+00  3.960000000000e+00 -1.552320000000e+01
 2.000000000000e+00  4.040000000000e+00 -1.648320000000e+01
 2.000000000000e+00  4.120000000000e+00 -1.746880000000e+01
 2.000000000000e+00  4.200000000000e+00 -1.848000000000e+01
 2.000000000000e+00  4.280000000000e+00 -1.951680000000e+01
 2.000000000000e+00  4.360000000000e+00 -2.057920000000e+01
 2.000000000000e+00  4.440000000000e+00 -2.166720000000e+01
 2.000000000000e+00  4.520000000000e+00 -2.278080000000e+01
 2.000000000000e+00  4.600000000000e+00 -2.392000000000e+01
 2.000000000000e+00  4.680000000000e+00 -2.508480000000e+01
 2.000000000000e+00  4.760000000000e+00 -2.627520000000e+01
 2.000000000000e+00  4.840000000000e+00 -2.749120000000e+01
 2.000000000000e+00  4.920000000000e+00 -2.873280000000e+01
 2.000000000000e+00  5.000000000000e+00 -3.000000000000e+01

 2.080000000000e+00 -3.000000000000e+00 -3.064640000000e+01
 2.080000000000e+00 -2.920000000000e+00 -2.936640000000e+01
 2.080000000000e+00 -2.840000000000e+00 -2.811200000000e+01
 2.080000000000e+00 -2.760000000000e+00 -2.688320000000e+01
 2.080000000000e+00 -2.680000000000e+00 -2.568000000000e+01
 2.080000000000e+00 -2.600000000000e+00 -2.450240000000e+01
 2.080000000000e+00 -2.520000000000e+00 -2.335040000000e+01
 2.080000000000e+00 -2.440000000000e+00 -2.222400000000e+01
 2.080000000000e+00 -2.360000000000e+00 -2.112320000000e+01
 2.080000000000e+00 -2.280000000000e+00 -2.004800000000e+01
 2.080000000000e+00 -2.200000000000e+00 -1.899840000000e+01
 2.080000000000e+00 -2.120000000000e+00 -1.797440000000e+01
 2.080000000000e+00 -2.040000000000e+00 -1.697600000000e+01
 2.080000000000e+00 -1.960000000000e+00 -1.600320000000e+01
 2.080000000000e+00 -1.880000000000e+00 -1.505600000000e+01
 2.080000000000e+00 -1.800000000000e+00 -1.413440000000e+01
 2.080000000000e+00 -1.720000000000e+00 -1.323840000000e+01
 2.080000000000e+00 -1.640000000000e+00 -1.236800000000e+01
 2.080000000000e+00 -1.560000000000e+00 -1.152320000000e+01
 2.080000000000e+00 -1.480000000000e+00 -1.070400000000e+01
 2.080000000000e+00 -1.400000000000e+00 -9.910400000000e+00
 2.080000000000e+00 -1.320000000000e+00 -9.142400000000e+00
 2.080000000000e+00 -1.240000000000e+00 -8.400000000000e+00
 2.080000000000e+00 -1.160000000000e+00 -7.683200000000e+00
 2.080000000000e+00 -1.080000000000e+00 -6.992000000000e+00
 2.080000000000e+00 -1.000000000000e+00 -6.326400000000e+00
 2.080000000000e+00 -9.200000000000e-01 -5.686400000000e+00
 2.080000000000e+00 -8.400000000000e-01 -5.072000000000e+00
 2.080000000000e+00 -7.600000000000e-01 -4.483200000000e+00
 2.080000000000e+00 -6.800000000000e-01 -3.920000000000e+00
 2.080000000000e+00 -6.000000000000e-01 -3.382400000000e+00
 2.080000000000e+00 -5.200000000000e-01 -2.870400000000e+00
 2.080000000000e+00 -4.400000000000e-01 -2.384000000000e+00
 2.080000000000e+00 -3.600000000000e-01 -1.923200000000e+00
 2.080000000000e+00 -2.800000000000e-01 -1.488000000000e+00
 2.080000000000e+00 -2.000000000000e-01 -1.078400000000e+00
 2.080000000000e+00 -1.200000000000e-01 -6.944000000000e-01
 2.080000000000e+00 -4.000000000000e-02 -3.360000000000e-01
 2.080000000000e+00  4.000000000000e-02 -3.200000000000e-03
 2.080000000000e+00  1.200000000000e-01  3.040000000000e-01
 2.080000000000e+00  2.000000000000e-01  5.856000000000e-01
 2.080000000000e+00  2.800000000000e-01  8.416000000000e-01
 2.080000000000e+00  3.600000000000e-01  1.072000000000e+00
 2.080000000000e+00  4.400000000000e-01  1.276800000000e+00
 2.080000000000e+00  5.200000000000e-01  1.456000000000e+00
 2.080000000000e+00  6.000000000000e-01  1.609600000000e+00
 2.080000000000e+00  6.800000000000e-01  1.737600000000e+00
 2.080000000000e+00  7.600000000000e-01  1.840000000000e+00
 2.080000000000e+00  8.400000000000e-01  1.916800000000e+00
 2.080000000000e+00  9.200000000000e-01  1.968000000000e+00
 2.080000000000e+00  1.000000000000e+00  1.993600000000e+00
 2.080000000000e+00  1.080000000000e+00  1.993600000000e+00
 2.080000000000e+00  1.160000000000e+00  1.968000000000e+00
 2.080000000000e+00  1.240000000000e+00  1.916800000000e+00
 2.080000000000e+00  1.320000000000e+00  1.840000000000e+00
 2.080000000000e+00  1.400000000000e+00  1.737600000000e+00
 2.080000000000e+00  1.480000000000e+00  1.609600000000e+00
 2.080000000000e+00  1.560000000000e+00  1.456000000000e+00
 2.080000000000e+00  1.640000000000e+00  1.276800000000e+00
 2.080000000000e+00  1.720000000000e+00  1.072000000000e+00
 2.080000000000e+00  1.800000000000e+00  8.416000000000e-01
 2.080000000000e+00  1.880000000000e+00  5.856000000000e-01
 2.080000000000e+00  1.960000000000e+00  3.040000000000e-01
 2.080000000000e+00  2.040000000000e+00 -3.200000000000e-03
 2.080000000000e+00  2.120000000000e+00 -3.360000000000e-01
 2.080000000000e+00  2.200000000000e+00 -6.944000000000e-01
 2.080000000000e+00  2.280000000000e+00 -1.078400000000e+00
 2.080000000000e+00  2.360000000000e+00 -1.488000000000e+00
 2.080000000000e+00  2.440000000000e+00 -1.923200000000e+00
 2.080000000000e+00  2.520000000000e+00 -2.384000000000e+00
 2.080000000000e+00  2.600000000000e+00 -2.870400000000e+00
 2.080000000000e+00  2.680000000000e+00 -3.382400000000e+00
 2.080000000000e+00  2.760000000000e+00 -3.920000000000e+00
 2.080000000000e+00  2.840000000000e+00 -4.483200000000e+00
 2.080000000000e+00  2.920000000000e+00 -5.072000000000e+00
 2.080000000000e+00  3.000000000000e+00 -5.686400000000e+00
 2.080000000000e+00  3.080000000000e+00 -6.326400000000e+00
 2.080000000000e+00  3.160000000000e+00 -6.992000000000e+00
 2.080000000000e+00  3.240000000000e+00 -7.683200000000e+00
 2.080000000000e+00  3.320000000000e+00 -8.400000000000e+00
 2.080000000000e+00  3.400000000000e+00 -9.142400000000e+00
 2.080000000000e+00  3.480000000000e+00 -9.910400000000e+00
 2.080000000000e+00  3.560000000000e+00 -1.070400000000e+01
 2.080000000000e+00  3.640000000000e+00 -1.152320000000e+01
 2.080000000000e+00  3.720000000000e+00 -1.236800000000e+01
 2.080000000000e+00  3.800000000000e+00 -1.323840000000e+01
 2.080000000000e+00  3.880000000000e+00 -1.413440000000e+01
 2.080000000000e+00  3.960000000000e+00 -1.505600000000e+01
 2.080000000000e+00  4.040000000000e+00 -1.600320000000e+01
 2.080000000000e+00  4.120000000000e+00 -1.697600000000e+01
 2.080000000000e+00  4.200000000000e+00 -1.797440000000e+01
 2.080000000000e+00  4.280000000000e+00 -1.899840000000e+01
 2.080000000000e+00  4.360000000000e+00 -2.004800000000e+01
 2.080000000000e+00  4.440000000000e+00 -2.112320000000e+01
 2.080000000000e+00  4.520000000000e+00 -2.222400000000e+01
 2.080000000000e+00  4.600000000000e+00 -2.335040000000e+01
 2.080000000000e+00  4.680000000000e+00 -2.450240000000e+01
 2.080000000000e+00  4.760000000000e+00 -2.568000000000e+01
 2.080000000000e+00  4.840000000000e+00 -2.688320000000e+01
 2.080000000000e+00  4.920000000000e+00 -2.811200000000e+01
 2.080000000000e+00  5.000000000000e+00 -2.936640000000e+01

 2.160000000000e+00 -3.000000000000e+00 -3.130560000000e+01
 2.160000000000e+00 -2.920000000000e+00 -3.001280000000e+01
 2.160000000000e+00 -2.840000000000e+00 -2.874560000000e+01
 2.160000000000e+00 -2.760000000000e+00 -2.750400000000e+01
 2.160000000000e+00 -2.680000000000e+00 -2.628800000000e+01
 2.160000000000e+00 -2.600000000000e+00 -2.509760000000e+01
 2.160000000000e+00 -2.520000000000e+00 -2.393280000000e+01
 2.160000000000e+00 -2.440000000000e+00 -2.279360000000e+01
 2.160000000000e+00 -2.360000000000e+00 -2.168000000000e+01
 2.160000000000e+00 -2.280000000000e+00 -2.059200000000e+01
 2.160000000000e+00 -2.200000000000e+00 -1.952960000000e+01
 2.160000000000e+00 -2.120000000000e+00 -1.849280000000e+01
 2.160000000000e+00 -2.040000000000e+00 -1.748160000000e+01
 2.160000000000e+00 -1.960000000000e+00 -1.649600000000e+01
 2.160000000000e+00 -1.880000000000e+00 -1.553600000000e+01
 2.160000000000e+00 -1.800000000000e+00 -1.460160000000e+01
 2.160000000000e+00 -1.720000000000e+00 -1.369280000000e+01
 2.160000000000e+00 -1.640000000000e+00 -1.280960000000e+01
 2.160000000000e+00 -1.560000000000e+00 -1.195200000000e+01
 2.160000000000e+00 -1.480000000000e+00 -1.112000000000e+01
 2.160000000000e+00 -1.400000000000e+00 -1.031360000000e+01
 2.160000000000e+00 -1.320000000000e+00 -9.532800000000e+00
 2.160000000000e+00 -1.240000000000e+00 -8.777600000000e+00
 2.160000000000e+00 -1.160000000000e+00 -8.048000000000e+00
 2.160000000000e+00 -1.080000000000e+00 -7.344000000000e+00
 2.160000000000e+00 -1.000000000000e+00 -6.665600000000e+00
 2.160000000000e+00 -9.200000000000e-01 -6.012800000000e+00
 2.160000000000e+00 -8.400000000000e-01 -5.385600000000e+00
 2.160000000000e+00 -7.600000000000e-01 -4.784000000000e+00
 2.160000000000e+00 -6.800000000000e-01 -4.208000000000e+00
 2.160000000000e+00 -6.000000000000e-01 -3.657600000000e+00
 2.160000000000e+00 -5.200000000000e-01 -3.132800000000e+00
 2.160000000000e+00 -4.400000000000e-01 -2.633600000000e+00
 2.160000000000e+00 -3.600000000000e-01 -2.160000000000e+00
 2.160000000000e+00 -2.800000000000e-01 -1.712000000000e+00
 2.160000000000e+00 -2.000000000000e-01 -1.289600000000e+00
 2.160000000000e+00 -1.200000000000e-01 -8.928000000000e-01
 2.160000000000e+00 -4.000000000000e-02 -5.216000000000e-01
 2.160000000000e+00  4.000000000000e-02 -1.760000000000e-01
 2.160000000000e+00  1.200000000000e-01  1.440000000000e-01
 2.160000000000e+00  2.000000000000e-01  4.384000000000e-01
 2.160000000000e+00  2.800000000000e-01  7.072000000000e-01
 2.160000000000e+00  3.600000000000e-01  9.504000000000e-01
 2.160000000000e+00  4.400000000000e-01  1.168000000000e+00
 2.160000000000e+00  5.200000000000e-01  1.360000000000e+00
 2.160000000000e+00  6.000000000000e-01  1.526400000000e+00
 2.160000000000e+00  6.800000000000e-01  1.667200000000e+00
 2.160000000000e+00  7.600000000000e-01  1.782400000000e+00
 2.160000000000e+00  8.400000000000e-01  1.872000000000e+00
 2.160000000000e+00  9.200000000000e-01  1.936000000000e+00
 2.160000000000e+00  1.000000000000e+00  1.974400000000e+00
 2.160000000000e+00  1.080000000000e+00  1.987200000000e+00
 2.160000000000e+00  1.160000000000e+00  1.974400000000e+00
 2.160000000000e+00  1.240000000000e+00  1.936000000000e+00
 2.160000000000e+00  1.320000000000e+00  1.872000000000e+00
 2.160000000000e+00  1.400000000000e+00  1.782400000000e+00
 2.160000000000e+00  1.480000000000e+00  1.667200000000e+00
 2.160000000000e+00  1.560000000000e+00  1.526400000000e+00
 2.160000000000e+00  1.640000000000e+00  1.360000000000e+00
 2.160000000000e+00  1.720000000000e+00  1.168000000000e+00
 2.160000000000e+00  1.800000000000e+00  9.504000000000e-01
 2.160000000000e+00  1.880000000000e+00  7.072000000000e-01
 2.160000000000e+00  1.960000000000e+00  4.384000000000e-01
 2.160000000000e+00  2.040000000000e+00  1.440000000000e-01
 2.160000000000e+00  2.120000000000e+00 -1.760000000000e-01
 2.160000000000e+00  2.200000000000e+00 -5.216000000000e-01
 2.160000000000e+00  2.280000000000e+00 -8.928000000000e-01
 2.160000000000e+00  2.360000000000e+00 -1.289600000000e+00
 2.160000000000e+00  2.440000000000e+00 -1.712000000000e+00
 2.160000000000e+00  2.520000000000e+00 -2.160000000000e+00
 2.160000000000e+00  2.600000000000e+00 -2.633600000000e+00
 2.160000000000e+00  2.680000000000e+00 -3.132800000000e+00
 2.160000000000e+00  2.760000000000e+00 -3.657600000000e+00
 2.160000000000e+00  2.840000000000e+00 -4.208000000000e+00
 2.160000000000e+00  2.920000000000e+00 -4.784000000000e+00
 2.160000000000e+00  3.000000000000e+00 -5.385600000000e+00
 2.160000000000e+00  3.080000000000e+00 -6.012800000000e+00
 2.160000000000e+00  3.160000000000e+00 -6.665600000000e+00
 2.160000000000e+00  3.240000000000e+00 -7.344000000000e+00
 2.160000000000e+00  3.320000000000e+00 -8.048000000000e+00
 2.160000000000e+00  3.400000000000e+00 -8.777600000000e+00
 2.160000000000e+00  3.480000000000e+00 -9.532800000000e+00
 2.160000000000e+00  3.560000000000e+00 -1.031360000000e+01
 2.160000000000e+00  3.640000000000e+00 -1.112000000000e+01
 2.160000000000e+00  3.720000000000e+00 -1.195200000000e+01
 2.160000000000e+00  3.800000000000e+00 -1.280960000000e+01
 2.160000000000e+00  3.880000000000e+00 -1.369280000000e+01
 2.160000000000e+00  3.960000000000e+00 -1.460160000000e+01
 2.160000000000e+00  4.040000000000e+00 -1.553600000000e+01
 2.160000000000e+00  4.120000000000e+00 -1.649600000000e+01
 2.160000000000e+00  4.200000000000e+00 -1.748160000000e+01
 2.160000000000e+00  4.280000000000e+00 -1.849280000000e+01
 2.160000000000e+00  4.360000000000e+00 -1.952960000000e+01
 2.160000000000e+00  4.440000000000e+00 -2.059200000000e+01
 2.160000000000e+00  4.520000000000e+00 -2.168000000000e+01
 2.160000000000e+00  4.600000000000e+00 -2.279360000000e+01
 2.160000000000e+00  4.680000000000e+00 -2.393280000000e+01
 2.160000000000e+00  4.760000000000e+00 -2.509760000000e+01
 2.160000000000e+00  4.840000000000e+00 -2.628800000000e+01
 2.160000000000e+00  4.920000000000e+00 -2.750400000000e+01
 2.160000000000e+00  5.000000000000e+00 -2.874560000000e+01

 2.240000000000e+00 -3.000000000000e+00 -3.197760000000e+01
 2.240000000000e+00 -2.920000000000e+00 -3.067200000000e+01
 2.240000000000e+00 -2.840000000000e+00 -2.939200000000e+01
 2.240000000000e+00 -2.760000000000e+00 -2.813760000000e+01
 2.240000000000e+00 -2.680000000000e+00 -2.690880000000e+01
 2.240000000000e+00 -2.600000000000e+00 -2.570560000000e+01
 2.240000000000e+00 -2.520000000000e+00 -2.452800000000e+01
 2.240000000000e+00 -2.440000000000e+00 -2.337600000000e+01
 2.240000000000e+00 -2.360000000000e+00 -2.224960000000e+01
 2.240000000000e+00 -2.280000000000e+00 -2.114880000000e+01
 2.240000000000e+00 -2.200000000000e+00 -2.007360000000e+01
 2.240000000000e+00 -2.120000000000e+00 -1.902400000000e+01
 2.240000000000e+00 -2.040000000000e+00 -1.800000000000e+01
 2.240000000000e+00 -1.960000000000e+00 -1.700160000000e+01
 2.240000000000e+00 -1.880000000000e+00 -1.602880000000e+01
 2.240000000000e+00 -1.800000000000e+00 -1.508160000000e+01
 2.240000000000e+00 -1.720000000000e+00 -1.416000000000e+01
 2.240000000000e+00 -1.640000000000e+00 -1.326400000000e+01
 2.240000000000e+00 -1.560000000000e+00 -1.239360000000e+01
 2.240000000000e+00 -1.480000000000e+00 -1.154880000000e+01
 2.240000000000e+00 -1.400000000000e+00 -1.072960000000e+01
 2.240000000000e+00 -1.320000000000e+00 -9.936000000000e+00
 2.240000000000e+00 -1.240000000000e+00 -9.168000000000e+00
 2.240000000000e+00 -1.160000000000e+00 -8.425600000000e+00
 2.240000000000e+00 -1.080000000000e+00 -7.708800000000e+00
 2.240000000000e+00 -1.000000000000e+00 -7.017600000000e+00
 2.240000000000e+00 -9.200000000000e-01 -6.352000000000e+00
 2.240000000000e+00 -8.400000000000e-01 -5.712000000000e+00
 2.240000000000e+00 -7.600000000000e-01 -5.097600000000e+00
 2.240000000000e+00 -6.800000000000e-01 -4.508800000000e+00
 2.240000000000e+00 -6.000000000000e-01 -3.945600000000e+00
 2.240000000000e+00 -5.200000000000e-01 -3.408000000000e+00
 2.240000000000e+00 -4.400000000000e-01 -2.896000000000e+00
 2.240000000000e+00 -3.600000000000e-01 -2.409600000000e+00
 2.240000000000e+00 -2.800000000000e-01 -1.948800000000e+00
 2.240000000000e+00 -2.000000000000e-01 -1.513600000000e+00
 2.240000000000e+00 -1.200000000000e-01 -1.104000000000e+00
 2.240000000000e+00 -4.000000000000e-02 -7.200000000000e-01
 2.240000000000e+00  4.000000000000e-02 -3.616000000000e-01
 2.240000000000e+00  1.200000000000e-01 -2.880000000000e-02
 2.240000000000e+00  2.000000000000e-01  2.784000000000e-01
 2.240000000000e+00  2.800000000000e-01  5.600000000000e-01
 2.240000000000e+00  3.600000000000e-01  8.160000000000e-01
 2.240000000000e+00  4.400000000000e-01  1.046400000000e+00
 2.240000000000e+00  5.200000000000e-01  1.251200000000e+00
 2.240000000000e+00  6.000000000000e-01  1.430400000000e+00
 2.240000000000e+00  6.800000000000e-01  1.584000000000e+00
 2.240000000000e+00  7.600000000000e-01  1.712000000000e+00
 2.240000000000e+00  8.400000000000e-01  1.814400000000e+00
 2.240000000000e+00  9.200000000000e-01  1.891200000000e+00
 2.240000000000e+00  1.000000000000e+00  1.942400000000e+00
 2.240000000000e+00  1.080000000000e+00  1.968000000000e+00
 2.240000000000e+00  1.160000000000e+00  1.968000000000e+00
 2.240000000000e+00  1.240000000000e+00  1.942400000000e+00
 2.240000000000e+00  1.320000000000e+00  1.891200000000e+00
 2.240000000000e+00  1.400000000000e+00  1.814400000000e+00
 2.240000000000e+00  1.480000000000e+00  1.712000000000e+00
 2.240000000000e+00  1.560000000000e+00  1.584000000000e+00
 2.240000000000e+00  1.640000000000e+00  1.430400000000e+00
 2.240000000000e+00  1.720000000000e+00  1.251200000000e+00
 2.240000000000e+00  1.800000000000e+00  1.046400000000e+00
 2.240000000000e+00  1.880000000000e+00  8.160000000000e-01
 2.240000000000e+00  1.960000000000e+00  5.600000000000e-01
 2.240000000000e+00  2.040000000000e+00  2.784000000000e-01
 2.240000000000e+00  2.120000000000e+00 -2.880000000000e-02
 2.240000000000e+00  2.200000000000e+00 -3.616000000000e-01
 2.240000000000e+00  2.280000000000e+00 -7.200000000000e-01
 2.240000000000e+00  2.360000000000e+00 -1.104000000000e+00
 2.240000000000e+00  2.440000000000e+00 -1.513600000000e+00
 2.240000000000e+00  2.520000000000e+00 -1.948800000000e+00
 2.240000000000e+00  2.600000000000e+00 -2.409600000000e+00
 2.240000000000e+00  2.680000000000e+00 -2.896000000000e+00
 2.240000000000e+00  2.760000000000e+00 -3.408000000000e+00
 2.240000000000e+00  2.840000000000e+00 -3.945600000000e+00
 2.240000000000e+00  2.920000000000e+00 -4.508800000000e+00
 2.240000000000e+00  3.000000000000e+00 -5.097600000000e+00
 2.240000000000e+00  3.080000000000e+00 -5.712000000000e+00
 2.240000000000e+00  3.160000000000e+00 -6.352000000000e+00
 2.240000000000e+00  3.240000000000e+00 -7.017600000000e+00
 2.240000000000e+00  3.320000000000e+00 -7.708800000000e+00
 2.240000000000e+00  3.400000000000e+00 -8.425600000000e+00
 2.240000000000e+00  3.480000000000e+00 -9.168000000000e+00
 2.240000000000e+00  3.560000000000e+00 -9.936000000000e+00
 2.240000000000e+00  3.640000000000e+00 -1.072960000000e+01
 2.240000000000e+00  3.720000000000e+00 -1.154880000000e+01
 2.240000000000e+00  3.800000000000e+00 -1.239360000000e+01
 2.240000000000e+00  3.880000000000e+00 -1.326400000000e+01
 2.240000000000e+00  3.960000000000e+00 -1.416000000000e+01
 2.240000000000e+00  4.040000000000e+00 -1.508160000000e+01
 2.240000000000e+00  4.120000000000e+00 -1.602880000000e+01
 2.240000000000e+00  4.200000000000e+00 -1.700160000000e+01
 2.240000000000e+00  4.280000000000e+00 -1.800000000000e+01
 2.240000000000e+00  4.360000000000e+00 -1.902400000000e+01
 2.240000000000e+00  4.440000000000e+00 -2.007360000000e+01
 2.240000000000e+00  4.520000000000e+00 -2.114880000000e+01
 2.240000000000e+00  4.600000000000e+00 -2.224960000000e+01
 2.240000000000e+00  4.680000000000e+00 -2.337600000000e+01
 2.240000000000e+00  4.760000000000e+00 -2.452800000000e+01
 2.240000000000e+00  4.840000000000e+00 -2.570560000000e+01
 2.240000000000e+00  4.920000000000e+00 -2.690880000000e+01
 2.240000000000e+00  5.000000000000e+00 -2.813760000000e+01

 2.320000000000e+00 -3.000000000000e+00 -3.266240000000e+01
 2.320000000000e+00 -2.920000000000e+00 -3.134400000000e+01
 2.320000000000e+00 -2.840000000000e+00 -3.005120000000e+01
 2.320000000000e+00 -2.760000000000e+00 -2.878400000000e+01
 2.320000000000e+00 -2.680000000000e+00 -2.754240000000e+01
 2.320000000000e+00 -2.600000000000e+00 -2.632640000000e+01
 2.320000000000e+00 -2.520000000000e+00 -2.513600000000e+01
 2.320000000000e+00 -2.440000000000e+00 -2.397120000000e+01
 2.320000000000e+00 -2.360000000000e+00 -2.283200000000e+01
 2.320000000000e+00 -2.280000000000e+00 -2.171840000000e+01
 2.320000000000e+00 -2.200000000000e+00 -2.063040000000e+01
 2.320000000000e+00 -2.120000000000e+00 -1.956800000000e+01
 2.320000000000e+00 -2.040000000000e+00 -1.853120000000e+01
 2.320000000000e+00 -1.960000000000e+00 -1.752000000000e+01
 2.320000000000e+00 -1.880000000000e+00 -1.653440000000e+01
 2.320000000000e+00 -1.800000000000e+00 -1.557440000000e+01
 2.320000000000e+00 -1.720000000000e+00 -1.464000000000e+01
 2.320000000000e+00 -1.640000000000e+00 -1.373120000000e+01
 2.320000000000e+00 -1.560000000000e+00 -1.284800000000e+01
 2.320000000000e+00 -1.480000000000e+00 -1.199040000000e+01
 2.320000000000e+00 -1.400000000000e+00 -1.115840000000e+01
 2.320000000000e+00 -1.320000000000e+00 -1.035200000000e+01
 2.320000000000e+00 -1.240000000000e+00 -9.571200000000e+00
 2.320000000000e+00 -1.160000000000e+00 -8.816000000000e+00
 2.320000000000e+00 -1.080000000000e+00 -8.086400000000e+00
 2.320000000000e+00 -1.000000000000e+00 -7.382400000000e+00
 2.320000000000e+00 -9.200000000000e-01 -6.704000000000e+00
 2.320000000000e+00 -8.400000000000e-01 -6.051200000000e+00
 2.320000000000e+00 -7.600000000000e-01 -5.424000000000e+00
 2.320000000000e+00 -6.800000000000e-01 -4.822400000000e+00
 2.320000000000e+00 -6.000000000000e-01 -4.246400000000e+00
 2.320000000000e+00 -5.200000000000e-01 -3.696000000000e+00
 2.320000000000e+00 -4.400000000000e-01 -3.171200000000e+00
 2.320000000000e+00 -3.600000000000e-01 -2.672000000000e+00
 2.320000000000e+00 -2.800000000000e-01 -2.198400000000e+00
 2.320000000000e+00 -2.000000000000e-01 -1.750400000000e+00
 2.320000000000e+00 -1.200000000000e-01 -1.328000000000e+00
 2.320000000000e+00 -4.000000000000e-02 -9.312000000000e-01
 2.320000000000e+00  4.000000000000e-02 -5.600000000000e-01
 2.320000000000e+00  1.200000000000e-01 -2.144000000000e-01
 2.320000000000e+00  2.000000000000e-01  1.056000000000e-01
 2.320000000000e+00  2.800000000000e-01  4.000000000000e-01
 2.320000000000e+00  3.600000000000e-01  6.688000000000e-01
 2.320000000000e+00  4.400000000000e-01  9.120000000000e-01
 2.320000000000e+00  5.200000000000e-01  1.129600000000e+00
 2.320000000000e+00  6.000000000000e-01  1.321600000000e+00
 2.320000000000e+00  6.800000000000e-01  1.488000000000e+00
 2.320000000000e+00  7.600000000000e-01  1.628800000000e+00
 2.320000000000e+00  8.400000000000e-01  1.744000000000e+00
 2.320000000000e+00  9.200000000000e-01  1.833600000000e+00
 2.320000000000e+00  1.000000000000e+00  1.897600000000e+00
 2.320000000000e+00  1.080000000000e+00  1.936000000000e+00
 2.320000000000e+00  1.160000000000e+00  1.948800000000e+00
 2.320000000000e+00  1.240000000000e+00  1.936000000000e+00
 2.320000000000e+00  1.320000000000e+00  1.897600000000e+00
 2.320000000000e+00  1.400000000000e+00  1.833600000000e+00
 2.320000000000e+00  1.480000000000e+00  1.744000000000e+00
 2.320000000000e+00  1.560000000000e+00  1.628800000000e+00
 2.320000000000e+00  1.640000000000e+00  1.488000000000e+00
 2.320000000000e+00  1.720000000000e+00  1.321600000000e+00
 2.320000000000e+00  1.800000000000e+00  1.129600000000e+00
 2.320000000000e+00  1.880000000000e+00  9.120000000000e-01
 2.320000000000e+00  1.960000000000e+00  6.688000000000e-01
 2.320000000000e+00  2.040000000000e+00  4.000000000000e-01
 2.320000000000e+00  2.120000000000e+00  1.056000000000e-01
 2.320000000000e+00  2.200000000000e+00 -2.144000000000e-01
 2.320000000000e+00  2.280000000000e+00 -5.600000000000e-01
 2.320000000000e+00  2.360000000000e+00 -9.312000000000e-01
 2.320000000000e+00  2.440000000000e+00 -1.328000000000e+00
 2.320000000000e+00  2.520000000000e+00 -1.750400000000e+00
 2.320000000000e+00  2.600000000000e+00 -2.198400000000e+00
 2.320000000000e+00  2.680000000000e+00 -2.672000000000e+00
 2.320000000000e+00  2.760000000000e+00 -3.171200000000e+00
 2.320000000000e+00  2.840000000000e+00 -3.696000000000e+00
 2.320000000000e+00  2.920000000000e+00 -4.246400000000e+00
 2.320000000000e+00  3.000000000000e+00 -4.822400000000e+00
 2.320000000000e+00  3.080000000000e+00 -5.424000000000e+00
 2.320000000000e+00  3.160000000000e+00 -6.051200000000e+00
 2.320000000000e+00  3.240000000000e+00 -6.704000000000e+00
 2.320000000000e+00  3.320000000000e+00 -7.382400000000e+00
 2.320000000000e+00  3.400000000000e+00 -8.086400000000e+00
 2.320000000000e+00  3.480000000000e+00 -8.816000000000e+00
 2.320000000000e+00  3.560000000000e+00 -9.571200000000e+00
 2.320000000000e+00  3.640000000000e+00 -1.035200000000e+01
 2.320000000000e+00  3.720000000000e+00 -1.115840000000e+01
 2.320000000000e+00  3.800000000000e+00 -1.199040000000e+01
 2.320000000000e+00  3.880000000000e+00 -1.284800000000e+01
 2.320000000000e+00  3.960000000000e+00 -1.373120000000e+01
 2.320000000000e+00  4.040000000000e+00 -1.464000000000e+01
 2.320000000000e+00  4.120000000000e+00 -1.557440000000e+01
 2.320000000000e+00  4.200000000000e+00 -1.653440000000e+01
 2.320000000000e+00  4.280000000000e+00 -1.752000000000e+01
 2.320000000000e+00  4.360000000000e+00 -1.853120000000e+01
 2.320000000000e+00  4.440000000000e+00 -1.956800000000e+01
 2.320000000000e+00  4.520000000000e+00 -2.063040000000e+01
 2.320000000000e+00  4.600000000000e+00 -2.171840000000e+01
 2.320000000000e+00  4.680000000000e+00 -2.283200000000e+01
 2.320000000000e+00  4.760000000000e+00 -2.397120000000e+01
 2.320000000000e+00  4.840000000000e+00 -2.513600000000e+01
 2.320000000000e+00  4.920000000000e+00 -2.632640000000e+01
 2.320000000000e+00  5.000000000000e+00 -2.754240000000e+01

 2.400000000000e+00 -3.000000000000e+00 -3.336000000000e+01
 2.400000000000e+00 -2.920000000000e+00 -3.202880000000e+01
 2.400000000000e+00 -2.840000000000e+00 -3.072320000000e+01
 2.400000000000e+00 -2.760000000000e+00 -2.944320000000e+01
 2.400000000000e+00 -2.680000000000e+00 -2.818880000000e+01
 2.400000000000e+00 -2.600000000000e+00 -2.696000000000e+01
 2.400000000000e+00 -2.520000000000e+00 -2.575680000000e+01
 2.400000000000e+00 -2.440000000000e+00 -2.457920000000e+01
 2.400000000000e+00 -2.360000000000e+00 -2.342720000000e+01
 2.400000000000e+00 -2.280000000000e+00 -2.230080000000e+01
 2.400000000000e+00 -2.200000000000e+00 -2.120000000000e+01
 2.400000000000e+00 -2.120000000000e+00 -2.012480000000e+01
 2.400000000000e+00 -2.040000000000e+00 -1.907520000000e+01
 2.400000000000e+00 -1.960000000000e+00 -1.805120000000e+01
 2.400000000000e+00 -1.880000000000e+00 -1.705280000000e+01
 2.400000000000e+00 -1.800000000000e+00 -1.608000000000e+01
 2.400000000000e+00 -1.720000000000e+00 -1.513280000000e+01
 2.400000000000e+00 -1.640000000000e+00 -1.421120000000e+01
 2.400000000000e+00 -1.560000000000e+00 -1.331520000000e+01
 2.400000000000e+00 -1.480000000000e+00 -1.244480000000e+01
 2.400000000000e+00 -1.400000000000e+00 -1.160000000000e+01
 2.400000000000e+00 -1.320000000000e+00 -1.078080000000e+01
 2.400000000000e+00 -1.240000000000e+00 -9.987200000000e+00
 2.400000000000e+00 -1.160000000000e+00 -9.219200000000e+00
 2.400000000000e+00 -1.080000000000e+00 -8.476800000000e+00
 2.400000000000e+00 -1.000000000000e+00 -7.760000000000e+00
 2.400000000000e+00 -9.200000000000e-01 -7.068800000000e+00
 2.400000000000e+00 -8.400000000000e-01 -6.403200000000e+00
 2.400000000000e+00 -7.600000000000e-01 -5.763200000000e+00
 2.400000000000e+00 -6.800000000000e-01 -5.148800000000e+00
 2.400000000000e+00 -6.000000000000e-01 -4.560000000000e+00
 2.400000000000e+00 -5.200000000000e-01 -3.996800000000e+00
 2.400000000000e+00 -4.400000000000e-01 -3.459200000000e+00
 2.400000000000e+00 -3.600000000000e-01 -2.947200000000e+00
 2.400000000000e+00 -2.800000000000e-01 -2.460800000000e+00
 2.400000000000e+00 -2.000000000000e-01 -2.000000000000e+00
 2.400000000000e+00 -1.200000000000e-01 -1.564800000000e+00
 2.400000000000e+00 -4.000000000000e-02 -1.155200000000e+00
 2.400000000000e+00  4.000000000000e-02 -7.712000000000e-01
 2.400000000000e+00  1.200000000000e-01 -4.128000000000e-01
 2.400000000000e+00  2.000000000000e-01 -8.000000000000e-02
 2.400000000000e+00  2.800000000000e-01  2.272000000000e-01
 2.400000000000e+00  3.600000000000e-01  5.088000000000e-01
 2.400000000000e+00  4.400000000000e-01  7.648000000000e-01
 2.400000000000e+00  5.200000000000e-01  9.952000000000e-01
 2.400000000000e+00  6.000000000000e-01  1.200000000000e+00
 2.400000000000e+00  6.800000000000e-01  1.379200000000e+00
 2.400000000000e+00  7.600000000000e-01  1.532800000000e+00
 2.400000000000e+00  8.400000000000e-01  1.660800000000e+00
 2.400000000000e+00  9.200000000000e-01  1.763200000000e+00
 2.400000000000e+00  1.000000000000e+00  1.840000000000e+00
 2.400000000000e+00  1.080000000000e+00  1.891200000000e+00
 2.400000000000e+00  1.160000000000e+00  1.916800000000e+00
 2.400000000000e+00  1.240000000000e+00  1.916800000000e+00
 2.400000000000e+00  1.320000000000e+00  1.891200000000e+00
 2.400000000000e+00  1.400000000000e+00  1.840000000000e+00
 2.400000000000e+00  1.480000000000e+00  1.763200000000e+00
 2.400000000000e+00  1.560000000000e+00  1.660800000000e+00
 2.400000000000e+00  1.640000000000e+00  1.532800000000e+00
 2.400000000000e+00  1.720000000000e+00  1.379200000000e+00
 2.400000000000e+00  1.800000000000e+00  1.200000000000e+00
 2.400000000000e+00  1.880000000000e+00  9.952000000000e-01
 2.400000000000e+00  1.960000000000e+00  7.648000000000e-01
 2.400000000000e+00  2.040000000000e+00  5.088000000000e-01
 2.400000000000e+00  2.120000000000e+00  2.272000000000e-01
 2.400000000000e+00  2.200000000000e+00 -8.000000000000e-02
 2.400000000000e+00  2.280000000000e+00 -4.128000000000e-01
 2.400000000000e+00  2.360000000000e+00 -7.712000000000e-01
 2.400000000000e+00  2.440000000000e+00 -1.155200000000e+00
 2.400000000000e+00  2.520000000000e+00 -1.564800000000e+00
 2.400000000000e+00  2.600000000000e+00 -2.000000000000e+00
 2.400000000000e+00  2.680000000000e+00 -2.460800000000e+00
 2.400000000000e+00  2.760000000000e+00 -2.947200000000e+00
 2.400000000000e+00  2.840000000000e+00 -3.459200000000e+00
 2.400000000000e+00  2.920000000000e+00 -3.996800000000e+00
 2.400000000000e+00  3.000000000000e+00 -4.560000000000e+00
 2.400000000000e+00  3.080000000000e+00 -5.148800000000e+00
 2.400000000000e+00  3.160000000000e+00 -5.763200000000e+00
 2.400000000000e+00  3.240000000000e+00 -6.403200000000e+00
 2.400000000000e+00  3.320000000000e+00 -7.068800000000e+00
 2.400000000000e+00  3.400000000000e+00 -7.760000000000e+00
 2.400000000000e+00  3.480000000000e+00 -8.476800000000e+00
 2.400000000000e+00  3.560000000000e+00 -9.219200000000e+00
 2.400000000000e+00  3.640000000000e+00 -9.987200000000e+00
 2.400000000000e+00  3.720000000000e+00 -1.078080000000e+01
 2.400000000000e+00  3.800000000000e+00 -1.160000000000e+01
 2.400000000000e+00  3.880000000000e+00 -1.244480000000e+01
 2.400000000000e+00  3.960000000000e+00 -1.331520000000e+01
 2.400000000000e+00  4.040000000000e+00 -1.421120000000e+01
 2.400000000000e+00  4.120000000000e+00 -1.513280000000e+01
 2.400000000000e+00  4.200000000000e+00 -1.608000000000e+01
 2.400000000000e+00  4.280000000000e+00 -1.705280000000e+01
 2.400000000000e+00  4.360000000000e+00 -1.805120000000e+01
 2.400000000000e+00  4.440000000000e+00 -1.907520000000e+01
 2.400000000000e+00  4.520000000000e+00 -2.012480000000e+01
 2.400000000000e+00  4.600000000000e+00 -2.120000000000e+01
 2.400000000000e+00  4.680000000000e+00 -2.230080000000e+01
 2.400000000000e+00  4.760000000000e+00 -2.342720000000e+01
 2.400000000000e+00  4.840000000000e+00 -2.457920000000e+01
 2.400000000000e+00  4.920000000000e+00 -2.575680000000e+01
 2.400000000000e+00  5.000000000000e+00 -2.696000000000e+01

 2.480000000000e+00 -3.000000000000e+00 -3.407040000000e+01
 2.480000000000e+00 -2.920000000000e+00 -3.272640000000e+01
 2.480000000000e+00 -2.840000000000e+00 -3.140800000000e+01
 2.480000000000e+00 -2.760000000000e+00 -3.011520000000e+01
 2.480000000000e+00 -2.680000000000e+00 -2.884800000000e+01
 2.480000000000e+00 -2.600000000000e+00 -2.760640000000e+01
 2.480000000000e+00 -2.520000000000e+00 -2.639040000000e+01
 2.480000000000e+00 -2.440000000000e+00 -2.520000000000e+01
 2.480000000000e+00 -2.360000000000e+00 -2.403520000000e+01
 2.480000000000e+00 -2.280000000000e+00 -2.289600000000e+01
 2.480000000000e+00 -2.200000000000e+00 -2.178240000000e+01
 2.480000000000e+00 -2.120000000000e+00 -2.069440000000e+01
 2.480000000000e+00 -2.040000000000e+00 -1.963200000000e+01
 2.480000000000e+00 -1.960000000000e+00 -1.859520000000e+01
 2.480000000000e+00 -1.880000000000e+00 -1.758400000000e+01
 2.480000000000e+00 -1.800000000000e+00 -1.659840000000e+01
 2.480000000000e+00 -1.720000000000e+00 -1.563840000000e+01
 2.480000000000e+00 -1.640000000000e+00 -1.470400000000e+01
 2.480000000000e+00 -1.560000000000e+00 -1.379520000000e+01
 2.480000000000e+00 -1.480000000000e+00 -1.291200000000e+01
 2.480000000000e+00 -1.400000000000e+00 -1.205440000000e+01
 2.480000000000e+00 -1.320000000000e+00 -1.122240000000e+01
 2.480000000000e+00 -1.240000000000e+00 -1.041600000000e+01
 2.480000000000e+00 -1.160000000000e+00 -9.635200000000e+00
 2.480000000000e+00 -1.080000000000e+00 -8.880000000000e+00
 2.480000000000e+00 -1.000000000000e+00 -8.150400000000e+00
 2.480000000000e+00 -9.200000000000e-01 -7.446400000000e+00
 2.480000000000e+00 -8.400000000000e-01 -6.768000000000e+00
 2.480000000000e+00 -7.600000000000e-01 -6.115200000000e+00
 2.480000000000e+00 -6.800000000000e-01 -5.488000000000e+00
 2.480000000000e+00 -6.000000000000e-01 -4.886400000000e+00
 2.480000000000e+00 -5.200000000000e-01 -4.310400000000e+00
 2.480000000000e+00 -4.400000000000e-01 -3.760000000000e+00
 2.480000000000e+00 -3.600000000000e-01 -3.235200000000e+00
 2.480000000000e+00 -2.800000000000e-01 -2.736000000000e+00
 2.480000000000e+00 -2.000000000000e-01 -2.262400000000e+00
 2.480000000000e+00 -1.200000000000e-01 -1.814400000000e+00
 2.480000000000e+00 -4.000000000000e-02 -1.392000000000e+00
 2.480000000000e+00  4.000000000000e-02 -9.952000000000e-01
 2.480000000000e+00  1.200000000000e-01 -6.240000000000e-01
 2.480000000000e+00  2.000000000000e-01 -2.784000000000e-01
 2.480000000000e+00  2.800000000000e-01  4.160000000000e-02
 2.480000000000e+00  3.600000000000e-01  3.360000000000e-01
 2.480000000000e+00  4.400000000000e-01  6.048000000000e-01
 2.480000000000e+00  5.200000000000e-01  8.480000000000e-01
 2.480000000000e+00  6.000000000000e-01  1.065600000000e+00
 2.480000000000e+00  6.800000000000e-01  1.257600000000e+00
 2.480000000000e+00  7.600000000000e-01  1.424000000000e+00
 2.480000000000e+00  8.400000000000e-01  1.564800000000e+00
 2.480000000000e+00  9.200000000000e-01  1.680000000000e+00
 2.480000000000e+00  1.000000000000e+00  1.769600000000e+00
 2.480000000000e+00  1.080000000000e+00  1.833600000000e+00
 2.480000000000e+00  1.160000000000e+00  1.872000000000e+00
 2.480000000000e+00  1.240000000000e+00  1.884800000000e+00
 2.480000000000e+00  1.320000000000e+00  1.872000000000e+00
 2.480000000000e+00  1.400000000000e+00  1.833600000000e+00
 2.480000000000e+00  1.480000000000e+00  1.769600000000e+00
 2.480000000000e+00  1.560000000000e+00  1.680000000000e+00
 2.480000000000e+00  1.640000000000e+00  1.564800000000e+00
 2.480000000000e+00  1.720000000000e+00  1.424000000000e+00
 2.480000000000e+00  1.800000000000e+00  1.257600000000e+00
 2.480000000000e+00  1.880000000000e+00  1.065600000000e+00
 2.480000000000e+00  1.960000000000e+00  8.480000000000e-01
 2.480000000000e+00  2.040000000000e+00  6.048000000000e-01
 2.480000000000e+00  2.120000000000e+00  3.360000000000e-01
 2.480000000000e+00  2.200000000000e+00  4.160000000000e-02
 2.480000000000e+00  2.280000000000e+00 -2.784000000000e-01
 2.480000000000e+00  2.360000000000e+00 -6.240000000000e-01
 2.480000000000e+00  2.440000000000e+00 -9.952000000000e-01
 2.480000000000e+00  2.520000000000e+00 -1.392000000000e+00
 2.480000000000e+00  2.600000000000e+00 -1.814400000000e+00
 2.480000000000e+00  2.680000000000e+00 -2.262400000000e+00
 2.480000000000e+00  2.760000000000e+00 -2.736000000000e+00
 2.480000000000e+00  2.840000000000e+00 -3.235200000000e+00
 2.480000000000e+00  2.920000000000e+00 -3.760000000000e+00
 2.480000000000e+00  3.000000000000e+00 -4.310400000000e+00
 2.480000000000e+00  3.080000000000e+00 -4.886400000000e+00
 2.480000000000e+00  3.160000000000e+00 -5.488000000000e+00
 2.480000000000e+00  3.240000000000e+00 -6.115200000000e+00
 2.480000000000e+00  3.320000000000e+00 -6.768000000000e+00
 2.480000000000e+00  3.400000000000e+00 -7.446400000000e+00
 2.480000000000e+00  3.480000000000e+00 -8.150400000000e+00
 2.480000000000e+00  3.560000000000e+00 -8.880000000000e+00
 2.480000000000e+00  3.640000000000e+00 -9.635200000000e+00
 2.480000000000e+00  3.720000000000e+00 -1.041600000000e+01
 2.480000000000e+00  3.800000000000e+00 -1.122240000000e+01
 2.480000000000e+00  3.880000000000e+00 -1.205440000000e+01
 2.480000000000e+00  3.960000000000e+00 -1.291200000000e+01
 2.480000000000e+00  4.040000000000e+00 -1.379520000000e+01
 2.480000000000e+00  4.120000000000e+00 -1.470400000000e+01
 2.480000000000e+00  4.200000000000e+00 -1.563840000000e+01
 2.480000000000e+00  4.280000000000e+00 -1.659840000000e+01
 2.480000000000e+00  4.360000000000e+00 -1.758400000000e+01
 2.480000000000e+00  4.440000000000e+00 -1.859520000000e+01
 2.480000000000e+00  4.520000000000e+00 -1.963200000000e+01
 2.480000000000e+00  4.600000000000e+00 -2.069440000000e+01
 2.480000000000e+00  4.680000000000e+00 -2.178240000000e+01
 2.480000000000e+00  4.760000000000e+00 -2.289600000000e+01
 2.480000000000e+00  4.840000000000e+00 -2.403520000000e+01
 2.480000000000e+00  4.920000000000e+00 -2.520000000000e+01
 2.480000000000e+00  5.000000000000e+00 -2.639040000000e+01

 2.560000000000e+00 -3.000000000000e+00 -3.479360000000e+01
 2.560000000000e+00 -2.920000000000e+00 -3.343680000000e+01
 2.560000000000e+00 -2.840000000000e+00 -3.210560000000e+01
 2.560000000000e+00 -2.760000000000e+00 -3.080000000000e+01
 2.560000000000e+00 -2.680000000000e+00 -2.952000000000e+01
 2.560000000000e+00 -2.600000000000e+00 -2.826560000000e+01
 2.560000000000e+00 -2.520000000000e+00 -2.703680000000e+01
 2.560000000000e+00 -2.440000000000e+00 -2.583360000000e+01
 2.560000000000e+00 -2.360000000000e+00 -2.465600000000e+01
 2.560000000000e+00 -2.280000000000e+00 -2.350400000000e+01
 2.560000000000e+00 -2.200000000000e+00 -2.237760000000e+01
 2.560000000000e+00 -2.120000000000e+00 -2.127680000000e+01
 2.560000000000e+00 -2.040000000000e+00 -2.020160000000e+01
 2.560000000000e+00 -1.960000000000e+00 -1.915200000000e+01
 2.560000000000e+00 -1.880000000000e+00 -1.812800000000e+01
 2.560000000000e+00 -1.800000000000e+00 -1.712960000000e+01
 2.560000000000e+00 -1.720000000000e+00 -1.615680000000e+01
 2.560000000000e+00 -1.640000000000e+00 -1.520960000000e+01
 2.560000000000e+00 -1.560000000000e+00 -1.428800000000e+01
 2.560000000000e+00 -1.480000000000e+00 -1.339200000000e+01
 2.560000000000e+00 -1.400000000000e+00 -1.252160000000e+01
 2.560000000000e+00 -1.320000000000e+00 -1.167680000000e+01
 2.560000000000e+00 -1.240000000000e+00 -1.085760000000e+01
 2.560000000000e+00 -1.160000000000e+00 -1.006400000000e+01
 2.560000000000e+00 -1.080000000000e+00 -9.296000000000e+00
 2.560000000000e+00 -1.000000000000e+00 -8.553600000000e+00
 2.560000000000e+00 -9.200000000000e-01 -7.836800000000e+00
 2.560000000000e+00 -8.400000000000e-01 -7.145600000000e+00
 2.560000000000e+00 -7.600000000000e-01 -6.480000000000e+00
 2.560000000000e+00 -6.800000000000e-01 -5.840000000000e+00
 2.560000000000e+00 -6.000000000000e-01 -5.225600000000e+00
 2.560000000000e+00 -5.200000000000e-01 -4.636800000000e+00
 2.560000000000e+00 -4.400000000000e-01 -4.073600000000e+00
 2.560000000000e+00 -3.600000000000e-01 -3.536000000000e+00
 2.560000000000e+00 -2.800000000000e-01 -3.024000000000e+00
 2.560000000000e+00 -2.000000000000e-01 -2.537600000000e+00
 2.560000000000e+00 -1.200000000000e-01 -2.076800000000e+00
 2.560000000000e+00 -4.000000000000e-02 -1.641600000000e+00
 2.560000000000e+00  4.000000000000e-02 -1.232000000000e+00
 2.560000000000e+00  1.200000000000e-01 -8.480000000000e-01
 2.560000000000e+00  2.000000000000e-01 -4.896000000000e-01
 2.560000000000e+00  2.800000000000e-01 -1.568000000000e-01
 2.560000000000e+00  3.600000000000e-01  1.504000000000e-01
 2.560000000000e+00  4.400000000000e-01  4.320000000000e-01
 2.560000000000e+00  5.200000000000e-01  6.880000000000e-01
 2.560000000000e+00  6.000000000000e-01  9.184000000000e-01
 2.560000000000e+00  6.800000000000e-01  1.123200000000e+00
 2.560000000000e+00  7.600000000000e-01  1.302400000000e+00
 2.560000000000e+00  8.400000000000e-01  1.456000000000e+00
 2.560000000000e+00  9.200000000000e-01  1.584000000000e+00
 2.560000000000e+00  1.000000000000e+00  1.686400000000e+00
 2.560000000000e+00  1.080000000000e+00  1.763200000000e+00
 2.560000000000e+00  1.160000000000e+00  1.814400000000e+00
 2.560000000000e+00  1.240000000000e+00  1.840000000000e+00
 2.560000000000e+00  1.320000000000e+00  1.840000000000e+00
 2.560000000000e+00  1.400000000000e+00  1.814400000000e+00
 2.560000000000e+00  1.480000000000e+00  1.763200000000e+00
 2.560000000000e+00  1.560000000000e+00  1.686400000000e+00
 2.560000000000e+00  1.640000000000e+00  1.584000000000e+00
 2.560000000000e+00  1.720000000000e+00  1.456000000000e+00
 2.560000000000e+00  1.800000000000e+00  1.302400000000e+00
 2.560000000000e+00  1.880000000000e+00  1.123200000000e+00
 2.560000000000e+00  1.960000000000e+00  9.184000000000e-01
 2.560000000000e+00  2.040000000000e+00  6.880000000000e-01
 2.560000000000e+00  2.120000000000e+00  4.320000000000e-01
 2.560000000000e+00  2.200000000000e+00  1.504000000000e-01
 2.560000000000e+00  2.280000000000e+00 -1.568000000000e-01
 2.560000000000e+00  2.360000000000e+00 -4.896000000000e-01
 2.560000000000e+00  2.440000000000e+00 -8.480000000000e-01
 2.560000000000e+00  2.520000000000e+00 -1.232000000000e+00
 2.560000000000e+00  2.600000000000e+00 -1.641600000000e+00
 2.560000000000e+00  2.680000000000e+00 -2.076800000000e+00
 2.560000000000e+00  2.760000000000e+00 -2.537600000000e+00
 2.560000000000e+00  2.840000000000e+00 -3.024000000000e+00
 2.560000000000e+00  2.920000000000e+00 -3.536000000000e+00
 2.560000000000e+00  3.000000000000e+00 -4.073600000000e+00
 2.560000000000e+00  3.080000000000e+00 -4.636800000000e+00
 2.560000000000e+00  3.160000000000e+00 -5.225600000000e+00
 2.560000000000e+00  3.240000000000e+00 -5.840000000000e+00
 2.560000000000e+00  3.320000000000e+00 -6.480000000000e+00
 2.560000000000e+00  3.400000000000e+00 -7.145600000000e+00
 2.560000000000e+00  3.480000000000e+00 -7.836800000000e+00
 2.560000000000e+00  3.560000000000e+00 -8.553600000000e+00
 2.560000000000e+00  3.640000000000e+00 -9.296000000000e+00
 2.560000000000e+00  3.720000000000e+00 -1.006400000000e+01
 2.560000000000e+00  3.800000000000e+00 -1.085760000000e+01
 2.560000000000e+00  3.880000000000e+00 -1.167680000000e+01
 2.560000000000e+00  3.960000000000e+00 -1.252160000000e+01
 2.560000000000e+00  4.040000000000e+00 -1.339200000000e+01
 2.560000000000e+00  4.120000000000e+00 -1.428800000000e+01
 2.560000000000e+00  4.200000000000e+00 -1.520960000000e+01
 2.560000000000e+00  4.280000000000e+00 -1.615680000000e+01
 2.560000000000e+00  4.360000000000e+00 -1.712960000000e+01
 2.560000000000e+00  4.440000000000e+00 -1.812800000000e+01
 2.560000000000e+00  4.520000000000e+00 -1.915200000000e+01
 2.560000000000e+00  4.600000000000e+00 -2.020160000000e+01
 2.560000000000e+00  4.680000000000e+00 -2.127680000000e+01
 2.560000000000e+00  4.760000000000e+00 -2.237760000000e+01
 2.560000000000e+00  4.840000000000e+00 -2.350400000000e+01
 2.560000000000e+00  4.920000000000e+00 -2.465600000000e+01
 2.560000000000e+00  5.000000000000e+00 -2.583360000000e+01

 2.640000000000e+00 -3.000000000000e+00 -3.552960000000e+01
 2.640000000000e+00 -2.920000000000e+00 -3.416000000000e+01
 2.640000000000e+00 -2.840000000000e+00 -3.281600000000e+01
 2.640000000000e+00 -2.760000000000e+00 -3.149760000000e+01
 2.640000000000e+00 -2.680000000000e+00 -3.020480000000e+01
 2.640000000000e+00 -2.600000000000e+00 -2.893760000000e+01
 2.640000000000e+00 -2.520000000000e+00 -2.769600000000e+01
 2.640000000000e+00 -2.440000000000e+00 -2.648000000000e+01
 2.640000000000e+00 -2.360000000000e+00 -2.528960000000e+01
 2.640000000000e+00 -2.280000000000e+00 -2.412480000000e+01
 2.640000000000e+00 -2.200000000000e+00 -2.298560000000e+01
 2.640000000000e+00 -2.120000000000e+00 -2.187200000000e+01
 2.640000000000e+00 -2.040000000000e+00 -2.078400000000e+01
 2.640000000000e+00 -1.960000000000e+00 -1.972160000000e+01
 2.640000000000e+00 -1.880000000000e+00 -1.868480000000e+01
 2.640000000000e+00 -1.800000000000e+00 -1.767360000000e+01
 2.640000000000e+00 -1.720000000000e+00 -1.668800000000e+01
 2.640000000000e+00 -1.640000000000e+00 -1.572800000000e+01
 2.640000000000e+00 -1.560000000000e+00 -1.479360000000e+01
 2.640000000000e+00 -1.480000000000e+00 -1.388480000000e+01
 2.640000000000e+00 -1.400000000000e+00 -1.300160000000e+01
 2.640000000000e+00 -1.320000000000e+00 -1.214400000000e+01
 2.640000000000e+00 -1.240000000000e+00 -1.131200000000e+01
 2.640000000000e+00 -1.160000000000e+00 -1.050560000000e+01
 2.640000000000e+00 -1.080000000000e+00 -9.724800000000e+00
 2.640000000000e+00 -1.000000000000e+00 -8.969600000000e+00
 2.640000000000e+00 -9.200000000000e-01 -8.240000000000e+00
 2.640000000000e+00 -8.400000000000e-01 -7.536000000000e+00
 2.640000000000e+00 -7.600000000000e-01 -6.857600000000e+00
 2.640000000000e+00 -6.800000000000e-01 -6.204800000000e+00
 2.640000000000e+00 -6.000000000000e-01 -5.577600000000e+00
 2.640000000000e+00 -5.200000000000e-01 -4.976000000000e+00
 2.640000000000e+00 -4.400000000000e-01 -4.400000000000e+00
 2.640000000000e+00 -3.600000000000e-01 -3.849600000000e+00
 2.640000000000e+00 -2.800000000000e-01 -3.324800000000e+00
 2.640000000000e+00 -2.000000000000e-01 -2.825600000000e+00
 2.640000000000e+00 -1.200000000000e-01 -2.352000000000e+00
 2.640000000000e+00 -4.000000000000e-02 -1.904000000000e+00
 2.640000000000e+00  4.000000000000e-02 -1.481600000000e+00
 2.640000000000e+00  1.200000000000e-01 -1.084800000000e+00
 2.640000000000e+00  2.000000000000e-01 -7.136000000000e-01
 2.640000000000e+00  2.800000000000e-01 -3.680000000000e-01
 2.640000000000e+00  3.600000000000e-01 -4.800000000000e-02
 2.640000000000e+00  4.400000000000e-01  2.464000000000e-01
 2.640000000000e+00  5.200000000000e-01  5.152000000000e-01
 2.640000000000e+00  6.000000000000e-01  7.584000000000e-01
 2.640000000000e+00  6.800000000000e-01  9.760000000000e-01
 2.640000000000e+00  7.600000000000e-01  1.168000000000e+00
 2.640000000000e+00  8.400000000000e-01  1.334400000000e+00
 2.640000000000e+00  9.200000000000e-01  1.475200000000e+00
 2.640000000000e+00  1.000000000000e+00  1.590400000000e+00
 2.640000000000e+00  1.080000000000e+00  1.680000000000e+00
 2.640000000000e+00  1.160000000000e+00  1.744000000000e+00
 2.640000000000e+00  1.240000000000e+00  1.782400000000e+00
 2.640000000000e+00  1.320000000000e+00  1.795200000000e+00
 2.640000000000e+00  1.400000000000e+00  1.782400000000e+00
 2.640000000000e+00  1.480000000000e+00  1.744000000000e+00
 2.640000000000e+00  1.560000000000e+00  1.680000000000e+00
 2.640000000000e+00  1.640000000000e+00  1.590400000000e+00
 2.640000000000e+00  1.720000000000e+00  1.475200000000e+00
 2.640000000000e+00  1.800000000000e+00  1.334400000000e+00
 2.640000000000e+00  1.880000000000e+00  1.168000000000e+00
 2.640000000000e+00  1.960000000000e+00  9.760000000000e-01
 2.640000000000e+00  2.040000000000e+00  7.584000000000e-01
 2.640000000000e+00  2.120000000000e+00  5.152000000000e-01
 2.640000000000e+00  2.200000000000e+00  2.464000000000e-01
 2.640000000000e+00  2.280000000000e+00 -4.800000000000e-02
 2.640000000000e+00  2.360000000000e+00 -3.680000000000e-01
 2.640000000000e+00  2.440000000000e+00 -7.136000000000e-01
 2.640000000000e+00  2.520000000000e+00 -1.084800000000e+00
 2.640000000000e+00  2.600000000000e+00 -1.481600000000e+00
 2.640000000000e+00  2.680000000000e+00 -1.904000000000e+00
 2.640000000000e+00  2.760000000000e+00 -2.352000000000e+00
 2.640000000000e+00  2.840000000000e+00 -2.825600000000e+00
 2.640000000000e+00  2.920000000000e+00 -3.324800000000e+00
 2.640000000000e+00  3.000000000000e+00 -3.849600000000e+00
 2.640000000000e+00  3.080000000000e+00 -4.400000000000e+00
 2.640000000000e+00  3.160000000000e+00 -4.976000000000e+00
 2.640000000000e+00  3.240000000000e+00 -5.577600000000e+00
 2.640000000000e+00  3.320000000000e+00 -6.204800000000e+00
 2.640000000000e+00  3.400000000000e+00 -6.857600000000e+00
 2.640000000000e+00  3.480000000000e+00 -7.536000000000e+00
 2.640000000000e+00  3.560000000000e+00 -8.240000000000e+00
 2.640000000000e+00  3.640000000000e+00 -8.969600000000e+00
 2.640000000000e+00  3.720000000000e+00 -9.724800000000e+00
 2.640000000000e+00  3.800000000000e+00 -1.050560000000e+01
 2.640000000000e+00  3.880000000000e+00 -1.131200000000e+01
 2.640000000000e+00  3.960000000000e+00 -1.214400000000e+01
 2.640000000000e+00  4.040000000000e+00 -1.300160000000e+01
 2.640000000000e+00  4.120000000000e+00 -1.388480000000e+01
 2.640000000000e+00  4.200000000000e+00 -1.479360000000e+01
 2.640000000000e+00  4.280000000000e+00 -1.572800000000e+01
 2.640000000000e+00  4.360000000000e+00 -1.668800000000e+01
 2.640000000000e+00  4.440000000000e+00 -1.767360000000e+01
 2.640000000000e+00  4.520000000000e+00 -1.868480000000e+01
 2.640000000000e+00  4.600000000000e+00 -1.972160000000e+01
 2.640000000000e+00  4.680000000000e+00 -2.078400000000e+01
 2.640000000000e+00  4.760000000000e+00 -2.187200000000e+01
 2.640000000000e+00  4.840000000000e+00 -2.298560000000e+01
 2.640000000000e+00  4.920000000000e+00 -2.412480000000e+01
 2.640000000000e+00  5.000000000000e+00 -2.528960000000e+01

 2.720000000000e+00 -3.000000000000e+00 -3.627840000000e+01
 2.720000000000e+00 -2.920000000000e+00 -3.489600000000e+01
 2.720000000000e+00 -2.840000000000e+00 -3.353920000000e+01
 2.720000000000e+00 -2.760000000000e+00 -3.220800000000e+01
 2.720000000000e+00 -2.680000000000e+00 -3.090240000000e+01
 2.720000000000e+00 -2.600000000000e+00 -2.962240000000e+01
 2.720000000000e+00 -2.520000000000e+00 -2.836800000000e+01
 2.720000000000e+00 -2.440000000000e+00 -2.713920000000e+01
 2.720000000000e+00 -2.360000000000e+00 -2.593600000000e+01
 2.720000000000e+00 -2.280000000000e+00 -2.475840000000e+01
 2.720000000000e+00 -2.200000000000e+00 -2.360640000000e+01
 2.720000000000e+00 -2.120000000000e+00 -2.248000000000e+01
 2.720000000000e+00 -2.040000000000e+00 -2.137920000000e+01
 2.720000000000e+00 -1.960000000000e+00 -2.030400000000e+01
 2.720000000000e+00 -1.880000000000e+00 -1.925440000000e+01
 2.720000000000e+00 -1.800000000000e+00 -1.823040000000e+01
 2.720000000000e+00 -1.720000000000e+00 -1.723200000000e+01
 2.720000000000e+00 -1.640000000000e+00 -1.625920000000e+01
 2.720000000000e+00 -1.560000000000e+00 -1.531200000000e+01
 2.720000000000e+00 -1.480000000000e+00 -1.439040000000e+01
 2.720000000000e+00 -1.400000000000e+00 -1.349440000000e+01
 2.720000000000e+00 -1.320000000000e+00 -1.262400000000e+01
 2.720000000000e+00 -1.240000000000e+00 -1.177920000000e+01
 2.720000000000e+00 -1.160000000000e+00 -1.096000000000e+01
 2.720000000000e+00 -1.080000000000e+00 -1.016640000000e+01
 2.720000000000e+00 -1.000000000000e+00 -9.398400000000e+00
 2.720000000000e+00 -9.200000000000e-01 -8.656000000000e+00
 2.720000000000e+00 -8.400000000000e-01 -7.939200000000e+00
 2.720000000000e+00 -7.600000000000e-01 -7.248000000000e+00
 2.720000000000e+00 -6.800000000000e-01 -6.582400000000e+00
 2.720000000000e+00 -6.000000000000e-01 -5.942400000000e+00
 2.720000000000e+00 -5.200000000000e-01 -5.328000000000e+00
 2.720000000000e+00 -4.400000000000e-01 -4.739200000000e+00
 2.720000000000e+00 -3.600000000000e-01 -4.176000000000e+00
 2.720000000000e+00 -2.800000000000e-01 -3.638400000000e+00
 2.720000000000e+00 -2.000000000000e-01 -3.126400000000e+00
 2.720000000000e+00 -1.200000000000e-01 -2.640000000000e+00
 2.720000000000e+00 -4.000000000000e-02 -2.179200000000e+00
 2.720000000000e+00  4.000000000000e-02 -1.744000000000e+00
 2.720000000000e+00  1.200000000000e-01 -1.334400000000e+00
 2.720000000000e+00  2.000000000000e-01 -9.504000000000e-01
 2.720000000000e+00  2.800000000000e-01 -5.920000000000e-01
 2.720000000000e+00  3.600000000000e-01 -2.592000000000e-01
 2.720000000000e+00  4.400000000000e-01  4.800000000000e-02
 2.720000000000e+00  5.200000000000e-01  3.296000000000e-01
 2.720000000000e+00  6.000000000000e-01  5.856000000000e-01
 2.720000000000e+00  6.800000000000e-01  8.160000000000e-01
 2.720000000000e+00  7.600000000000e-01  1.020800000000e+00
 2.720000000000e+00  8.400000000000e-01  1.200000000000e+00
 2.720000000000e+00  9.200000000000e-01  1.353600000000e+00
 2.720000000000e+00  1.000000000000e+00  1.481600000000e+00
 2.720000000000e+00  1.080000000000e+00  1.584000000000e+00
 2.720000000000e+00  1.160000000000e+00  1.660800000000e+00
 2.720000000000e+00  1.240000000000e+00  1.712000000000e+00
 2.720000000000e+00  1.320000000000e+00  1.737600000000e+00
 2.720000000000e+00  1.400000000000e+00  1.737600000000e+00
 2.720000000000e+00  1.480000000000e+00  1.712000000000e+00
 2.720000000000e+00  1.560000000000e+00  1.660800000000e+00
 2.720000000000e+00  1.640000000000e+00  1.584000000000e+00
 2.720000000000e+00  1.720000000000e+00  1.481600000000e+00
 2.720000000000e+00  1.800000000000e+00  1.353600000000e+00
 2.720000000000e+00  1.880000000000e+00  1.200000000000e+00
 2.720000000000e+00  1.960000000000e+00  1.020800000000e+00
 2.720000000000e+00  2.040000000000e+00  8.160000000000e-01
 2.720000000000e+00  2.120000000000e+00  5.856000000000e-01
 2.720000000000e+00  2.200000000000e+00  3.296000000000e-01
 2.720000000000e+00  2.280000000000e+00  4.800000000000e-02
 2.720000000000e+00  2.360000000000e+00 -2.592000000000e-01
 2.720000000000e+00  2.440000000000e+00 -5.920000000000e-01
 2.720000000000e+00  2.520000000000e+00 -9.504000000000e-01
 2.720000000000e+00  2.600000000000e+00 -1.334400000000e+00
 2.720000000000e+00  2.680000000000e+00 -1.744000000000e+00
 2.720000000000e+00  2.760000000000e+00 -2.179200000000e+00
 2.720000000000e+00  2.840000000000e+00 -2.640000000000e+00
 2.720000000000e+00  2.920000000000e+00 -3.126400000000e+00
 2.720000000000e+00  3.000000000000e+00 -3.638400000000e+00
 2.720000000000e+00  3.080000000000e+00 -4.176000000000e+00
 2.720000000000e+00  3.160000000000e+00 -4.739200000000e+00
 2.720000000000e+00  3.240000000000e+00 -5.328000000000e+00
 2.720000000000e+00  3.320000000000e+00 -5.942400000000e+00
 2.720000000000e+00  3.400000000000e+00 -6.582400000000e+00
 2.720000000000e+00  3.480000000000e+00 -7.248000000000e+00
 2.720000000000e+00  3.560000000000e+00 -7.939200000000e+00
 2.720000000000e+00  3.640000000000e+00 -8.656000000000e+00
 2.720000000000e+00  3.720000000000e+00 -9.398400000000e+00
 2.720000000000e+00  3.800000000000e+00 -1.016640000000e+01
 2.720000000000e+00  3.880000000000e+00 -1.096000000000e+01
 2.720000000000e+00  3.960000000000e+00 -1.177920000000e+01
 2.720000000000e+00  4.040000000000e+00 -1.262400000000e+01
 2.720000000000e+00  4.120000000000e+00 -1.349440000000e+01
 2.720000000000e+00  4.200000000000e+00 -1.439040000000e+01
 2.720000000000e+00  4.280000000000e+00 -1.531200000000e+01
 2.720000000000e+00  4.360000000000e+00 -1.625920000000e+01
 2.720000000000e+00  4.440000000000e+00 -1.723200000000e+01
 2.720000000000e+00  4.520000000000e+00 -1.823040000000e+01
 2.720000000000e+00  4.600000000000e+00 -1.925440000000e+01
 2.720000000000e+00  4.680000000000e+00 -2.030400000000e+01
 2.720000000000e+00  4.760000000000e+00 -2.137920000000e+01
 2.720000000000e+00  4.840000000000e+00 -2.248000000000e+01
 2.720000000000e+00  4.920000000000e+00 -2.360640000000e+01
 2.720000000000e+00  5.000000000000e+00 -2.475840000000e+01

 2.800000000000e+00 -3.000000000000e+00 -3.704000000000e+01
 2.800000000000e+00 -2.920000000000e+00 -3.564480000000e+01
 2.800000000000e+00 -2.840000000000e+00 -3.427520000000e+01
 2.800000000000e+00 -2.760000000000e+00 -3.293120000000e+01
 2.800000000000e+00 -2.680000000000e+00 -3.161280000000e+01
 2.800000000000e+00 -2.600000000000e+00 -3.032000000000e+01
 2.800000000000e+00 -2.520000000000e+00 -2.905280000000e+01
 2.800000000000e+00 -2.440000000000e+00 -2.781120000000e+01
 2.800000000000e+00 -2.360000000000e+00 -2.659520000000e+01
 2.800000000000e+00 -2.280000000000e+00 -2.540480000000e+01
 2.800000000000e+00 -2.200000000000e+00 -2.424000000000e+01
 2.800000000000e+00 -2.120000000000e+00 -2.310080000000e+01
 2.800000000000e+00 -2.040000000000e+00 -2.198720000000e+01
 2.800000000000e+00 -1.960000000000e+00 -2.089920000000e+01
 2.800000000000e+00 -1.880000000000e+00 -1.983680000000e+01
 2.800000000000e+00 -1.800000000000e+00 -1.880000000000e+01
 2.800000000000e+00 -1.720000000000e+00 -1.778880000000e+01
 2.800000000000e+00 -1.640000000000e+00 -1.680320000000e+01
 2.800000000000e+00 -1.560000000000e+00 -1.584320000000e+01
 2.800000000000e+00 -1.480000000000e+00 -1.490880000000e+01
 2.800000000000e+00 -1.400000000000e+00 -1.400000000000e+01
 2.800000000000e+00 -1.320000000000e+00 -1.311680000000e+01
 2.800000000000e+00 -1.240000000000e+00 -1.225920000000e+01
 2.800000000000e+00 -1.160000000000e+00 -1.142720000000e+01
 2.800000000000e+00 -1.080000000000e+00 -1.062080000000e+01
 2.800000000000e+00 -1.000000000000e+00 -9.840000000000e+00
 2.800000000000e+00 -9.200000000000e-01 -9.084800000000e+00
 2.800000000000e+00 -8.400000000000e-01 -8.355200000000e+00
 2.800000000000e+00 -7.600000000000e-01 -7.651200000000e+00
 2.800000000000e+00 -6.800000000000e-01 -6.972800000000e+00
 2.800000000000e+00 -6.000000000000e-01 -6.320000000000e+00
 2.800000000000e+00 -5.200000000000e-01 -5.692800000000e+00
 2.800000000000e+00 -4.400000000000e-01 -5.091200000000e+00
 2.800000000000e+00 -3.600000000000e-01 -4.515200000000e+00
 2.800000000000e+00 -2.800000000000e-01 -3.964800000000e+00
 2.800000000000e+00 -2.000000000000e-01 -3.440000000000e+00
 2.800000000000e+00 -1.200000000000e-01 -2.940800000000e+00
 2.800000000000e+00 -4.000000000000e-02 -2.467200000000e+00
 2.800000000000e+00  4.000000000000e-02 -2.019200000000e+00
 2.800000000000e+00  1.200000000000e-01 -1.596800000000e+00
 2.800000000000e+00  2.000000000000e-01 -1.200000000000e+00
 2.800000000000e+00  2.800000000000e-01 -8.288000000000e-01
 2.800000000000e+00  3.600000000000e-01 -4.832000000000e-01
 2.800000000000e+00  4.400000000000e-01 -1.632000000000e-01
 2.800000000000e+00  5.200000000000e-01  1.312000000000e-01
 2.800000000000e+00  6.000000000000e-01  4.000000000000e-01
 2.800000000000e+00  6.800000000000e-01  6.432000000000e-01
 2.800000000000e+00  7.600000000000e-01  8.608000000000e-01
 2.800000000000e+00  8.400000000000e-01  1.052800000000e+00
 2.800000000000e+00  9.200000000000e-01  1.219200000000e+00
 2.800000000000e+00  1.000000000000e+00  1.360000000000e+00
 2.800000000000e+00  1.080000000000e+00  1.475200000000e+00
 2.800000000000e+00  1.160000000000e+00  1.564800000000e+00
 2.800000000000e+00  1.240000000000e+00  1.628800000000e+00
 2.800000000000e+00  1.320000000000e+00  1.667200000000e+00
 2.800000000000e+00  1.400000000000e+00  1.680000000000e+00
 2.800000000000e+00  1.480000000000e+00  1.667200000000e+00
 2.800000000000e+00  1.560000000000e+00  1.628800000000e+00
 2.800000000000e+00  1.640000000000e+00  1.564800000000e+00
 2.800000000000e+00  1.720000000000e+00  1.475200000000e+00
 2.800000000000e+00  1.800000000000e+00  1.360000000000e+00
 2.800000000000e+00  1.880000000000e+00  1.219200000000e+00
 2.800000000000e+00  1.960000000000e+00  1.052800000000e+00
 2.800000000000e+00  2.040000000000e+00  8.608000000000e-01
 2.800000000000e+00  2.120000000000e+00  6.432000000000e-01
 2.800000000000e+00  2.200000000000e+00  4.000000000000e-01
 2.800000000000e+00  2.280000000000e+00  1.312000000000e-01
 2.800000000000e+00  2.360000000000e+00 -1.632000000000e-01
 2.800000000000e+00  2.440000000000e+00 -4.832000000000e-01
 2.800000000000e+00  2.520000000000e+00 -8.288000000000e-01
 2.800000000000e+00  2.600000000000e+00 -1.200000000000e+00
 2.800000000000e+00  2.680000000000e+00 -1.596800000000e+00
 2.800000000000e+00  2.760000000000e+00 -2.019200000000e+00
 2.800000000000e+00  2.840000000000e+00 -2.467200000000e+00
 2.800000000000e+00  2.920000000000e+00 -2.940800000000e+00
 2.800000000000e+00  3.000000000000e+00 -3.440000000000e+00
 2.800000000000e+00  3.080000000000e+00 -3.964800000000e+00
 2.800000000000e+00  3.160000000000e+00 -4.515200000000e+00
 2.800000000000e+00  3.240000000000e+00 -5.091200000000e+00
 2.800000000000e+00  3.320000000000e+00 -5.692800000000e+00
 2.800000000000e+00  3.400000000000e+00 -6.320000000000e+00
 2.800000000000e+00  3.480000000000e+00 -6.972800000000e+00
 2.800000000000e+00  3.560000000000e+00 -7.651200000000e+00
 2.800000000000e+00  3.640000000000e+00 -8.355200000000e+00
 2.800000000000e+00  3.720000000000e+00 -9.084800000000e+00
 2.800000000000e+00  3.800000000000e+00 -9.840000000000e+00
 2.800000000000e+00  3.880000000000e+00 -1.062080000000e+01
 2.800000000000e+00  3.960000000000e+00 -1.142720000000e+01
 2.800000000000e+00  4.040000000000e+00 -1.225920000000e+01
 2.800000000000e+00  4.120000000000e+00 -1.311680000000e+01
 2.800000000000e+00  4.200000000000e+00 -1.400000000000e+01
 2.800000000000e+00  4.280000000000e+00 -1.490880000000e+01
 2.800000000000e+00  4.360000000000e+00 -1.584320000000e+01
 2.800000000000e+00  4.440000000000e+00 -1.680320000000e+01
 2.800000000000e+00  4.520000000000e+00 -1.778880000000e+01
 2.800000000000e+00  4.600000000000e+00 -1.880000000000e+01
 2.800000000000e+00  4.680000000000e+00 -1.983680000000e+01
 2.800000000000e+00  4.760000000000e+00 -2.089920000000e+01
 2.800000000000e+00  4.840000000000e+00 -2.198720000000e+01
 2.800000000000e+00  4.920000000000e+00 -2.310080000000e+01
 2.800000000000e+00  5.000000000000e+00 -2.424000000000e+01

 2.880000000000e+00 -3.000000000000e+00 -3.781440000000e+01
 2.880000000000e+00 -2.920000000000e+00 -3.640640000000e+01
 2.880000000000e+00 -2.840000000000e+00 -3.502400000000e+01
 2.880000000000e+00 -2.760000000000e+00 -3.366720000000e+01
 2.880000000000e+00 -2.680000000000e+00 -3.233600000000e+01
 2.880000000000e+00 -2.600000000000e+00 -3.103040000000e+01
 2.880000000000e+00 -2.520000000000e+00 -2.975040000000e+01
 2.880000000000e+00 -2.440000000000e+00 -2.849600000000e+01
 2.880000000000e+00 -2.360000000000e+00 -2.726720000000e+01
 2.880000000000e+00 -2.280000000000e+00 -2.606400000000e+01
 2.880000000000e+00 -2.200000000000e+00 -2.488640000000e+01
 2.880000000000e+00 -2.120000000000e+00 -2.373440000000e+01
 2.880000000000e+00 -2.040000000000e+00 -2.260800000000e+01
 2.880000000000e+00 -1.960000000000e+00 -2.150720000000e+01
 2.880000000000e+00 -1.880000000000e+00 -2.043200000000e+01
 2.880000000000e+00 -1.800000000000e+00 -1.938240000000e+01
 2.880000000000e+00 -1.720000000000e+00 -1.835840000000e+01
 2.880000000000e+00 -1.640000000000e+00 -1.736000000000e+01
 2.880000000000e+00 -1.560000000000e+00 -1.638720000000e+01
 2.880000000000e+00 -1.480000000000e+00 -1.544000000000e+01
 2.880000000000e+00 -1.400000000000e+00 -1.451840000000e+01
 2.880000000000e+00 -1.320000000000e+00 -1.362240000000e+01
 2.880000000000e+00 -1.240000000000e+00 -1.275200000000e+01
 2.880000000000e+00 -1.160000000000e+00 -1.190720000000e+01
 2.880000000000e+00 -1.080000000000e+00 -1.108800000000e+01
 2.880000000000e+00 -1.000000000000e+00 -1.029440000000e+01
 2.880000000000e+00 -9.200000000000e-01 -9.526400000000e+00
 2.880000000000e+00 -8.400000000000e-01 -8.784000000000e+00
 2.880000000000e+00 -7.600000000000e-01 -8.067200000000e+00
 2.880000000000e+00 -6.800000000000e-01 -7.376000000000e+00
 2.880000000000e+00 -6.000000000000e-01 -6.710400000000e+00
 2.880000000000e+00 -5.200000000000e-01 -6.070400000000e+00
 2.880000000000e+00 -4.400000000000e-01 -5.456000000000e+00
 2.880000000000e+00 -3.600000000000e-01 -4.867200000000e+00
 2.880000000000e+00 -2.800000000000e-01 -4.304000000000e+00
 2.880000000000e+00 -2.000000000000e-01 -3.766400000000e+00
 2.880000000000e+00 -1.200000000000e-01 -3.254400000000e+00
 2.880000000000e+00 -4.000000000000e-02 -2.768000000000e+00
 2.880000000000e+00  4.000000000000e-02 -2.307200000000e+00
 2.880000000000e+00  1.200000000000e-01 -1.872000000000e+00
 2.880000000000e+00  2.000000000000e-01 -1.462400000000e+00
 2.880000000000e+00  2.800000000000e-01 -1.078400000000e+00
 2.880000000000e+00  3.600000000000e-01 -7.200000000000e-01
 2.880000000000e+00  4.400000000000e-01 -3.872000000000e-01
 2.880000000000e+00  5.200000000000e-01 -8.000000000000e-02
 2.880000000000e+00  6.000000000000e-01  2.016000000000e-01
 2.880000000000e+00  6.800000000000e-01  4.576000000000e-01
 2.880000000000e+00  7.600000000000e-01  6.880000000000e-01
 2.880000000000e+00  8.400000000000e-01  8.928000000000e-01
 2.880000000000e+00  9.200000000000e-01  1.072000000000e+00
 2.880000000000e+00  1.000000000000e+00  1.225600000000e+00
 2.880000000000e+00  1.080000000000e+00  1.353600000000e+00
 2.880000000000e+00  1.160000000000e+00  1.456000000000e+00
 2.880000000000e+00  1.240000000000e+00  1.532800000000e+00
 2.880000000000e+00  1.320000000000e+00  1.584000000000e+00
 2.880000000000e+00  1.400000000000e+00  1.609600000000e+00
 2.880000000000e+00  1.480000000000e+00  1.609600000000e+00
 2.880000000000e+00  1.560000000000e+00  1.584000000000e+00
 2.880000000000e+00  1.640000000000e+00  1.532800000000e+00
 2.880000000000e+00  1.720000000000e+00  1.456000000000e+00
 2.880000000000e+00  1.800000000000e+00  1.353600000000e+00
 2.880000000000e+00  1.880000000000e+00  1.225600000000e+00
 2.880000000000e+00  1.960000000000e+00  1.072000000000e+00
 2.880000000000e+00  2.040000000000e+00  8.928000000000e-01
 2.880000000000e+00  2.120000000000e+00  6.880000000000e-01
 2.880000000000e+00  2.200000000000e+00  4.576000000000e-01
 2.880000000000e+00  2.280000000000e+00  2.016000000000e-01
 2.880000000000e+00  2.360000000000e+00 -8.000000000000e-02
 2.880000000000e+00  2.440000000000e+00 -3.872000000000e-01
 2.880000000000e+00  2.520000000000e+00 -7.200000000000e-01
 2.880000000000e+00  2.600000000000e+00 -1.078400000000e+00
 2.880000000000e+00  2.680000000000e+00 -1.462400000000e+00
 2.880000000000e+00  2.760000000000e+00 -1.872000000000e+00
 2.880000000000e+00  2.840000000000e+00 -2.307200000000e+00
 2.880000000000e+00  2.920000000000e+00 -2.768000000000e+00
 2.880000000000e+00  3.000000000000e+00 -3.254400000000e+00
 2.880000000000e+00  3.080000000000e+00 -3.766400000000e+00
 2.880000000000e+00  3.160000000000e+00 -4.304000000000e+00
 2.880000000000e+00  3.240000000000e+00 -4.867200000000e+00
 2.880000000000e+00  3.320000000000e+00 -5.456000000000e+00
 2.880000000000e+00  3.400000000000e+00 -6.070400000000e+00
 2.880000000000e+00  3.480000000000e+00 -6.710400000000e+00
 2.880000000000e+00  3.560000000000e+00 -7.376000000000e+00
 2.880000000000e+00  3.640000000000e+00 -8.067200000000e+00
 2.880000000000e+00  3.720000000000e+00 -8.784000000000e+00
 2.880000000000e+00  3.800000000000e+00 -9.526400000000e+00
 2.880000000000e+00  3.880000000000e+00 -1.029440000000e+01
 2.880000000000e+00  3.960000000000e+00 -1.108800000000e+01
 2.880000000000e+00  4.040000000000e+00 -1.190720000000e+01
 2.880000000000e+00  4.120000000000e+00 -1.275200000000e+01
 2.880000000000e+00  4.200000000000e+00 -1.362240000000e+01
 2.880000000000e+00  4.280000000000e+00 -1.451840000000e+01
 2.880000000000e+00  4.360000000000e+00 -1.544000000000e+01
 2.880000000000e+00  4.440000000000e+00 -1.638720000000e+01
 2.880000000000e+00  4.520000000000e+00 -1.736000000000e+01
 2.880000000000e+00  4.600000000000e+00 -1.835840000000e+01
 2.880000000000e+00  4.680000000000e+00 -1.938240000000e+01
 2.880000000000e+00  4.760000000000e+00 -2.043200000000e+01
 2.880000000000e+00  4.840000000000e+00 -2.150720000000e+01
 2.880000000000e+00  4.920000000000e+00 -2.260800000000e+01
 2.880000000000e+00  5.000000000000e+00 -2.373440000000e+01

 2.960000000000e+00 -3.000000000000e+00 -3.860160000000e+01
 2.960000000000e+00 -2.920000000000e+00 -3.718080000000e+01
 2.960000000000e+00 -2.840000000000e+00 -3.578560000000e+01
 2.960000000000e+00 -2.760000000000e+00 -3.441600000000e+01
 2.960000000000e+00 -2.680000000000e+00 -3.307200000000e+01
 2.960000000000e+00 -2.600000000000e+00 -3.175360000000e+01
 2.960000000000e+00 -2.520000000000e+00 -3.046080000000e+01
 2.960000000000e+00 -2.440000000000e+00 -2.919360000000e+01
 2.960000000000e+00 -2.360000000000e+00 -2.795200000000e+01
 2.960000000000e+00 -2.280000000000e+00 -2.673600000000e+01
 2.960000000000e+00 -2.200000000000e+00 -2.554560000000e+01
 2.960000000000e+00 -2.120000000000e+00 -2.438080000000e+01
 2.960000000000e+00 -2.040000000000e+00 -2.324160000000e+01
 2.960000000000e+00 -1.960000000000e+00 -2.212800000000e+01
 2.960000000000e+00 -1.880000000000e+00 -2.104000000000e+01
 2.960000000000e+00 -1.800000000000e+00 -1.997760000000e+01
 2.960000000000e+00 -1.720000000000e+00 -1.894080000000e+01
 2.960000000000e+00 -1.640000000000e+00 -1.792960000000e+01
 2.960000000000e+00 -1.560000000000e+00 -1.694400000000e+01
 2.960000000000e+00 -1.480000000000e+00 -1.598400000000e+01
 2.960000000000e+00 -1.400000000000e+00 -1.504960000000e+01
 2.960000000000e+00 -1.320000000000e+00 -1.414080000000e+01
 2.960000000000e+00 -1.240000000000e+00 -1.325760000000e+01
 2.960000000000e+00 -1.160000000000e+00 -1.240000000000e+01
 2.960000000000e+00 -1.080000000000e+00 -1.156800000000e+01
 2.960000000000e+00 -1.000000000000e+00 -1.076160000000e+01
 2.960000000000e+00 -9.200000000000e-01 -9.980800000000e+00
 2.960000000000e+00 -8.400000000000e-01 -9.225600000000e+00
 2.960000000000e+00 -7.600000000000e-01 -8.496000000000e+00
 2.960000000000e+00 -6.800000000000e-01 -7.792000000000e+00
 2.960000000000e+00 -6.000000000000e-01 -7.113600000000e+00
 2.960000000000e+00 -5.200000000000e-01 -6.460800000000e+00
 2.960000000000e+00 -4.400000000000e-01 -5.833600000000e+00
 2.960000000000e+00 -3.600000000000e-01 -5.232000000000e+00
 2.960000000000e+00 -2.800000000000e-01 -4.656000000000e+00
 2.960000000000e+00 -2.000000000000e-01 -4.105600000000e+00
 2.960000000000e+00 -1.200000000000e-01 -3.580800000000e+00
 2.960000000000e+00 -4.000000000000e-02 -3.081600000000e+00
 2.960000000000e+00  4.000000000000e-02 -2.608000000000e+00
 2.960000000000e+00  1.200000000000e-01 -2.160000000000e+00
 2.960000000000e+00  2.000000000000e-01 -1.737600000000e+00
 2.960000000000e+00  2.800000000000e-01 -1.340800000000e+00
 2.960000000000e+00  3.600000000000e-01 -9.696000000000e-01
 2.960000000000e+00  4.400000000000e-01 -6.240000000000e-01
 2.960000000000e+00  5.200000000000e-01 -3.040000000000e-01
 2.960000000000e+00  6.000000000000e-01 -9.599999999998e-03
 2.960000000000e+00  6.800000000000e-01  2.592000000000e-01
 2.960000000000e+00  7.600000000000e-01  5.024000000000e-01
 2.960000000000e+00  8.400000000000e-01  7.200000000000e-01
 2.960000000000e+00  9.200000000000e-01  9.120000000000e-01
 2.960000000000e+00  1.000000000000e+00  1.078400000000e+00
 2.960000000000e+00  1.080000000000e+00  1.219200000000e+00
 2.960000000000e+00  1.160000000000e+00  1.334400000000e+00
 2.960000000000e+00  1.240000000000e+00  1.424000000000e+00
 2.960000000000e+00  1.320000000000e+00  1.488000000000e+00
 2.960000000000e+00  1.400000000000e+00  1.526400000000e+00
 2.960000000000e+00  1.480000000000e+00  1.539200000000e+00
 2.960000000000e+00  1.560000000000e+00  1.526400000000e+00
 2.960000000000e+00  1.640000000000e+00  1.488000000000e+00
 2.960000000000e+00  1.720000000000e+00  1.424000000000e+00
 2.960000000000e+00  1.800000000000e+00  1.334400000000e+00
 2.960000000000e+00  1.880000000000e+00  1.219200000000e+00
 2.960000000000e+00  1.960000000000e+00  1.078400000000e+00
 2.960000000000e+00  2.040000000000e+00  9.120000000000e-01
 2.960000000000e+00  2.120000000000e+00  7.200000000000e-01
 2.960000000000e+00  2.200000000000e+00  5.024000000000e-01
 2.960000000000e+00  2.280000000000e+00  2.592000000000e-01
 2.960000000000e+00  2.360000000000e+00 -9.600000000001e-03
 2.960000000000e+00  2.440000000000e+00 -3.040000000000e-01
 2.960000000000e+00  2.520000000000e+00 -6.240000000000e-01
 2.960000000000e+00  2.600000000000e+00 -9.696000000000e-01
 2.960000000000e+00  2.680000000000e+00 -1.340800000000e+00
 2.960000000000e+00  2.760000000000e+00 -1.737600000000e+00
 2.960000000000e+00  2.840000000000e+00 -2.160000000000e+00
 2.960000000000e+00  2.920000000000e+00 -2.608000000000e+00
 2.960000000000e+00  3.000000000000e+00 -3.081600000000e+00
 2.960000000000e+00  3.080000000000e+00 -3.580800000000e+00
 2.960000000000e+00  3.160000000000e+00 -4.105600000000e+00
 2.960000000000e+00  3.240000000000e+00 -4.656000000000e+00
 2.960000000000e+00  3.320000000000e+00 -5.232000000000e+00
 2.960000000000e+00  3.400000000000e+00 -5.833600000000e+00
 2.960000000000e+00  3.480000000000e+00 -6.460800000000e+00
 2.960000000000e+00  3.560000000000e+00 -7.113600000000e+00
 2.960000000000e+00  3.640000000000e+00 -7.792000000000e+00
 2.960000000000e+00  3.720000000000e+00 -8.496000000000e+00
 2.960000000000e+00  3.800000000000e+00 -9.225600000000e+00
 2.960000000000e+00  3.880000000000e+00 -9.980800000000e+00
 2.960000000000e+00  3.960000000000e+00 -1.076160000000e+01
 2.960000000000e+00  4.040000000000e+00 -1.156800000000e+01
 2.960000000000e+00  4.120000000000e+00 -1.240000000000e+01
 2.960000000000e+00  4.200000000000e+00 -1.325760000000e+01
 2.960000000000e+00  4.280000000000e+00 -1.414080000000e+01
 2.960000000000e+00  4.360000000000e+00 -1.504960000000e+01
 2.960000000000e+00  4.440000000000e+00 -1.598400000000e+01
 2.960000000000e+00  4.520000000000e+00 -1.694400000000e+01
 2.960000000000e+00  4.600000000000e+00 -1.792960000000e+01
 2.960000000000e+00  4.680000000000e+00 -1.894080000000e+01
 2.960000000000e+00  4.760000000000e+00 -1.997760000000e+01
 2.960000000000e+00  4.840000000000e+00 -2.104000000000e+01
 2.960000000000e+00  4.920000000000e+00 -2.212800000000e+01
 2.960000000000e+00  5.000000000000e+00 -2.324160000000e+01

 3.040000000000e+00 -3.000000000000e+00 -3.940160000000e+01
 3.040000000000e+00 -2.920000000000e+00 -3.796800000000e+01
 3.040000000000e+00 -2.840000000000e+00 -3.656000000000e+01
 3.040000000000e+00 -2.760000000000e+00 -3.517760000000e+01
 3.040000000000e+00 -2.680000000000e+00 -3.382080000000e+01
 3.040000000000e+00 -2.600000000000e+00 -3.248960000000e+01
 3.040000000000e+00 -2.520000000000e+00 -3.118400000000e+01
 3.040000000000e+00 -2.440000000000e+00 -2.990400000000e+01
 3.040000000000e+00 -2.360000000000e+00 -2.864960000000e+01
 3.040000000000e+00 -2.280000000000e+00 -2.742080000000e+01
 3.040000000000e+00 -2.200000000000e+00 -2.621760000000e+01
 3.040000000000e+00 -2.120000000000e+00 -2.504000000000e+01
 3.040000000000e+00 -2.040000000000e+00 -2.388800000000e+01
 3.040000000000e+00 -1.960000000000e+00 -2.276160000000e+01
 3.040000000000e+00 -1.880000000000e+00 -2.166080000000e+01
 3.040000000000e+00 -1.800000000000e+00 -2.058560000000e+01
 3.040000000000e+00 -1.720000000000e+00 -1.953600000000e+01
 3.040000000000e+00 -1.640000000000e+00 -1.851200000000e+01
 3.040000000000e+00 -1.560000000000e+00 -1.751360000000e+01
 3.040000000000e+00 -1.480000000000e+00 -1.654080000000e+01
 3.040000000000e+00 -1.400000000000e+00 -1.559360000000e+01
 3.040000000000e+00 -1.320000000000e+00 -1.467200000000e+01
 3.040000000000e+00 -1.240000000000e+00 -1.377600000000e+01
 3.040000000000e+00 -1.160000000000e+00 -1.290560000000e+01
 3.040000000000e+00 -1.080000000000e+00 -1.206080000000e+01
 3.040000000000e+00 -1.000000000000e+00 -1.124160000000e+01
 3.040000000000e+00 -9.200000000000e-01 -1.044800000000e+01
 3.040000000000e+00 -8.400000000000e-01 -9.680000000000e+00
 3.040000000000e+00 -7.600000000000e-01 -8.937600000000e+00
 3.040000000000e+00 -6.800000000000e-01 -8.220800000000e+00
 3.040000000000e+00 -6.000000000000e-01 -7.529600000000e+00
 3.040000000000e+00 -5.200000000000e-01 -6.864000000000e+00
 3.040000000000e+00 -4.400000000000e-01 -6.224000000000e+00
 3.040000000000e+00 -3.600000000000e-01 -5.609600000000e+00
 3.040000000000e+00 -2.800000000000e-01 -5.020800000000e+00
 3.040000000000e+00 -2.000000000000e-01 -4.457600000000e+00
 3.040000000000e+00 -1.200000000000e-01 -3.920000000000e+00
 3.040000000000e+00 -4.000000000000e-02 -3.408000000000e+00
 3.040000000000e+00  4.000000000000e-02 -2.921600000000e+00
 3.040000000000e+00  1.200000000000e-01 -2.460800000000e+00
 3.040000000000e+00  2.000000000000e-01 -2.025600000000e+00
 3.040000000000e+00  2.800000000000e-01 -1.616000000000e+00
 3.040000000000e+00  3.600000000000e-01 -1.232000000000e+00
 3.040000000000e+00  4.400000000000e-01 -8.736000000000e-01
 3.040000000000e+00  5.200000000000e-01 -5.408000000000e-01
 3.040000000000e+00  6.000000000000e-01 -2.336000000000e-01
 3.040000000000e+00  6.800000000000e-01  4.800000000000e-02
 3.040000000000e+00  7.600000000000e-01  3.040000000000e-01
 3.040000000000e+00  8.400000000000e-01  5.344000000000e-01
 3.040000000000e+00  9.200000000000e-01  7.392000000000e-01
 3.040000000000e+00  1.000000000000e+00  9.184000000000e-01
 3.040000000000e+00  1.080000000000e+00  1.072000000000e+00
 3.040000000000e+00  1.160000000000e+00  1.200000000000e+00
 3.040000000000e+00  1.240000000000e+00  1.302400000000e+00
 3.040000000000e+00  1.320000000000e+00  1.379200000000e+00
 3.040000000000e+00  1.400000000000e+00  1.430400000000e+00
 3.040000000000e+00  1.480000000000e+00  1.456000000000e+00
 3.040000000000e+00  1.560000000000e+00  1.456000000000e+00
 3.040000000000e+00  1.640000000000e+00  1.430400000000e+00
 3.040000000000e+00  1.720000000000e+00  1.379200000000e+00
 3.040000000000e+00  1.800000000000e+00  1.302400000000e+00
 3.040000000000e+00  1.880000000000e+00  1.200000000000e+00
 3.040000000000e+00  1.960000000000e+00  1.072000000000e+00
 3.040000000000e+00  2.040000000000e+00  9.184000000000e-01
 3.040000000000e+00  2.120000000000e+00  7.392000000000e-01
 3.040000000000e+00  2.200000000000e+00  5.344000000000e-01
 3.040000000000e+00  2.280000000000e+00  3.040000000000e-01
 3.040000000000e+00  2.360000000000e+00  4.800000000000e-02
 3.040000000000e+00  2.440000000000e+00 -2.336000000000e-01
 3.040000000000e+00  2.520000000000e+00 -5.408000000000e-01
 3.040000000000e+00  2.600000000000e+00 -8.736000000000e-01
 3.040000000000e+00  2.680000000000e+00 -1.232000000000e+00
 3.040000000000e+00  2.760000000000e+00 -1.616000000000e+00
 3.040000000000e+00  2.840000000000e+00 -2.025600000000e+00
 3.040000000000e+00  2.920000000000e+00 -2.460800000000e+00
 3.040000000000e+00  3.000000000000e+00 -2.921600000000e+00
 3.040000000000e+00  3.080000000000e+00 -3.408000000000e+00
 3.040000000000e+00  3.160000000000e+00 -3.920000000000e+00
 3.040000000000e+00  3.240000000000e+00 -4.457600000000e+00
 3.040000000000e+00  3.320000000000e+00 -5.020800000000e+00
 3.040000000000e+00  3.400000000000e+00 -5.609600000000e+00
 3.040000000000e+00  3.480000000000e+00 -6.224000000000e+00
 3.040000000000e+00  3.560000000000e+00 -6.864000000000e+00
 3.040000000000e+00  3.640000000000e+00 -7.529600000000e+00
 3.040000000000e+00  3.720000000000e+00 -8.220800000000e+00
 3.040000000000e+00  3.800000000000e+00 -8.937600000000e+00
 3.040000000000e+00  3.880000000000e+00 -9.680000000000e+00
 3.040000000000e+00  3.960000000000e+00 -1.044800000000e+01
 3.040000000000e+00  4.040000000000e+00 -1.124160000000e+01
 3.040000000000e+00  4.120000000000e+00 -1.206080000000e+01
 3.040000000000e+00  4.200000000000e+00 -1.290560000000e+01
 3.040000000000e+00  4.280000000000e+00 -1.377600000000e+01
 3.040000000000e+00  4.360000000000e+00 -1.467200000000e+01
 3.040000000000e+00  4.440000000000e+00 -1.559360000000e+01
 3.040000000000e+00  4.520000000000e+00 -1.654080000000e+01
 3.040000000000e+00  4.600000000000e+00 -1.751360000000e+01
 3.040000000000e+00  4.680000000000e+00 -1.851200000000e+01
 3.040000000000e+00  4.760000000000e+00 -1.953600000000e+01
 3.040000000000e+00  4.840000000000e+00 -2.058560000000e+01
 3.040000000000e+00  4.920000000000e+00 -2.166080000000e+01
 3.040000000000e+00  5.000000000000e+00 -2.276160000000e+01

 3.120000000000e+00 -3.000000000000e+00 -4.021440000000e+01
 3.120000000000e+00 -2.920000000000e+00 -3.876800000000e+01
 3.120000000000e+00 -2.840000000000e+00 -3.734720000000e+01
 3.120000000000e+00 -2.760000000000e+00 -3.595200000000e+01
 3.120000000000e+00 -2.680000000000e+00 -3.458240000000e+01
 3.120000000000e+00 -2.600000000000e+00 -3.323840000000e+01
 3.120000000000e+00 -2.520000000000e+00 -3.192000000000e+01
 3.120000000000e+00 -2.440000000000e+00 -3.062720000000e+01
 3.120000000000e+00 -2.360000000000e+00 -2.936000000000e+01
 3.120000000000e+00 -2.280000000000e+00 -2.811840000000e+01
 3.120000000000e+00 -2.200000000000e+00 -2.690240000000e+01
 3.120000000000e+00 -2.120000000000e+00 -2.571200000000e+01
 3.120000000000e+00 -2.040000000000e+00 -2.454720000000e+01
 3.120000000000e+00 -1.960000000000e+00 -2.340800000000e+01
 3.120000000000e+00 -1.880000000000e+00 -2.229440000000e+01
 3.120000000000e+00 -1.800000000000e+00 -2.120640000000e+01
 3.120000000000e+00 -1.720000000000e+00 -2.014400000000e+01
 3.120000000000e+00 -1.640000000000e+00 -1.910720000000e+01
 3.120000000000e+00 -1.560000000000e+00 -1.809600000000e+01
 3.120000000000e+00 -1.480000000000e+00 -1.711040000000e+01
 3.120000000000e+00 -1.400000000000e+00 -1.615040000000e+01
 3.120000000000e+00 -1.320000000000e+00 -1.521600000000e+01
 3.120000000000e+00 -1.240000000000e+00 -1.430720000000e+01
 3.120000000000e+00 -1.160000000000e+00 -1.342400000000e+01
 3.120000000000e+00 -1.080000000000e+00 -1.256640000000e+01
 3.120000000000e+00 -1.000000000000e+00 -1.173440000000e+01
 3.120000000000e+00 -9.200000000000e-01 -1.092800000000e+01
 3.120000000000e+00 -8.400000000000e-01 -1.014720000000e+01
 3.120000000000e+00 -7.600000000000e-01 -9.392000000000e+00
 3.120000000000e+00 -6.800000000000e-01 -8.662400000000e+00
 3.120000000000e+00 -6.000000000000e-01 -7.958400000000e+00
 3.120000000000e+00 -5.200000000000e-01 -7.280000000000e+00
 3.120000000000e+00 -4.400000000000e-01 -6.627200000000e+00
 3.120000000000e+00 -3.600000000000e-01 -6.000000000000e+00
 3.120000000000e+00 -2.800000000000e-01 -5.398400000000e+00
 3.120000000000e+00 -2.000000000000e-01 -4.822400000000e+00
 3.120000000000e+00 -1.200000000000e-01 -4.272000000000e+00
 3.120000000000e+00 -4.000000000000e-02 -3.747200000000e+00
 3.120000000000e+00  4.000000000000e-02 -3.248000000000e+00
 3.120000000000e+00  1.200000000000e-01 -2.774400000000e+00
 3.120000000000e+00  2.000000000000e-01 -2.326400000000e+00
 3.120000000000e+00  2.800000000000e-01 -1.904000000000e+00
 3.120000000000e+00  3.600000000000e-01 -1.507200000000e+00
 3.120000000000e+00  4.400000000000e-01 -1.136000000000e+00
 3.120000000000e+00  5.200000000000e-01 -7.904000000000e-01
 3.120000000000e+00  6.000000000000e-01 -4.704000000000e-01
 3.120000000000e+00  6.800000000000e-01 -1.760000000000e-01
 3.120000000000e+00  7.600000000000e-01  9.280000000000e-02
 3.120000000000e+00  8.400000000000e-01  3.360000000000e-01
 3.120000000000e+00  9.200000000000e-01  5.536000000000e-01
 3.120000000000e+00  1.000000000000e+00  7.456000000000e-01
 3.120000000000e+00  1.080000000000e+00  9.120000000000e-01
 3.120000000000e+00  1.160000000000e+00  1.052800000000e+00
 3.120000000000e+00  1.240000000000e+00  1.168000000000e+00
 3.120000000000e+00  1.320000000000e+00  1.257600000000e+00
 3.120000000000e+00  1.400000000000e+00  1.321600000000e+00
 3.120000000000e+00  1.480000000000e+00  1.360000000000e+00
 3.120000000000e+00  1.560000000000e+00  1.372800000000e+00
 3.120000000000e+00  1.640000000000e+00  1.360000000000e+00
 3.120000000000e+00  1.720000000000e+00  1.321600000000e+00
 3.120000000000e+00  1.800000000000e+00  1.257600000000e+00
 3.120000000000e+00  1.880000000000e+00  1.168000000000e+00
 3.120000000000e+00  1.960000000000e+00  1.052800000000e+00
 3.120000000000e+00  2.040000000000e+00  9.120000000000e-01
 3.120000000000e+00  2.120000000000e+00  7.456000000000e-01
 3.120000000000e+00  2.200000000000e+00  5.536000000000e-01
 3.120000000000e+00  2.280000000000e+00  3.360000000000e-01
 3.120000000000e+00  2.360000000000e+00  9.280000000000e-02
 3.120000000000e+00  2.440000000000e+00 -1.760000000000e-01
 3.120000000000e+00  2.520000000000e+00 -4.704000000000e-01
 3.120000000000e+00  2.600000000000e+00 -7.904000000000e-01
 3.120000000000e+00  2.680000000000e+00 -1.136000000000e+00
 3.120000000000e+00  2.760000000000e+00 -1.507200000000e+00
 3.120000000000e+00  2.840000000000e+00 -1.904000000000e+00
 3.120000000000e+00  2.920000000000e+00 -2.326400000000e+00
 3.120000000000e+00  3.000000000000e+00 -2.774400000000e+00
 3.120000000000e+00  3.080000000000e+00 -3.248000000000e+00
 3.120000000000e+00  3.160000000000e+00 -3.747200000000e+00
 3.120000000000e+00  3.240000000000e+00 -4.272000000000e+00
 3.120000000000e+00  3.320000000000e+00 -4.822400000000e+00
 3.120000000000e+00  3.400000000000e+00 -5.398400000000e+00
 3.120000000000e+00  3.480000000000e+00 -6.000000000000e+00
 3.120000000000e+00  3.560000000000e+00 -6.627200000000e+00
 3.120000000000e+00  3.640000000000e+00 -7.280000000000e+00
 3.120000000000e+00  3.720000000000e+00 -7.958400000000e+00
 3.120000000000e+00  3.800000000000e+00 -8.662400000000e+00
 3.120000000000e+00  3.880000000000e+00 -9.392000000000e+00
 3.120000000000e+00  3.960000000000e+00 -1.014720000000e+01
 3.120000000000e+00  4.040000000000e+00 -1.092800000000e+01
 3.120000000000e+00  4.120000000000e+00 -1.173440000000e+01
 3.120000000000e+00  4.200000000000e+00 -1.256640000000e+01
 3.120000000000e+00  4.280000000000e+00 -1.342400000000e+01
 3.120000000000e+00  4.360000000000e+00 -1.430720000000e+01
 3.120000000000e+00  4.440000000000e+00 -1.521600000000e+01
 3.120000000000e+00  4.520000000000e+00 -1.615040000000e+01
 3.120000000000e+00  4.600000000000e+00 -1.711040000000e+01
 3.120000000000e+00  4.680000000000e+00 -1.809600000000e+01
 3.120000000000e+00  4.760000000000e+00 -1.910720000000e+01
 3.120000000000e+00  4.840000000000e+00 -2.014400000000e+01
 3.120000000000e+00  4.920000000000e+00 -2.120640000000e+01
 3.120000000000e+00  5.000000000000e+00 -2.229440000000e+01

 3.200000000000e+00 -3.000000000000e+00 -4.104000000000e+01
 3.200000000000e+00 -2.920000000000e+00 -3.958080000000e+01
 3.200000000000e+00 -2.840000000000e+00 -3.814720000000e+01
 3.200000000000e+00 -2.760000000000e+00 -3.673920000000e+01
 3.200000000000e+00 -2.680000000000e+00 -3.535680000000e+01
 3.200000000000e+00 -2.600000000000e+00 -3.400000000000e+01
 3.200000000000e+00 -2.520000000000e+00 -3.266880000000e+01
 3.200000000000e+00 -2.440000000000e+00 -3.136320000000e+01
 3.200000000000e+00 -2.360000000000e+00 -3.008320000000e+01
 3.200000000000e+00 -2.280000000000e+00 -2.882880000000e+01
 3.200000000000e+00 -2.200000000000e+00 -2.760000000000e+01
 3.200000000000e+00 -2.120000000000e+00 -2.639680000000e+01
 3.200000000000e+00 -2.040000000000e+00 -2.521920000000e+01
 3.200000000000e+00 -1.960000000000e+00 -2.406720000000e+01
 3.200000000000e+00 -1.880000000000e+00 -2.294080000000e+01
 3.200000000000e+00 -1.800000000000e+00 -2.184000000000e+01
 3.200000000000e+00 -1.720000000000e+00 -2.076480000000e+01
 3.200000000000e+00 -1.640000000000e+00 -1.971520000000e+01
 3.200000000000e+00 -1.560000000000e+00 -1.869120000000e+01
 3.200000000000e+00 -1.480000000000e+00 -1.769280000000e+01
 3.200000000000e+00 -1.400000000000e+00 -1.672000000000e+01
 3.200000000000e+00 -1.320000000000e+00 -1.577280000000e+01
 3.200000000000e+00 -1.240000000000e+00 -1.485120000000e+01
 3.200000000000e+00 -1.160000000000e+00 -1.395520000000e+01
 3.200000000000e+00 -1.080000000000e+00 -1.308480000000e+01
 3.200000000000e+00 -1.000000000000e+00 -1.224000000000e+01
 3.200000000000e+00 -9.200000000000e-01 -1.142080000000e+01
 3.200000000000e+00 -8.400000000000e-01 -1.062720000000e+01
 3.200000000000e+00 -7.600000000000e-01 -9.859200000000e+00
 3.200000000000e+00 -6.800000000000e-01 -9.116800000000e+00
 3.200000000000e+00 -6.000000000000e-01 -8.400000000000e+00
 3.200000000000e+00 -5.200000000000e-01 -7.708800000000e+00
 3.200000000000e+00 -4.400000000000e-01 -7.043200000000e+00
 3.200000000000e+00 -3.600000000000e-01 -6.403200000000e+00
 3.200000000000e+00 -2.800000000000e-01 -5.788800000000e+00
 3.200000000000e+00 -2.000000000000e-01 -5.200000000000e+00
 3.200000000000e+00 -1.200000000000e-01 -4.636800000000e+00
 3.200000000000e+00 -4.000000000000e-02 -4.099200000000e+00
 3.200000000000e+00  4.000000000000e-02 -3.587200000000e+00
 3.200000000000e+00  1.200000000000e-01 -3.100800000000e+00
 3.200000000000e+00  2.000000000000e-01 -2.640000000000e+00
 3.200000000000e+00  2.800000000000e-01 -2.204800000000e+00
 3.200000000000e+00  3.600000000000e-01 -1.795200000000e+00
 3.200000000000e+00  4.400000000000e-01 -1.411200000000e+00
 3.200000000000e+00  5.200000000000e-01 -1.052800000000e+00
 3.200000000000e+00  6.000000000000e-01 -7.200000000000e-01
 3.200000000000e+00  6.800000000000e-01 -4.128000000000e-01
 3.200000000000e+00  7.600000000000e-01 -1.312000000000e-01
 3.200000000000e+00  8.400000000000e-01  1.248000000000e-01
 3.200000000000e+00  9.200000000000e-01  3.552000000000e-01
 3.200000000000e+00  1.000000000000e+00  5.600000000000e-01
 3.200000000000e+00  1.080000000000e+00  7.392000000000e-01
 3.200000000000e+00  1.160000000000e+00  8.928000000000e-01
 3.200000000000e+00  1.240000000000e+00  1.020800000000e+00
 3.200000000000e+00  1.320000000000e+00  1.123200000000e+00
 3.200000000000e+00  1.400000000000e+00  1.200000000000e+00
 3.200000000000e+00  1.480000000000e+00  1.251200000000e+00
 3.200000000000e+00  1.560000000000e+00  1.276800000000e+00
 3.200000000000e+00  1.640000000000e+00  1.276800000000e+00
 3.200000000000e+00  1.720000000000e+00  1.251200000000e+00
 3.200000000000e+00  1.800000000000e+00  1.200000000000e+00
 3.200000000000e+00  1.880000000000e+00  1.123200000000e+00
 3.200000000000e+00  1.960000000000e+00  1.020800000000e+00
 3.200000000000e+00  2.040000000000e+00  8.928000000000e-01
 3.200000000000e+00  2.120000000000e+00  7.392000000000e-01
 3.200000000000e+00  2.200000000000e+00  5.600000000000e-01
 3.200000000000e+00  2.280000000000e+00  3.552000000000e-01
 3.200000000000e+00  2.360000000000e+00  1.248000000000e-01
 3.200000000000e+00  2.440000000000e+00 -1.312000000000e-01
 3.200000000000e+00  2.520000000000e+00 -4.128000000000e-01
 3.200000000000e+00  2.600000000000e+00 -7.200000000000e-01
 3.200000000000e+00  2.680000000000e+00 -1.052800000000e+00
 3.200000000000e+00  2.760000000000e+00 -1.411200000000e+00
 3.200000000000e+00  2.840000000000e+00 -1.795200000000e+00
 3.200000000000e+00  2.920000000000e+00 -2.204800000000e+00
 3.200000000000e+00  3.000000000000e+00 -2.640000000000e+00
 3.200000000000e+00  3.080000000000e+00 -3.100800000000e+00
 3.200000000000e+00  3.160000000000e+00 -3.587200000000e+00
 3.200000000000e+00  3.240000000000e+00 -4.099200000000e+00
 3.200000000000e+00  3.320000000000e+00 -4.636800000000e+00
 3.200000000000e+00  3.400000000000e+00 -5.200000000000e+00
 3.200000000000e+00  3.480000000000e+00 -5.788800000000e+00
 3.200000000000e+00  3.560000000000e+00 -6.403200000000e+00
 3.200000000000e+00  3.640000000000e+00 -7.043200000000e+00
 3.200000000000e+00  3.720000000000e+00 -7.708800000000e+00
 3.200000000000e+00  3.800000000000e+00 -8.400000000000e+00
 3.200000000000e+00  3.880000000000e+00 -9.116800000000e+00
 3.200000000000e+00  3.960000000000e+00 -9.859200000000e+00
 3.200000000000e+00  4.040000000000e+00 -1.062720000000e+01
 3.200000000000e+00  4.120000000000e+00 -1.142080000000e+01
 3.200000000000e+00  4.200000000000e+00 -1.224000000000e+01
 3.200000000000e+00  4.280000000000e+00 -1.308480000000e+01
 3.200000000000e+00  4.360000000000e+00 -1.395520000000e+01
 3.200000000000e+00  4.440000000000e+00 -1.485120000000e+01
 3.200000000000e+00  4.520000000000e+00 -1.577280000000e+01
 3.200000000000e+00  4.600000000000e+00 -1.672000000000e+01
 3.200000000000e+00  4.680000000000e+00 -1.769280000000e+01
 3.200000000000e+00  4.760000000000e+00 -1.869120000000e+01
 3.200000000000e+00  4.840000000000e+00 -1.971520000000e+01
 3.200000000000e+00  4.920000000000e+00 -2.076480000000e+01
 3.200000000000e+00  5.000000000000e+00 -2.184000000000e+01

 3.280000000000e+00 -3.000000000000e+00 -4.187840000000e+01
 3.280000000000e+00 -2.920000000000e+00 -4.040640000000e+01
 3.280000000000e+00 -2.840000000000e+00 -3.896000000000e+01
 3.280000000000e+00 -2.760000000000e+00 -3.753920000000e+01
 3.280000000000e+00 -2.680000000000e+00 -3.614400000000e+01
 3.280000000000e+00 -2.600000000000e+00 -3.477440000000e+01
 3.280000000000e+00 -2.520000000000e+00 -3.343040000000e+01
 3.280000000000e+00 -2.440000000000e+00 -3.211200000000e+01
 3.280000000000e+00 -2.360000000000e+00 -3.081920000000e+01
 3.280000000000e+00 -2.280000000000e+00 -2.955200000000e+01
 3.280000000000e+00 -2.200000000000e+00 -2.831040000000e+01
 3.280000000000e+00 -2.120000000000e+00 -2.709440000000e+01
 3.280000000000e+00 -2.040000000000e+00 -2.590400000000e+01
 3.280000000000e+00 -1.960000000000e+00 -2.473920000000e+01
 3.280000000000e+00 -1.880000000000e+00 -2.360000000000e+01
 3.280000000000e+00 -1.800000000000e+00 -2.248640000000e+01
 3.280000000000e+00 -1.720000000000e+00 -2.139840000000e+01
 3.280000000000e+00 -1.640000000000e+00 -2.033600000000e+01
 3.280000000000e+00 -1.560000000000e+00 -1.929920000000e+01
 3.280000000000e+00 -1.480000000000e+00 -1.828800000000e+01
 3.280000000000e+00 -1.400000000000e+00 -1.730240000000e+01
 3.280000000000e+00 -1.320000000000e+00 -1.634240000000e+01
 3.280000000000e+00 -1.240000000000e+00 -1.540800000000e+01
 3.280000000000e+00 -1.160000000000e+00 -1.449920000000e+01
 3.280000000000e+00 -1.080000000000e+00 -1.361600000000e+01
 3.280000000000e+00 -1.000000000000e+00 -1.275840000000e+01
 3.280000000000e+00 -9.200000000000e-01 -1.192640000000e+01
 3.280000000000e+00 -8.400000000000e-01 -1.112000000000e+01
 3.280000000000e+00 -7.600000000000e-01 -1.033920000000e+01
 3.280000000000e+00 -6.800000000000e-01 -9.584000000000e+00
 3.280000000000e+00 -6.000000000000e-01 -8.854400000000e+00
 3.280000000000e+00 -5.200000000000e-01 -8.150400000000e+00
 3.280000000000e+00 -4.400000000000e-01 -7.472000000000e+00
 3.280000000000e+00 -3.600000000000e-01 -6.819200000000e+00
 3.280000000000e+00 -2.800000000000e-01 -6.192000000000e+00
 3.280000000000e+00 -2.000000000000e-01 -5.590400000000e+00
 3.280000000000e+00 -1.200000000000e-01 -5.014400000000e+00
 3.280000000000e+00 -4.000000000000e-02 -4.464000000000e+00
 3.280000000000e+00  4.000000000000e-02 -3.939200000000e+00
 3.280000000000e+00  1.200000000000e-01 -3.440000000000e+00
 3.280000000000e+00  2.000000000000e-01 -2.966400000000e+00
 3.280000000000e+00  2.800000000000e-01 -2.518400000000e+00
 3.280000000000e+00  3.600000000000e-01 -2.096000000000e+00
 3.280000000000e+00  4.400000000000e-01 -1.699200000000e+00
 3.280000000000e+00  5.200000000000e-01 -1.328000000000e+00
 3.280000000000e+00  6.000000000000e-01 -9.824000000000e-01
 3.280000000000e+00  6.800000000000e-01 -6.624000000000e-01
 3.280000000000e+00  7.600000000000e-01 -3.680000000000e-01
 3.280000000000e+00  8.400000000000e-01 -9.920000000000e-02
 3.280000000000e+00  9.200000000000e-01  1.440000000000e-01
 3.280000000000e+00  1.000000000000e+00  3.616000000000e-01
 3.280000000000e+00  1.080000000000e+00  5.536000000000e-01
 3.280000000000e+00  1.160000000000e+00  7.200000000000e-01
 3.280000000000e+00  1.240000000000e+00  8.608000000000e-01
 3.280000000000e+00  1.320000000000e+00  9.760000000000e-01
 3.280000000000e+00  1.400000000000e+00  1.065600000000e+00
 3.280000000000e+00  1.480000000000e+00  1.129600000000e+00
 3.280000000000e+00  1.560000000000e+00  1.168000000000e+00
 3.280000000000e+00  1.640000000000e+00  1.180800000000e+00
 3.280000000000e+00  1.720000000000e+00  1.168000000000e+00
 3.280000000000e+00  1.800000000000e+00  1.129600000000e+00
 3.280000000000e+00  1.880000000000e+00  1.065600000000e+00
 3.280000000000e+00  1.960000000000e+00  9.760000000000e-01
 3.280000000000e+00  2.040000000000e+00  8.608000000000e-01
 3.280000000000e+00  2.120000000000e+00  7.200000000000e-01
 3.280000000000e+00  2.200000000000e+00  5.536000000000e-01
 3.280000000000e+00  2.280000000000e+00  3.616000000000e-01
 3.280000000000e+00  2.360000000000e+00  1.440000000000e-01
 3.280000000000e+00  2.440000000000e+00 -9.920000000000e-02
 3.280000000000e+00  2.520000000000e+00 -3.680000000000e-01
 3.280000000000e+00  2.600000000000e+00 -6.624000000000e-01
 3.280000000000e+00  2.680000000000e+00 -9.824000000000e-01
 3.280000000000e+00  2.760000000000e+00 -1.328000000000e+00
 3.280000000000e+00  2.840000000000e+00 -1.699200000000e+00
 3.280000000000e+00  2.920000000000e+00 -2.096000000000e+00
 3.280000000000e+00  3.000000000000e+00 -2.518400000000e+00
 3.280000000000e+00  3.080000000000e+00 -2.966400000000e+00
 3.280000000000e+00  3.160000000000e+00 -3.440000000000e+00
 3.280000000000e+00  3.240000000000e+00 -3.939200000000e+00
 3.280000000000e+00  3.320000000000e+00 -4.464000000000e+00
 3.280000000000e+00  3.400000000000e+00 -5.014400000000e+00
 3.280000000000e+00  3.480000000000e+00 -5.590400000000e+00
 3.280000000000e+00  3.560000000000e+00 -6.192000000000e+00
 3.280000000000e+00  3.640000000000e+00 -6.819200000000e+00
 3.280000000000e+00  3.720000000000e+00 -7.472000000000e+00
 3.280000000000e+00  3.800000000000e+00 -8.150400000000e+00
 3.280000000000e+00  3.880000000000e+00 -8.854400000000e+00
 3.280000000000e+00  3.960000000000e+00 -9.584000000000e+00
 3.280000000000e+00  4.040000000000e+00 -1.033920000000e+01
 3.280000000000e+00  4.120000000000e+00 -1.112000000000e+01
 3.280000000000e+00  4.200000000000e+00 -1.192640000000e+01
 3.280000000000e+00  4.280000000000e+00 -1.275840000000e+01
 3.280000000000e+00  4.360000000000e+00 -1.361600000000e+01
 3.280000000000e+00  4.440000000000e+00 -1.449920000000e+01
 3.280000000000e+00  4.520000000000e+00 -1.540800000000e+01
 3.280000000000e+00  4.600000000000e+00 -1.634240000000e+01
 3.280000000000e+00  4.680000000000e+00 -1.730240000000e+01
 3.280000000000e+00  4.760000000000e+00 -1.828800000000e+01
 3.280000000000e+00  4.840000000000e+00 -1.929920000000e+01
 3.280000000000e+00  4.920000000000e+00 -2.033600000000e+01
 3.280000000000e+00  5.000000000000e+00 -2.139840000000e+01

 3.360000000000e+00 -3.000000000000e+00 -4.272960000000e+01
 3.360000000000e+00 -2.920000000000e+00 -4.124480000000e+01
 3.360000000000e+00 -2.840000000000e+00 -3.978560000000e+01
 3.360000000000e+00 -2.760000000000e+00 -3.835200000000e+01
 3.360000000000e+00 -2.680000000000e+00 -3.694400000000e+01
 3.360000000000e+00 -2.600000000000e+00 -3.556160000000e+01
 3.360000000000e+00 -2.520000000000e+00 -3.420480000000e+01
 3.360000000000e+00 -2.440000000000e+00 -3.287360000000e+01
 3.360000000000e+00 -2.360000000000e+00 -3.156800000000e+01
 3.360000000000e+00 -2.280000000000e+00 -3.028800000000e+01
 3.360000000000e+00 -2.200000000000e+00 -2.903360000000e+01
 3.360000000000e+00 -2.120000000000e+00 -2.780480000000e+01
 3.360000000000e+00 -2.040000000000e+00 -2.660160000000e+01
 3.360000000000e+00 -1.960000000000e+00 -2.542400000000e+01
 3.360000000000e+00 -1.880000000000e+00 -2.427200000000e+01
 3.360000000000e+00 -1.800000000000e+00 -2.314560000000e+01
 3.360000000000e+00 -1.720000000000e+00 -2.204480000000e+01
 3.360000000000e+00 -1.640000000000e+00 -2.096960000000e+01
 3.360000000000e+00 -1.560000000000e+00 -1.992000000000e+01
 3.360000000000e+00 -1.480000000000e+00 -1.889600000000e+01
 3.360000000000e+00 -1.400000000000e+00 -1.789760000000e+01
 3.360000000000e+00 -1.320000000000e+00 -1.692480000000e+01
 3.360000000000e+00 -1.240000000000e+00 -1.597760000000e+01
 3.360000000000e+00 -1.160000000000e+00 -1.505600000000e+01
 3.360000000000e+00 -1.080000000000e+00 -1.416000000000e+01
 3.360000000000e+00 -1.000000000000e+00 -1.328960000000e+01
 3.360000000000e+00 -9.200000000000e-01 -1.244480000000e+01
 3.360000000000e+00 -8.400000000000e-01 -1.162560000000e+01
 3.360000000000e+00 -7.600000000000e-01 -1.083200000000e+01
 3.360000000000e+00 -6.800000000000e-01 -1.006400000000e+01
 3.360000000000e+00 -6.000000000000e-01 -9.321600000000e+00
 3.360000000000e+00 -5.200000000000e-01 -8.604800000000e+00
 3.360000000000e+00 -4.400000000000e-01 -7.913600000000e+00
 3.360000000000e+00 -3.600000000000e-01 -7.248000000000e+00
 3.360000000000e+00 -2.800000000000e-01 -6.608000000000e+00
 3.360000000000e+00 -2.000000000000e-01 -5.993600000000e+00
 3.360000000000e+00 -1.200000000000e-01 -5.404800000000e+00
 3.360000000000e+00 -4.000000000000e-02 -4.841600000000e+00
 3.360000000000e+00  4.000000000000e-02 -4.304000000000e+00
 3.360000000000e+00  1.200000000000e-01 -3.792000000000e+00
 3.360000000000e+00  2.000000000000e-01 -3.305600000000e+00
 3.360000000000e+00  2.800000000000e-01 -2.844800000000e+00
 3.360000000000e+00  3.600000000000e-01 -2.409600000000e+00
 3.360000000000e+00  4.400000000000e-01 -2.000000000000e+00
 3.360000000000e+00  5.200000000000e-01 -1.616000000000e+00
 3.360000000000e+00  6.000000000000e-01 -1.257600000000e+00
 3.360000000000e+00  6.800000000000e-01 -9.248000000000e-01
 3.360000000000e+00  7.600000000000e-01 -6.176000000000e-01
 3.360000000000e+00  8.400000000000e-01 -3.360000000000e-01
 3.360000000000e+00  9.200000000000e-01 -8.000000000000e-02
 3.360000000000e+00  1.000000000000e+00  1.504000000000e-01
 3.360000000000e+00  1.080000000000e+00  3.552000000000e-01
 3.360000000000e+00  1.160000000000e+00  5.344000000000e-01
 3.360000000000e+00  1.240000000000e+00  6.880000000000e-01
 3.360000000000e+00  1.320000000000e+00  8.160000000000e-01
 3.360000000000e+00  1.400000000000e+00  9.184000000000e-01
 3.360000000000e+00  1.480000000000e+00  9.952000000000e-01
 3.360000000000e+00  1.560000000000e+00  1.046400000000e+00
 3.360000000000e+00  1.640000000000e+00  1.072000000000e+00
 3.360000000000e+00  1.720000000000e+00  1.072000000000e+00
 3.360000000000e+00  1.800000000000e+00  1.046400000000e+00
 3.360000000000e+00  1.880000000000e+00  9.952000000000e-01
 3.360000000000e+00  1.960000000000e+00  9.184000000000e-01
 3.360000000000e+00  2.040000000000e+00  8.160000000000e-01
 3.360000000000e+00  2.120000000000e+00  6.880000000000e-01
 3.360000000000e+00  2.200000000000e+00  5.344000000000e-01
 3.360000000000e+00  2.280000000000e+00  3.552000000000e-01
 3.360000000000e+00  2.360000000000e+00  1.504000000000e-01
 3.360000000000e+00  2.440000000000e+00 -8.000000000000e-02
 3.360000000000e+00  2.520000000000e+00 -3.360000000000e-01
 3.360000000000e+00  2.600000000000e+00 -6.176000000000e-01
 3.360000000000e+00  2.680000000000e+00 -9.248000000000e-01
 3.360000000000e+00  2.760000000000e+00 -1.257600000000e+00
 3.360000000000e+00  2.840000000000e+00 -1.616000000000e+00
 3.360000000000e+00  2.920000000000e+00 -2.000000000000e+00
 3.360000000000e+00  3.000000000000e+00 -2.409600000000e+00
 3.360000000000e+00  3.080000000000e+00 -2.844800000000e+00
 3.360000000000e+00  3.160000000000e+00 -3.305600000000e+00
 3.360000000000e+00  3.240000000000e+00 -3.792000000000e+00
 3.360000000000e+00  3.320000000000e+00 -4.304000000000e+00
 3.360000000000e+00  3.400000000000e+00 -4.841600000000e+00
 3.360000000000e+00  3.480000000000e+00 -5.404800000000e+00
 3.360000000000e+00  3.560000000000e+00 -5.993600000000e+00
 3.360000000000e+00  3.640000000000e+00 -6.608000000000e+00
 3.360000000000e+00  3.720000000000e+00 -7.248000000000e+00
 3.360000000000e+00  3.800000000000e+00 -7.913600000000e+00
 3.360000000000e+00  3.880000000000e+00 -8.604800000000e+00
 3.360000000000e+00  3.960000000000e+00 -9.321600000000e+00
 3.360000000000e+00  4.040000000000e+00 -1.006400000000e+01
 3.360000000000e+00  4.120000000000e+00 -1.083200000000e+01
 3.360000000000e+00  4.200000000000e+00 -1.162560000000e+01
 3.360000000000e+00  4.280000000000e+00 -1.244480000000e+01
 3.360000000000e+00  4.360000000000e+00 -1.328960000000e+01
 3.360000000000e+00  4.440000000000e+00 -1.416000000000e+01
 3.360000000000e+00  4.520000000000e+00 -1.505600000000e+01
 3.360000000000e+00  4.600000000000e+00 -1.597760000000e+01
 3.360000000000e+00  4.680000000000e+00 -1.692480000000e+01
 3.360000000000e+00  4.760000000000e+00 -1.789760000000e+01
 3.360000000000e+00  4.840000000000e+00 -1.889600000000e+01
 3.360000000000e+00  4.920000000000e+00 -1.992000000000e+01
 3.360000000000e+00  5.000000000000e+00 -2.096960000000e+01

 3.440000000000e+00 -3.000000000000e+00 -4.359360000000e+01
 3.440000000000e+00 -2.920000000000e+00 -4.209600000000e+01
 3.440000000000e+00 -2.840000000000e+00 -4.062400000000e+01
 3.440000000000e+00 -2.760000000000e+00 -3.917760000000e+01
 3.440000000000e+00 -2.680000000000e+00 -3.775680000000e+01
 3.440000000000e+00 -2.600000000000e+00 -3.636160000000e+01
 3.440000000000e+00 -2.520000000000e+00 -3.499200000000e+01
 3.440000000000e+00 -2.440000000000e+00 -3.364800000000e+01
 3.440000000000e+00 -2.360000000000e+00 -3.232960000000e+01
 3.440000000000e+00 -2.280000000000e+00 -3.103680000000e+01
 3.440000000000e+00 -2.200000000000e+00 -2.976960000000e+01
 3.440000000000e+00 -2.120000000000e+00 -2.852800000000e+01
 3.440000000000e+00 -2.040000000000e+00 -2.731200000000e+01
 3.440000000000e+00 -1.960000000000e+00 -2.612160000000e+01
 3.440000000000e+00 -1.880000000000e+00 -2.495680000000e+01
 3.440000000000e+00 -1.800000000000e+00 -2.381760000000e+01
 3.440000000000e+00 -1.720000000000e+00 -2.270400000000e+01
 3.440000000000e+00 -1.640000000000e+00 -2.161600000000e+01
 3.440000000000e+00 -1.560000000000e+00 -2.055360000000e+01
 3.440000000000e+00 -1.480000000000e+00 -1.951680000000e+01
 3.440000000000e+00 -1.400000000000e+00 -1.850560000000e+01
 3.440000000000e+00 -1.320000000000e+00 -1.752000000000e+01
 3.440000000000e+00 -1.240000000000e+00 -1.656000000000e+01
 3.440000000000e+00 -1.160000000000e+00 -1.562560000000e+01
 3.440000000000e+00 -1.080000000000e+00 -1.471680000000e+01
 3.440000000000e+00 -1.000000000000e+00 -1.383360000000e+01
 3.440000000000e+00 -9.200000000000e-01 -1.297600000000e+01
 3.440000000000e+00 -8.400000000000e-01 -1.214400000000e+01
 3.440000000000e+00 -7.600000000000e-01 -1.133760000000e+01
 3.440000000000e+00 -6.800000000000e-01 -1.055680000000e+01
 3.440000000000e+00 -6.000000000000e-01 -9.801600000000e+00
 3.440000000000e+00 -5.200000000000e-01 -9.072000000000e+00
 3.440000000000e+00 -4.400000000000e-01 -8.368000000000e+00
 3.440000000000e+00 -3.600000000000e-01 -7.689600000000e+00
 3.440000000000e+00 -2.800000000000e-01 -7.036800000000e+00
 3.440000000000e+00 -2.000000000000e-01 -6.409600000000e+00
 3.440000000000e+00 -1.200000000000e-01 -5.808000000000e+00
 3.440000000000e+00 -4.000000000000e-02 -5.232000000000e+00
 3.440000000000e+00  4.000000000000e-02 -4.681600000000e+00
 3.440000000000e+00  1.200000000000e-01 -4.156800000000e+00
 3.440000000000e+00  2.000000000000e-01 -3.657600000000e+00
 3.440000000000e+00  2.800000000000e-01 -3.184000000000e+00
 3.440000000000e+00  3.600000000000e-01 -2.736000000000e+00
 3.440000000000e+00  4.400000000000e-01 -2.313600000000e+00
 3.440000000000e+00  5.200000000000e-01 -1.916800000000e+00
 3.440000000000e+00  6.000000000000e-01 -1.545600000000e+00
 3.440000000000e+00  6.800000000000e-01 -1.200000000000e+00
 3.440000000000e+00  7.600000000000e-01 -8.800000000000e-01
 3.440000000000e+00  8.400000000000e-01 -5.856000000000e-01
 3.440000000000e+00  9.200000000000e-01 -3.168000000000e-01
 3.440000000000e+00  1.000000000000e+00 -7.360000000000e-02
 3.440000000000e+00  1.080000000000e+00  1.440000000000e-01
 3.440000000000e+00  1.160000000000e+00  3.360000000000e-01
 3.440000000000e+00  1.240000000000e+00  5.024000000000e-01
 3.440000000000e+00  1.320000000000e+00  6.432000000000e-01
 3.440000000000e+00  1.400000000000e+00  7.584000000000e-01
 3.440000000000e+00  1.480000000000e+00  8.480000000000e-01
 3.440000000000e+00  1.560000000000e+00  9.120000000000e-01
 3.440000000000e+00  1.640000000000e+00  9.504000000000e-01
 3.440000000000e+00  1.720000000000e+00  9.632000000000e-01
 3.440000000000e+00  1.800000000000e+00  9.504000000000e-01
 3.440000000000e+00  1.880000000000e+00  9.120000000000e-01
 3.440000000000e+00  1.960000000000e+00  8.480000000000e-01
 3.440000000000e+00  2.040000000000e+00  7.584000000000e-01
 3.440000000000e+00  2.120000000000e+00  6.432000000000e-01
 3.440000000000e+00  2.200000000000e+00  5.024000000000e-01
 3.440000000000e+00  2.280000000000e+00  3.360000000000e-01
 3.440000000000e+00  2.360000000000e+00  1.440000000000e-01
 3.440000000000e+00  2.440000000000e+00 -7.360000000000e-02
 3.440000000000e+00  2.520000000000e+00 -3.168000000000e-01
 3.440000000000e+00  2.600000000000e+00 -5.856000000000e-01
 3.440000000000e+00  2.680000000000e+00 -8.800000000000e-01
 3.440000000000e+00  2.760000000000e+00 -1.200000000000e+00
 3.440000000000e+00  2.840000000000e+00 -1.545600000000e+00
 3.440000000000e+00  2.920000000000e+00 -1.916800000000e+00
 3.440000000000e+00  3.000000000000e+00 -2.313600000000e+00
 3.440000000000e+00  3.080000000000e+00 -2.736000000000e+00
 3.440000000000e+00  3.160000000000e+00 -3.184000000000e+00
 3.440000000000e+00  3.240000000000e+00 -3.657600000000e+00
 3.440000000000e+00  3.320000000000e+00 -4.156800000000e+00
 3.440000000000e+00  3.400000000000e+00 -4.681600000000e+00
 3.440000000000e+00  3.480000000000e+00 -5.232000000000e+00
 3.440000000000e+00  3.560000000000e+00 -5.808000000000e+00
 3.440000000000e+00  3.640000000000e+00 -6.409600000000e+00
 3.440000000000e+00  3.720000000000e+00 -7.036800000000e+00
 3.440000000000e+00  3.800000000000e+00 -7.689600000000e+00
 3.440000000000e+00  3.880000000000e+00 -8.368000000000e+00
 3.440000000000e+00  3.960000000000e+00 -9.072000000000e+00
 3.440000000000e+00  4.040000000000e+00 -9.801600000000e+00
 3.440000000000e+00  4.120000000000e+00 -1.055680000000e+01
 3.440000000000e+00  4.200000000000e+00 -1.133760000000e+01
 3.440000000000e+00  4.280000000000e+00 -1.214400000000e+01
 3.440000000000e+00  4.360000000000e+00 -1.297600000000e+01
 3.440000000000e+00  4.440000000000e+00 -1.383360000000e+01
 3.440000000000e+00  4.520000000000e+00 -1.471680000000e+01
 3.440000000000e+00  4.600000000000e+00 -1.562560000000e+01
 3.440000000000e+00  4.680000000000e+00 -1.656000000000e+01
 3.440000000000e+00  4.760000000000e+00 -1.752000000000e+01
 3.440000000000e+00  4.840000000000e+00 -1.850560000000e+01
 3.440000000000e+00  4.920000000000e+00 -1.951680000000e+01
 3.440000000000e+00  5.000000000000e+00 -2.055360000000e+01

 3.520000000000e+00 -3.000000000000e+00 -4.447040000000e+01
 3.520000000000e+00 -2.920000000000e+00 -4.296000000000e+01
 3.520000000000e+00 -2.840000000000e+00 -4.147520000000e+01
 3.520000000000e+00 -2.760000000000e+00 -4.001600000000e+01
 3.520000000000e+00 -2.680000000000e+00 -3.858240000000e+01
 3.520000000000e+00 -2.600000000000e+00 -3.717440000000e+01
 3.520000000000e+00 -2.520000000000e+00 -3.579200000000e+01
 3.520000000000e+00 -2.440000000000e+00 -3.443520000000e+01
 3.520000000000e+00 -2.360000000000e+00 -3.310400000000e+01
 3.520000000000e+00 -2.280000000000e+00 -3.179840000000e+01
 3.520000000000e+00 -2.200000000000e+00 -3.051840000000e+01
 3.520000000000e+00 -2.120000000000e+00 -2.926400000000e+01
 3.520000000000e+00 -2.040000000000e+00 -2.803520000000e+01
 3.520000000000e+00 -1.960000000000e+00 -2.683200000000e+01
 3.520000000000e+00 -1.880000000000e+00 -2.565440000000e+01
 3.520000000000e+00 -1.800000000000e+00 -2.450240000000e+01
 3.520000000000e+00 -1.720000000000e+00 -2.337600000000e+01
 3.520000000000e+00 -1.640000000000e+00 -2.227520000000e+01
 3.520000000000e+00 -1.560000000000e+00 -2.120000000000e+01
 3.520000000000e+00 -1.480000000000e+00 -2.015040000000e+01
 3.520000000000e+00 -1.400000000000e+00 -1.912640000000e+01
 3.520000000000e+00 -1.320000000000e+00 -1.812800000000e+01
 3.520000000000e+00 -1.240000000000e+00 -1.715520000000e+01
 3.520000000000e+00 -1.160000000000e+00 -1.620800000000e+01
 3.520000000000e+00 -1.080000000000e+00 -1.528640000000e+01
 3.520000000000e+00 -1.000000000000e+00 -1.439040000000e+01
 3.520000000000e+00 -9.200000000000e-01 -1.352000000000e+01
 3.520000000000e+00 -8.400000000000e-01 -1.267520000000e+01
 3.520000000000e+00 -7.600000000000e-01 -1.185600000000e+01
 3.520000000000e+00 -6.800000000000e-01 -1.106240000000e+01
 3.520000000000e+00 -6.000000000000e-01 -1.029440000000e+01
 3.520000000000e+00 -5.200000000000e-01 -9.552000000000e+00
 3.520000000000e+00 -4.400000000000e-01 -8.835200000000e+00
 3.520000000000e+00 -3.600000000000e-01 -8.144000000000e+00
 3.520000000000e+00 -2.800000000000e-01 -7.478400000000e+00
 3.520000000000e+00 -2.000000000000e-01 -6.838400000000e+00
 3.520000000000e+00 -1.200000000000e-01 -6.224000000000e+00
 3.520000000000e+00 -4.000000000000e-02 -5.635200000000e+00
 3.520000000000e+00  4.000000000000e-02 -5.072000000000e+00
 3.520000000000e+00  1.200000000000e-01 -4.534400000000e+00
 3.520000000000e+00  2.000000000000e-01 -4.022400000000e+00
 3.520000000000e+00  2.800000000000e-01 -3.536000000000e+00
 3.520000000000e+00  3.600000000000e-01 -3.075200000000e+00
 3.520000000000e+00  4.400000000000e-01 -2.640000000000e+00
 3.520000000000e+00  5.200000000000e-01 -2.230400000000e+00
 3.520000000000e+00  6.000000000000e-01 -1.846400000000e+00
 3.520000000000e+00  6.800000000000e-01 -1.488000000000e+00
 3.520000000000e+00  7.600000000000e-01 -1.155200000000e+00
 3.520000000000e+00  8.400000000000e-01 -8.480000000000e-01
 3.520000000000e+00  9.200000000000e-01 -5.664000000000e-01
 3.520000000000e+00  1.000000000000e+00 -3.104000000000e-01
 3.520000000000e+00  1.080000000000e+00 -8.000000000000e-02
 3.520000000000e+00  1.160000000000e+00  1.248000000000e-01
 3.520000000000e+00  1.240000000000e+00  3.040000000000e-01
 3.520000000000e+00  1.320000000000e+00  4.576000000000e-01
 3.520000000000e+00  1.400000000000e+00  5.856000000000e-01
 3.520000000000e+00  1.480000000000e+00  6.880000000000e-01
 3.520000000000e+00  1.560000000000e+00  7.648000000000e-01
 3.520000000000e+00  1.640000000000e+00  8.160000000000e-01
 3.520000000000e+00  1.720000000000e+00  8.416000000000e-01
 3.520000000000e+00  1.800000000000e+00  8.416000000000e-01
 3.520000000000e+00  1.880000000000e+00  8.160000000000e-01
 3.520000000000e+00  1.960000000000e+00  7.648000000000e-01
 3.520000000000e+00  2.040000000000e+00  6.880000000000e-01
 3.520000000000e+00  2.120000000000e+00  5.856000000000e-01
 3.520000000000e+00  2.200000000000e+00  4.576000000000e-01
 3.520000000000e+00  2.280000000000e+00  3.040000000000e-01
 3.520000000000e+00  2.360000000000e+00  1.248000000000e-01
 3.520000000000e+00  2.440000000000e+00 -8.000000000000e-02
 3.520000000000e+00  2.520000000000e+00 -3.104000000000e-01
 3.520000000000e+00  2.600000000000e+00 -5.664000000000e-01
 3.520000000000e+00  2.680000000000e+00 -8.480000000000e-01
 3.520000000000e+00  2.760000000000e+00 -1.155200000000e+00
 3.520000000000e+00  2.840000000000e+00 -1.488000000000e+00
 3.520000000000e+00  2.920000000000e+00 -1.846400000000e+00
 3.520000000000e+00  3.000000000000e+00 -2.230400000000e+00
 3.520000000000e+00  3.080000000000e+00 -2.640000000000e+00
 3.520000000000e+00  3.160000000000e+00 -3.075200000000e+00
 3.520000000000e+00  3.240000000000e+00 -3.536000000000e+00
 3.520000000000e+00  3.320000000000e+00 -4.022400000000e+00
 3.520000000000e+00  3.400000000000e+00 -4.534400000000e+00
 3.520000000000e+00  3.480000000000e+00 -5.072000000000e+00
 3.520000000000e+00  3.560000000000e+00 -5.635200000000e+00
 3.520000000000e+00  3.640000000000e+00 -6.224000000000e+00
 3.520000000000e+00  3.720000000000e+00 -6.838400000000e+00
 3.520000000000e+00  3.800000000000e+00 -7.478400000000e+00
 3.520000000000e+00  3.880000000000e+00 -8.144000000000e+00
 3.520000000000e+00  3.960000000000e+00 -8.835200000000e+00
 3.520000000000e+00  4.040000000000e+00 -9.552000000000e+00
 3.520000000000e+00  4.120000000000e+00 -1.029440000000e+01
 3.520000000000e+00  4.200000000000e+00 -1.106240000000e+01
 3.520000000000e+00  4.280000000000e+00 -1.185600000000e+01
 3.520000000000e+00  4.360000000000e+00 -1.267520000000e+01
 3.520000000000e+00  4.440000000000e+00 -1.352000000000e+01
 3.520000000000e+00  4.520000000000e+00 -1.439040000000e+01
 3.520000000000e+00  4.600000000000e+00 -1.528640000000e+01
 3.520000000000e+00  4.680000000000e+00 -1.620800000000e+01
 3.520000000000e+00  4.760000000000e+00 -1.715520000000e+01
 3.520000000000e+00  4.840000000000e+00 -1.812800000000e+01
 3.520000000000e+00  4.920000000000e+00 -1.912640000000e+01
 3.520000000000e+00  5.000000000000e+00 -2.015040000000e+01

 3.600000000000e+00 -3.000000000000e+00 -4.536000000000e+01
 3.600000000000e+00 -2.920000000000e+00 -4.383680000000e+01
 3.600000000000e+00 -2.840000000000e+00 -4.233920000000e+01
 3.600000000000e+00 -2.760000000000e+00 -4.086720000000e+01
 3.600000000000e+00 -2.680000000000e+00 -3.942080000000e+01
 3.600000000000e+00 -2.600000000000e+00 -3.800000000000e+01
 3.600000000000e+00 -2.520000000000e+00 -3.660480000000e+01
 3.600000000000e+00 -2.440000000000e+00 -3.523520000000e+01
 3.600000000000e+00 -2.360000000000e+00 -3.389120000000e+01
 3.600000000000e+00 -2.280000000000e+00 -3.257280000000e+01
 3.600000000000e+00 -2.200000000000e+00 -3.128000000000e+01
 3.600000000000e+00 -2.120000000000e+00 -3.001280000000e+01
 3.600000000000e+00 -2.040000000000e+00 -2.877120000000e+01
 3.600000000000e+00 -1.960000000000e+00 -2.755520000000e+01
 3.600000000000e+00 -1.880000000000e+00 -2.636480000000e+01
 3.600000000000e+00 -1.800000000000e+00 -2.520000000000e+01
 3.600000000000e+00 -1.720000000000e+00 -2.406080000000e+01
 3.600000000000e+00 -1.640000000000e+00 -2.294720000000e+01
 3.600000000000e+00 -1.560000000000e+00 -2.185920000000e+01
 3.600000000000e+00 -1.480000000000e+00 -2.079680000000e+01
 3.600000000000e+00 -1.400000000000e+00 -1.976000000000e+01
 3.600000000000e+00 -1.320000000000e+00 -1.874880000000e+01
 3.600000000000e+00 -1.240000000000e+00 -1.776320000000e+01
 3.600000000000e+00 -1.160000000000e+00 -1.680320000000e+01
 3.600000000000e+00 -1.080000000000e+00 -1.586880000000e+01
 3.600000000000e+00 -1.000000000000e+00 -1.496000000000e+01
 3.600000000000e+00 -9.200000000000e-01 -1.407680000000e+01
 3.600000000000e+00 -8.400000000000e-01 -1.321920000000e+01
 3.600000000000e+00 -7.600000000000e-01 -1.238720000000e+01
 3.600000000000e+00 -6.800000000000e-01 -1.158080000000e+01
 3.600000000000e+00 -6.000000000000e-01 -1.080000000000e+01
 3.600000000000e+00 -5.200000000000e-01 -1.004480000000e+01
 3.600000000000e+00 -4.400000000000e-01 -9.315200000000e+00
 3.600000000000e+00 -3.600000000000e-01 -8.611200000000e+00
 3.600000000000e+00 -2.800000000000e-01 -7.932800000000e+00
 3.600000000000e+00 -2.000000000000e-01 -7.280000000000e+00
 3.600000000000e+00 -1.200000000000e-01 -6.652800000000e+00
 3.600000000000e+00 -4.000000000000e-02 -6.051200000000e+00
 3.600000000000e+00  4.000000000000e-02 -5.475200000000e+00
 3.600000000000e+00  1.200000000000e-01 -4.924800000000e+00
 3.600000000000e+00  2.000000000000e-01 -4.400000000000e+00
 3.600000000000e+00  2.800000000000e-01 -3.900800000000e+00
 3.600000000000e+00  3.600000000000e-01 -3.427200000000e+00
 3.600000000000e+00  4.400000000000e-01 -2.979200000000e+00
 3.600000000000e+00  5.200000000000e-01 -2.556800000000e+00
 3.600000000000e+00  6.000000000000e-01 -2.160000000000e+00
 3.600000000000e+00  6.800000000000e-01 -1.788800000000e+00
 3.600000000000e+00  7.600000000000e-01 -1.443200000000e+00
 3.600000000000e+00  8.400000000000e-01 -1.123200000000e+00
 3.600000000000e+00  9.200000000000e-01 -8.288000000000e-01
 3.600000000000e+00  1.000000000000e+00 -5.600000000000e-01
 3.600000000000e+00  1.080000000000e+00 -3.168000000000e-01
 3.600000000000e+00  1.160000000000e+00 -9.920000000000e-02
 3.600000000000e+00  1.240000000000e+00  9.280000000000e-02
 3.600000000000e+00  1.320000000000e+00  2.592000000000e-01
 3.600000000000e+00  1.400000000000e+00  4.000000000000e-01
 3.600000000000e+00  1.480000000000e+00  5.152000000000e-01
 3.600000000000e+00  1.560000000000e+00  6.048000000000e-01
 3.600000000000e+00  1.640000000000e+00  6.688000000000e-01
 3.600000000000e+00  1.720000000000e+00  7.072000000000e-01
 3.600000000000e+00  1.800000000000e+00  7.200000000000e-01
 3.600000000000e+00  1.880000000000e+00  7.072000000000e-01
 3.600000000000e+00  1.960000000000e+00  6.688000000000e-01
 3.600000000000e+00  2.040000000000e+00  6.048000000000e-01
 3.600000000000e+00  2.120000000000e+00  5.152000000000e-01
 3.600000000000e+00  2.200000000000e+00  4.000000000000e-01
 3.600000000000e+00  2.280000000000e+00  2.592000000000e-01
 3.600000000000e+00  2.360000000000e+00  9.280000000000e-02
 3.600000000000e+00  2.440000000000e+00 -9.920000000000e-02
 3.600000000000e+00  2.520000000000e+00 -3.168000000000e-01
 3.600000000000e+00  2.600000000000e+00 -5.600000000000e-01
 3.600000000000e+00  2.680000000000e+00 -8.288000000000e-01
 3.600000000000e+00  2.760000000000e+00 -1.123200000000e+00
 3.600000000000e+00  2.840000000000e+00 -1.443200000000e+00
 3.600000000000e+00  2.920000000000e+00 -1.788800000000e+00
 3.600000000000e+00  3.000000000000e+00 -2.160000000000e+00
 3.600000000000e+00  3.080000000000e+00 -2.556800000000e+00
 3.600000000000e+00  3.160000000000e+00 -2.979200000000e+00
 3.600000000000e+00  3.240000000000e+00 -3.427200000000e+00
 3.600000000000e+00  3.320000000000e+00 -3.900800000000e+00
 3.600000000000e+00  3.400000000000e+00 -4.400000000000e+00
 3.600000000000e+00  3.480000000000e+00 -4.924800000000e+00
 3.600000000000e+00  3.560000000000e+00 -5.475200000000e+00
 3.600000000000e+00  3.640000000000e+00 -6.051200000000e+00
 3.600000000000e+00  3.720000000000e+00 -6.652800000000e+00
 3.600000000000e+00  3.800000000000e+00 -7.280000000000e+00
 3.600000000000e+00  3.880000000000e+00 -7.932800000000e+00
 3.600000000000e+00  3.960000000000e+00 -8.611200000000e+00
 3.600000000000e+00  4.040000000000e+00 -9.315200000000e+00
 3.600000000000e+00  4.120000000000e+00 -1.004480000000e+01
 3.600000000000e+00  4.200000000000e+00 -1.080000000000e+01
 3.600000000000e+00  4.280000000000e+00 -1.158080000000e+01
 3.600000000000e+00  4.360000000000e+00 -1.238720000000e+01
 3.600000000000e+00  4.440000000000e+00 -1.321920000000e+01
 3.600000000000e+00  4.520000000000e+00 -1.407680000000e+01
 3.600000000000e+00  4.600000000000e+00 -1.496000000000e+01
 3.600000000000e+00  4.680000000000e+00 -1.586880000000e+01
 3.600000000000e+00  4.760000000000e+00 -1.680320000000e+01
 3.600000000000e+00  4.840000000000e+00 -1.776320000000e+01
 3.600000000000e+00  4.920000000000e+00 -1.874880000000e+01
 3.600000000000e+00  5.000000000000e+00 -1.976000000000e+01

 3.680000000000e+00 -3.000000000000e+00 -4.626240000000e+01
 3.680000000000e+00 -2.920000000000e+00 -4.472640000000e+01
 3.680000000000e+00 -2.840000000000e+00 -4.321600000000e+01
 3.680000000000e+00 -2.760000000000e+00 -4.173120000000e+01
 3.680000000000e+00 -2.680000000000e+00 -4.027200000000e+01
 3.680000000000e+00 -2.600000000000e+00 -3.883840000000e+01
 3.680000000000e+00 -2.520000000000e+00 -3.743040000000e+01
 3.680000000000e+00 -2.440000000000e+00 -3.604800000000e+01
 3.680000000000e+00 -2.360000000000e+00 -3.469120000000e+01
 3.680000000000e+00 -2.280000000000e+00 -3.336000000000e+01
 3.680000000000e+00 -2.200000000000e+00 -3.205440000000e+01
 3.680000000000e+00 -2.120000000000e+00 -3.077440000000e+01
 3.680000000000e+00 -2.040000000000e+00 -2.952000000000e+01
 3.680000000000e+00 -1.960000000000e+00 -2.829120000000e+01
 3.680000000000e+00 -1.880000000000e+00 -2.708800000000e+01
 3.680000000000e+00 -1.800000000000e+00 -2.591040000000e+01
 3.680000000000e+00 -1.720000000000e+00 -2.475840000000e+01
 3.680000000000e+00 -1.640000000000e+00 -2.363200000000e+01
 3.680000000000e+00 -1.560000000000e+00 -2.253120000000e+01
 3.680000000000e+00 -1.480000000000e+00 -2.145600000000e+01
 3.680000000000e+00 -1.400000000000e+00 -2.040640000000e+01
 3.680000000000e+00 -1.320000000000e+00 -1.938240000000e+01
 3.680000000000e+00 -1.240000000000e+00 -1.838400000000e+01
 3.680000000000e+00 -1.160000000000e+00 -1.741120000000e+01
 3.680000000000e+00 -1.080000000000e+00 -1.646400000000e+01
 3.680000000000e+00 -1.000000000000e+00 -1.554240000000e+01
 3.680000000000e+00 -9.200000000000e-01 -1.464640000000e+01
 3.680000000000e+00 -8.400000000000e-01 -1.377600000000e+01
 3.680000000000e+00 -7.600000000000e-01 -1.293120000000e+01
 3.680000000000e+00 -6.800000000000e-01 -1.211200000000e+01
 3.680000000000e+00 -6.000000000000e-01 -1.131840000000e+01
 3.680000000000e+00 -5.200000000000e-01 -1.055040000000e+01
 3.680000000000e+00 -4.400000000000e-01 -9.808000000000e+00
 3.680000000000e+00 -3.600000000000e-01 -9.091200000000e+00
 3.680000000000e+00 -2.800000000000e-01 -8.400000000000e+00
 3.680000000000e+00 -2.000000000000e-01 -7.734400000000e+00
 3.680000000000e+00 -1.200000000000e-01 -7.094400000000e+00
 3.680000000000e+00 -4.000000000000e-02 -6.480000000000e+00
 3.680000000000e+00  4.000000000000e-02 -5.891200000000e+00
 3.680000000000e+00  1.200000000000e-01 -5.328000000000e+00
 3.680000000000e+00  2.000000000000e-01 -4.790400000000e+00
 3.680000000000e+00  2.800000000000e-01 -4.278400000000e+00
 3.680000000000e+00  3.600000000000e-01 -3.792000000000e+00
 3.680000000000e+00  4.400000000000e-01 -3.331200000000e+00
 3.680000000000e+00  5.200000000000e-01 -2.896000000000e+00
 3.680000000000e+00  6.000000000000e-01 -2.486400000000e+00
 3.680000000000e+00  6.800000000000e-01 -2.102400000000e+00
 3.680000000000e+00  7.600000000000e-01 -1.744000000000e+00
 3.680000000000e+00  8.400000000000e-01 -1.411200000000e+00
 3.680000000000e+00  9.200000000000e-01 -1.104000000000e+00
 3.680000000000e+00  1.000000000000e+00 -8.224000000000e-01
 3.680000000000e+00  1.080000000000e+00 -5.664000000000e-01
 3.680000000000e+00  1.160000000000e+00 -3.360000000000e-01
 3.680000000000e+00  1.240000000000e+00 -1.312000000000e-01
 3.680000000000e+00  1.320000000000e+00  4.800000000000e-02
 3.680000000000e+00  1.400000000000e+00  2.016000000000e-01
 3.680000000000e+00  1.480000000000e+00  3.296000000000e-01
 3.680000000000e+00  1.560000000000e+00  4.320000000000e-01
 3.680000000000e+00  1.640000000000e+00  5.088000000000e-01
 3.680000000000e+00  1.720000000000e+00  5.600000000000e-01
 3.680000000000e+00  1.800000000000e+00  5.856000000000e-01
 3.680000000000e+00  1.880000000000e+00  5.856000000000e-01
 3.680000000000e+00  1.960000000000e+00  5.600000000000e-01
 3.680000000000e+00  2.040000000000e+00  5.088000000000e-01
 3.680000000000e+00  2.120000000000e+00  4.320000000000e-01
 3.680000000000e+00  2.200000000000e+00  3.296000000000e-01
 3.680000000000e+00  2.280000000000e+00  2.016000000000e-01
 3.680000000000e+00  2.360000000000e+00  4.800000000000e-02
 3.680000000000e+00  2.440000000000e+00 -1.312000000000e-01
 3.680000000000e+00  2.520000000000e+00 -3.360000000000e-01
 3.680000000000e+00  2.600000000000e+00 -5.664000000000e-01
 3.680000000000e+00  2.680000000000e+00 -8.224000000000e-01
 3.680000000000e+00  2.760000000000e+00 -1.104000000000e+00
 3.680000000000e+00  2.840000000000e+00 -1.411200000000e+00
 3.680000000000e+00  2.920000000000e+00 -1.744000000000e+00
 3.680000000000e+00  3.000000000000e+00 -2.102400000000e+00
 3.680000000000e+00  3.080000000000e+00 -2.486400000000e+00
 3.680000000000e+00  3.160000000000e+00 -2.896000000000e+00
 3.680000000000e+00  3.240000000000e+00 -3.331200000000e+00
 3.680000000000e+00  3.320000000000e+00 -3.792000000000e+00
 3.680000000000e+00  3.400000000000e+00 -4.278400000000e+00
 3.680000000000e+00  3.480000000000e+00 -4.790400000000e+00
 3.680000000000e+00  3.560000000000e+00 -5.328000000000e+00
 3.680000000000e+00  3.640000000000e+00 -5.891200000000e+00
 3.680000000000e+00  3.720000000000e+00 -6.480000000000e+00
 3.680000000000e+00  3.800000000000e+00 -7.094400000000e+00
 3.680000000000e+00  3.880000000000e+00 -7.734400000000e+00
 3.680000000000e+00  3.960000000000e+00 -8.400000000000e+00
 3.680000000000e+00  4.040000000000e+00 -9.091200000000e+00
 3.680000000000e+00  4.120000000000e+00 -9.808000000000e+00
 3.680000000000e+00  4.200000000000e+00 -1.055040000000e+01
 3.680000000000e+00  4.280000000000e+00 -1.131840000000e+01
 3.680000000000e+00  4.360000000000e+00 -1.211200000000e+01
 3.680000000000e+00  4.440000000000e+00 -1.293120000000e+01
 3.680000000000e+00  4.520000000000e+00 -1.377600000000e+01
 3.680000000000e+00  4.600000000000e+00 -1.464640000000e+01
 3.680000000000e+00  4.680000000000e+00 -1.554240000000e+01
 3.680000000000e+00  4.760000000000e+00 -1.646400000000e+01
 3.680000000000e+00  4.840000000000e+00 -1.741120000000e+01
 3.680000000000e+00  4.920000000000e+00 -1.838400000000e+01
 3.680000000000e+00  5.000000000000e+00 -1.938240000000e+01

 3.760000000000e+00 -3.000000000000e+00 -4.717760000000e+01
 3.760000000000e+00 -2.920000000000e+00 -4.562880000000e+01
 3.760000000000e+00 -2.840000000000e+00 -4.410560000000e+01
 3.760000000000e+00 -2.760000000000e+00 -4.260800000000e+01
 3.760000000000e+00 -2.680000000000e+00 -4.113600000000e+01
 3.760000000000e+00 -2.600000000000e+00 -3.968960000000e+01
 3.760000000000e+00 -2.520000000000e+00 -3.826880000000e+01
 3.760000000000e+00 -2.440000000000e+00 -3.687360000000e+01
 3.760000000000e+00 -2.360000000000e+00 -3.550400000000e+01
 3.760000000000e+00 -2.280000000000e+00 -3.416000000000e+01
 3.760000000000e+00 -2.200000000000e+00 -3.284160000000e+01
 3.760000000000e+00 -2.120000000000e+00 -3.154880000000e+01
 3.760000000000e+00 -2.040000000000e+00 -3.028160000000e+01
 3.760000000000e+00 -1.960000000000e+00 -2.904000000000e+01
 3.760000000000e+00 -1.880000000000e+00 -2.782400000000e+01
 3.760000000000e+00 -1.800000000000e+00 -2.663360000000e+01
 3.760000000000e+00 -1.720000000000e+00 -2.546880000000e+01
 3.760000000000e+00 -1.640000000000e+00 -2.432960000000e+01
 3.760000000000e+00 -1.560000000000e+00 -2.321600000000e+01
 3.760000000000e+00 -1.480000000000e+00 -2.212800000000e+01
 3.760000000000e+00 -1.400000000000e+00 -2.106560000000e+01
 3.760000000000e+00 -1.320000000000e+00 -2.002880000000e+01
 3.760000000000e+00 -1.240000000000e+00 -1.901760000000e+01
 3.760000000000e+00 -1.160000000000e+00 -1.803200000000e+01
 3.760000000000e+00 -1.080000000000e+00 -1.707200000000e+01
 3.760000000000e+00 -1.000000000000e+00 -1.613760000000e+01
 3.760000000000e+00 -9.200000000000e-01 -1.522880000000e+01
 3.760000000000e+00 -8.400000000000e-01 -1.434560000000e+01
 3.760000000000e+00 -7.600000000000e-01 -1.348800000000e+01
 3.760000000000e+00 -6.800000000000e-01 -1.265600000000e+01
 3.760000000000e+00 -6.000000000000e-01 -1.184960000000e+01
 3.760000000000e+00 -5.200000000000e-01 -1.106880000000e+01
 3.760000000000e+00 -4.400000000000e-01 -1.031360000000e+01
 3.760000000000e+00 -3.600000000000e-01 -9.584000000000e+00
 3.760000000000e+00 -2.800000000000e-01 -8.880000000000e+00
 3.760000000000e+00 -2.000000000000e-01 -8.201600000000e+00
 3.760000000000e+00 -1.200000000000e-01 -7.548800000000e+00
 3.760000000000e+00 -4.000000000000e-02 -6.921600000000e+00
 3.760000000000e+00  4.000000000000e-02 -6.320000000000e+00
 3.760000000000e+00  1.200000000000e-01 -5.744000000000e+00
 3.760000000000e+00  2.000000000000e-01 -5.193600000000e+00
 3.760000000000e+00  2.800000000000e-01 -4.668800000000e+00
 3.760000000000e+00  3.600000000000e-01 -4.169600000000e+00
 3.760000000000e+00  4.400000000000e-01 -3.696000000000e+00
 3.760000000000e+00  5.200000000000e-01 -3.248000000000e+00
 3.760000000000e+00  6.000000000000e-01 -2.825600000000e+00
 3.760000000000e+00  6.800000000000e-01 -2.428800000000e+00
 3.760000000000e+00  7.600000000000e-01 -2.057600000000e+00
 3.760000000000e+00  8.400000000000e-01 -1.712000000000e+00
 3.760000000000e+00  9.200000000000e-01 -1.392000000000e+00
 3.760000000000e+00  1.000000000000e+00 -1.097600000000e+00
 3.760000000000e+00  1.080000000000e+00 -8.288000000000e-01
 3.760000000000e+00  1.160000000000e+00 -5.856000000000e-01
 3.760000000000e+00  1.240000000000e+00 -3.680000000000e-01
 3.760000000000e+00  1.320000000000e+00 -1.760000000000e-01
 3.760000000000e+00  1.400000000000e+00 -9.599999999999e-03
 3.760000000000e+00  1.480000000000e+00  1.312000000000e-01
 3.760000000000e+00  1.560000000000e+00  2.464000000000e-01
 3.760000000000e+00  1.640000000000e+00  3.360000000000e-01
 3.760000000000e+00  1.720000000000e+00  4.000000000000e-01
 3.760000000000e+00  1.800000000000e+00  4.384000000000e-01
 3.760000000000e+00  1.880000000000e+00  4.512000000000e-01
 3.760000000000e+00  1.960000000000e+00  4.384000000000e-01
 3.760000000000e+00  2.040000000000e+00  4.000000000000e-01
 3.760000000000e+00  2.120000000000e+00  3.360000000000e-01
 3.760000000000e+00  2.200000000000e+00  2.464000000000e-01
 3.760000000000e+00  2.280000000000e+00  1.312000000000e-01
 3.760000000000e+00  2.360000000000e+00 -9.599999999999e-03
 3.760000000000e+00  2.440000000000e+00 -1.760000000000e-01
 3.760000000000e+00  2.520000000000e+00 -3.680000000000e-01
 3.760000000000e+00  2.600000000000e+00 -5.856000000000e-01
 3.760000000000e+00  2.680000000000e+00 -8.288000000000e-01
 3.760000000000e+00  2.760000000000e+00 -1.097600000000e+00
 3.760000000000e+00  2.840000000000e+00 -1.392000000000e+00
 3.760000000000e+00  2.920000000000e+00 -1.712000000000e+00
 3.760000000000e+00  3.000000000000e+00 -2.057600000000e+00
 3.760000000000e+00  3.080000000000e+00 -2.428800000000e+00
 3.760000000000e+00  3.160000000000e+00 -2.825600000000e+00
 3.760000000000e+00  3.240000000000e+00 -3.248000000000e+00
 3.760000000000e+00  3.320000000000e+00 -3.696000000000e+00
 3.760000000000e+00  3.400000000000e+00 -4.169600000000e+00
 3.760000000000e+00  3.480000000000e+00 -4.668800000000e+00
 3.760000000000e+00  3.560000000000e+00 -5.193600000000e+00
 3.760000000000e+00  3.640000000000e+00 -5.744000000000e+00
 3.760000000000e+00  3.720000000000e+00 -6.320000000000e+00
 3.760000000000e+00  3.800000000000e+00 -6.921600000000e+00
 3.760000000000e+00  3.880000000000e+00 -7.548800000000e+00
 3.760000000000e+00  3.960000000000e+00 -8.201600000000e+00
 3.760000000000e+00  4.040000000000e+00 -8.880000000000e+00
 3.760000000000e+00  4.120000000000e+00 -9.584000000000e+00
 3.760000000000e+00  4.200000000000e+00 -1.031360000000e+01
 3.760000000000e+00  4.280000000000e+00 -1.106880000000e+01
 3.760000000000e+00  4.360000000000e+00 -1.184960000000e+01
 3.760000000000e+00  4.440000000000e+00 -1.265600000000e+01
 3.760000000000e+00  4.520000000000e+00 -1.348800000000e+01
 3.760000000000e+00  4.600000000000e+00 -1.434560000000e+01
 3.760000000000e+00  4.680000000000e+00 -1.522880000000e+01
 3.760000000000e+00  4.760000000000e+00 -1.613760000000e+01
 3.760000000000e+00  4.840000000000e+00 -1.707200000000e+01
 3.760000000000e+00  4.920000000000e+00 -1.803200000000e+01
 3.760000000000e+00  5.000000000000e+00 -1.901760000000e+01

 3.840000000000e+00 -3.000000000000e+00 -4.810560000000e+01
 3.840000000000e+00 -2.920000000000e+00 -4.654400000000e+01
 3.840000000000e+00 -2.840000000000e+00 -4.500800000000e+01
 3.840000000000e+00 -2.760000000000e+00 -4.349760000000e+01
 3.840000000000e+00 -2.680000000000e+00 -4.201280000000e+01
 3.840000000000e+00 -2.600000000000e+00 -4.055360000000e+01
 3.840000000000e+00 -2.520000000000e+00 -3.912000000000e+01
 3.840000000000e+00 -2.440000000000e+00 -3.771200000000e+01
 3.840000000000e+00 -2.360000000000e+00 -3.632960000000e+01
 3.840000000000e+00 -2.280000000000e+00 -3.497280000000e+01
 3.840000000000e+00 -2.200000000000e+00 -3.364160000000e+01
 3.840000000000e+00 -2.120000000000e+00 -3.233600000000e+01
 3.840000000000e+00 -2.040000000000e+00 -3.105600000000e+01
 3.840000000000e+00 -1.960000000000e+00 -2.980160000000e+01
 3.840000000000e+00 -1.880000000000e+00 -2.857280000000e+01
 3.840000000000e+00 -1.800000000000e+00 -2.736960000000e+01
 3.840000000000e+00 -1.720000000000e+00 -2.619200000000e+01
 3.840000000000e+00 -1.640000000000e+00 -2.504000000000e+01
 3.840000000000e+00 -1.560000000000e+00 -2.391360000000e+01
 3.840000000000e+00 -1.480000000000e+00 -2.281280000000e+01
 3.840000000000e+00 -1.400000000000e+00 -2.173760000000e+01
 3.840000000000e+00 -1.320000000000e+00 -2.068800000000e+01
 3.840000000000e+00 -1.240000000000e+00 -1.966400000000e+01
 3.840000000000e+00 -1.160000000000e+00 -1.866560000000e+01
 3.840000000000e+00 -1.080000000000e+00 -1.769280000000e+01
 3.840000000000e+00 -1.000000000000e+00 -1.674560000000e+01
 3.840000000000e+00 -9.200000000000e-01 -1.582400000000e+01
 3.840000000000e+00 -8.400000000000e-01 -1.492800000000e+01
 3.840000000000e+00 -7.600000000000e-01 -1.405760000000e+01
 3.840000000000e+00 -6.800000000000e-01 -1.321280000000e+01
 3.840000000000e+00 -6.000000000000e-01 -1.239360000000e+01
 3.840000000000e+00 -5.200000000000e-01 -1.160000000000e+01
 3.840000000000e+00 -4.400000000000e-01 -1.083200000000e+01
 3.840000000000e+00 -3.600000000000e-01 -1.008960000000e+01
 3.840000000000e+00 -2.800000000000e-01 -9.372800000000e+00
 3.840000000000e+00 -2.000000000000e-01 -8.681600000000e+00
 3.840000000000e+00 -1.200000000000e-01 -8.016000000000e+00
 3.840000000000e+00 -4.000000000000e-02 -7.376000000000e+00
 3.840000000000e+00  4.000000000000e-02 -6.761600000000e+00
 3.840000000000e+00  1.200000000000e-01 -6.172800000000e+00
 3.840000000000e+00  2.000000000000e-01 -5.609600000000e+00
 3.840000000000e+00  2.800000000000e-01 -5.072000000000e+00
 3.840000000000e+00  3.600000000000e-01 -4.560000000000e+00
 3.840000000000e+00  4.400000000000e-01 -4.073600000000e+00
 3.840000000000e+00  5.200000000000e-01 -3.612800000000e+00
 3.840000000000e+00  6.000000000000e-01 -3.177600000000e+00
 3.840000000000e+00  6.800000000000e-01 -2.768000000000e+00
 3.840000000000e+00  7.600000000000e-01 -2.384000000000e+00
 3.840000000000e+00  8.400000000000e-01 -2.025600000000e+00
 3.840000000000e+00  9.200000000000e-01 -1.692800000000e+00
 3.840000000000e+00  1.000000000000e+00 -1.385600000000e+00
 3.840000000000e+00  1.080000000000e+00 -1.104000000000e+00
 3.840000000000e+00  1.160000000000e+00 -8.480000000000e-01
 3.840000000000e+00  1.240000000000e+00 -6.176000000000e-01
 3.840000000000e+00  1.320000000000e+00 -4.128000000000e-01
 3.840000000000e+00  1.400000000000e+00 -2.336000000000e-01
 3.840000000000e+00  1.480000000000e+00 -8.000000000000e-02
 3.840000000000e+00  1.560000000000e+00  4.800000000000e-02
 3.840000000000e+00  1.640000000000e+00  1.504000000000e-01
 3.840000000000e+00  1.720000000000e+00  2.272000000000e-01
 3.840000000000e+00  1.800000000000e+00  2.784000000000e-01
 3.840000000000e+00  1.880000000000e+00  3.040000000000e-01
 3.840000000000e+00  1.960000000000e+00  3.040000000000e-01
 3.840000000000e+00  2.040000000000e+00  2.784000000000e-01
 3.840000000000e+00  2.120000000000e+00  2.272000000000e-01
 3.840000000000e+00  2.200000000000e+00  1.504000000000e-01
 3.840000000000e+00  2.280000000000e+00  4.800000000000e-02
 3.840000000000e+00  2.360000000000e+00 -8.000000000000e-02
 3.840000000000e+00  2.440000000000e+00 -2.336000000000e-01
 3.840000000000e+00  2.520000000000e+00 -4.128000000000e-01
 3.840000000000e+00  2.600000000000e+00 -6.176000000000e-01
 3.840000000000e+00  2.680000000000e+00 -8.480000000000e-01
 3.840000000000e+00  2.760000000000e+00 -1.104000000000e+00
 3.840000000000e+00  2.840000000000e+00 -1.385600000000e+00
 3.840000000000e+00  2.920000000000e+00 -1.692800000000e+00
 3.840000000000e+00  3.000000000000e+00 -2.025600000000e+00
 3.840000000000e+00  3.080000000000e+00 -2.384000000000e+00
 3.840000000000e+00  3.160000000000e+00 -2.768000000000e+00
 3.840000000000e+00  3.240000000000e+00 -3.177600000000e+00
 3.840000000000e+00  3.320000000000e+00 -3.612800000000e+00
 3.840000000000e+00  3.400000000000e+00 -4.073600000000e+00
 3.840000000000e+00  3.480000000000e+00 -4.560000000000e+00
 3.840000000000e+00  3.560000000000e+00 -5.072000000000e+00
 3.840000000000e+00  3.640000000000e+00 -5.609600000000e+00
 3.840000000000e+00  3.720000000000e+00 -6.172800000000e+00
 3.840000000000e+00  3.800000000000e+00 -6.761600000000e+00
 3.840000000000e+00  3.880000000000e+00 -7.376000000000e+00
 3.840000000000e+00  3.960000000000e+00 -8.016000000000e+00
 3.840000000000e+00  4.040000000000e+00 -8.681600000000e+00
 3.840000000000e+00  4.120000000000e+00 -9.372800000000e+00
 3.840000000000e+00  4.200000000000e+00 -1.008960000000e+01
 3.840000000000e+00  4.280000000000e+00 -1.083200000000e+01
 3.840000000000e+00  4.360000000000e+00 -1.160000000000e+01
 3.840000000000e+00  4.440000000000e+00 -1.239360000000e+01
 3.840000000000e+00  4.520000000000e+00 -1.321280000000e+01
 3.840000000000e+00  4.600000000000e+00 -1.405760000000e+01
 3.840000000000e+00  4.680000000000e+00 -1.492800000000e+01
 3.840000000000e+00  4.760000000000e+00 -1.582400000000e+01
 3.840000000000e+00  4.840000000000e+00 -1.674560000000e+01
 3.840000000000e+00  4.920000000000e+00 -1.769280000000e+01
 3.840000000000e+00  5.000000000000e+00 -1.866560000000e+01

 3.920000000000e+00 -3.000000000000e+00 -4.904640000000e+01
 3.920000000000e+00 -2.920000000000e+00 -4.747200000000e+01
 3.920000000000e+00 -2.840000000000e+00 -4.592320000000e+01
 3.920000000000e+00 -2.760000000000e+00 -4.440000000000e+01
 3.920000000000e+00 -2.680000000000e+00 -4.290240000000e+01
 3.920000000000e+00 -2.600000000000e+00 -4.143040000000e+01
 3.920000000000e+00 -2.520000000000e+00 -3.998400000000e+01
 3.920000000000e+00 -2.440000000000e+00 -3.856320000000e+01
 3.920000000000e+00 -2.360000000000e+00 -3.716800000000e+01
 3.920000000000e+00 -2.280000000000e+00 -3.579840000000e+01
 3.920000000000e+00 -2.200000000000e+00 -3.445440000000e+01
 3.920000000000e+00 -2.120000000000e+00 -3.313600000000e+01
 3.920000000000e+00 -2.040000000000e+00 -3.184320000000e+01
 3.920000000000e+00 -1.960000000000e+00 -3.057600000000e+01
 3.920000000000e+00 -1.880000000000e+00 -2.933440000000e+01
 3.920000000000e+00 -1.800000000000e+00 -2.811840000000e+01
 3.920000000000e+00 -1.720000000000e+00 -2.692800000000e+01
 3.920000000000e+00 -1.640000000000e+00 -2.576320000000e+01
 3.920000000000e+00 -1.560000000000e+00 -2.462400000000e+01
 3.920000000000e+00 -1.480000000000e+00 -2.351040000000e+01
 3.920000000000e+00 -1.400000000000e+00 -2.242240000000e+01
 3.920000000000e+00 -1.320000000000e+00 -2.136000000000e+01
 3.920000000000e+00 -1.240000000000e+00 -2.032320000000e+01
 3.920000000000e+00 -1.160000000000e+00 -1.931200000000e+01
 3.920000000000e+00 -1.080000000000e+00 -1.832640000000e+01
 3.920000000000e+00 -1.000000000000e+00 -1.736640000000e+01
 3.920000000000e+00 -9.200000000000e-01 -1.643200000000e+01
 3.920000000000e+00 -8.400000000000e-01 -1.552320000000e+01
 3.920000000000e+00 -7.600000000000e-01 -1.464000000000e+01
 3.920000000000e+00 -6.800000000000e-01 -1.378240000000e+01
 3.920000000000e+00 -6.000000000000e-01 -1.295040000000e+01
 3.920000000000e+00 -5.200000000000e-01 -1.214400000000e+01
 3.920000000000e+00 -4.400000000000e-01 -1.136320000000e+01
 3.920000000000e+00 -3.600000000000e-01 -1.060800000000e+01
 3.920000000000e+00 -2.800000000000e-01 -9.878400000000e+00
 3.920000000000e+00 -2.000000000000e-01 -9.174400000000e+00
 3.920000000000e+00 -1.200000000000e-01 -8.496000000000e+00
 3.920000000000e+00 -4.000000000000e-02 -7.843200000000e+00
 3.920000000000e+00  4.000000000000e-02 -7.216000000000e+00
 3.920000000000e+00  1.200000000000e-01 -6.614400000000e+00
 3.920000000000e+00  2.000000000000e-01 -6.038400000000e+00
 3.920000000000e+00  2.800000000000e-01 -5.488000000000e+00
 3.920000000000e+00  3.600000000000e-01 -4.963200000000e+00
 3.920000000000e+00  4.400000000000e-01 -4.464000000000e+00
 3.920000000000e+00  5.200000000000e-01 -3.990400000000e+00
 3.920000000000e+00  6.000000000000e-01 -3.542400000000e+00
 3.920000000000e+00  6.800000000000e-01 -3.120000000000e+00
 3.920000000000e+00  7.600000000000e-01 -2.723200000000e+00
 3.920000000000e+00  8.400000000000e-01 -2.352000000000e+00
 3.920000000000e+00  9.200000000000e-01 -2.006400000000e+00
 3.920000000000e+00  1.000000000000e+00 -1.686400000000e+00
 3.920000000000e+00  1.080000000000e+00 -1.392000000000e+00
 3.920000000000e+00  1.160000000000e+00 -1.123200000000e+00
 3.920000000000e+00  1.240000000000e+00 -8.800000000000e-01
 3.920000000000e+00  1.320000000000e+00 -6.624000000000e-01
 3.920000000000e+00  1.400000000000e+00 -4.704000000000e-01
 3.920000000000e+00  1.480000000000e+00 -3.040000000000e-01
 3.920000000000e+00  1.560000000000e+00 -1.632000000000e-01
 3.920000000000e+00  1.640000000000e+00 -4.800000000000e-02
 3.920000000000e+00  1.720000000000e+00  4.160000000000e-02
 3.920000000000e+00  1.800000000000e+00  1.056000000000e-01
 3.920000000000e+00  1.880000000000e+00  1.440000000000e-01
 3.920000000000e+00  1.960000000000e+00  1.568000000000e-01
 3.920000000000e+00  2.040000000000e+00  1.440000000000e-01
 3.920000000000e+00  2.120000000000e+00  1.056000000000e-01
 3.920000000000e+00  2.200000000000e+00  4.160000000000e-02
 3.920000000000e+00  2.280000000000e+00 -4.800000000000e-02
 3.920000000000e+00  2.360000000000e+00 -1.632000000000e-01
 3.920000000000e+00  2.440000000000e+00 -3.040000000000e-01
 3.920000000000e+00  2.520000000000e+00 -4.704000000000e-01
 3.920000000000e+00  2.600000000000e+00 -6.624000000000e-01
 3.920000000000e+00  2.680000000000e+00 -8.800000000000e-01
 3.920000000000e+00  2.760000000000e+00 -1.123200000000e+00
 3.920000000000e+00  2.840000000000e+00 -1.392000000000e+00
 3.920000000000e+00  2.920000000000e+00 -1.686400000000e+00
 3.920000000000e+00  3.000000000000e+00 -2.006400000000e+00
 3.920000000000e+00  3.080000000000e+00 -2.352000000000e+00
 3.920000000000e+00  3.160000000000e+00 -2.723200000000e+00
 3.920000000000e+00  3.240000000000e+00 -3.120000000000e+00
 3.920000000000e+00  3.320000000000e+00 -3.542400000000e+00
 3.920000000000e+00  3.400000000000e+00 -3.990400000000e+00
 3.920000000000e+00  3.480000000000e+00 -4.464000000000e+00
 3.920000000000e+00  3.560000000000e+00 -4.963200000000e+00
 3.920000000000e+00  3.640000000000e+00 -5.488000000000e+00
 3.920000000000e+00  3.720000000000e+00 -6.038400000000e+00
 3.920000000000e+00  3.800000000000e+00 -6.614400000000e+00
 3.920000000000e+00  3.880000000000e+00 -7.216000000000e+00
 3.920000000000e+00  3.960000000000e+00 -7.843200000000e+00
 3.920000000000e+00  4.040000000000e+00 -8.496000000000e+00
 3.920000000000e+00  4.120000000000e+00 -9.174400000000e+00
 3.920000000000e+00  4.200000000000e+00 -9.878400000000e+00
 3.920000000000e+00  4.280000000000e+00 -1.060800000000e+01
 3.920000000000e+00  4.360000000000e+00 -1.136320000000e+01
 3.920000000000e+00  4.440000000000e+00 -1.214400000000e+01
 3.920000000000e+00  4.520000000000e+00 -1.295040000000e+01
 3.920000000000e+00  4.600000000000e+00 -1.378240000000e+01
 3.920000000000e+00  4.680000000000e+00 -1.464000000000e+01
 3.920000000000e+00  4.760000000000e+00 -1.552320000000e+01
 3.920000000000e+00  4.840000000000e+00 -1.643200000000e+01
 3.920000000000e+00  4.920000000000e+00 -1.736640000000e+01
 3.920000000000e+00  5.000000000000e+00 -1.832640000000e+01

 4.000000000000e+00 -3.000000000000e+00 -5.000000000000e+01
 4.000000000000e+00 -2.920000000000e+00 -4.841280000000e+01
 4.000000000000e+00 -2.840000000000e+00 -4.685120000000e+01
 4.000000000000e+00 -2.760000000000e+00 -4.531520000000e+01
 4.000000000000e+00 -2.680000000000e+00 -4.380480000000e+01
 4.000000000000e+00 -2.600000000000e+00 -4.232000000000e+01
 4.000000000000e+00 -2.520000000000e+00 -4.086080000000e+01
 4.000000000000e+00 -2.440000000000e+00 -3.942720000000e+01
 4.000000000000e+00 -2.360000000000e+00 -3.801920000000e+01
 4.000000000000e+00 -2.280000000000e+00 -3.663680000000e+01
 4.000000000000e+00 -2.200000000000e+00 -3.528000000000e+01
 4.000000000000e+00 -2.120000000000e+00 -3.394880000000e+01
 4.000000000000e+00 -2.040000000000e+00 -3.264320000000e+01
 4.000000000000e+00 -1.960000000000e+00 -3.136320000000e+01
 4.000000000000e+00 -1.880000000000e+00 -3.010880000000e+01
 4.000000000000e+00 -1.800000000000e+00 -2.888000000000e+01
 4.000000000000e+00 -1.720000000000e+00 -2.767680000000e+01
 4.000000000000e+00 -1.640000000000e+00 -2.649920000000e+01
 4.000000000000e+00 -1.560000000000e+00 -2.534720000000e+01
 4.000000000000e+00 -1.480000000000e+00 -2.422080000000e+01
 4.000000000000e+00 -1.400000000000e+00 -2.312000000000e+01
 4.000000000000e+00 -1.320000000000e+00 -2.204480000000e+01
 4.000000000000e+00 -1.240000000000e+00 -2.099520000000e+01
 4.000000000000e+00 -1.160000000000e+00 -1.997120000000e+01
 4.000000000000e+00 -1.080000000000e+00 -1.897280000000e+01
 4.000000000000e+00 -1.000000000000e+00 -1.800000000000e+01
 4.000000000000e+00 -9.200000000000e-01 -1.705280000000e+01
 4.000000000000e+00 -8.400000000000e-01 -1.613120000000e+01
 4.000000000000e+00 -7.600000000000e-01 -1.523520000000e+01
 4.000000000000e+00 -6.800000000000e-01 -1.436480000000e+01
 4.000000000000e+00 -6.000000000000e-01 -1.352000000000e+01
 4.000000000000e+00 -5.200000000000e-01 -1.270080000000e+01
 4.000000000000e+00 -4.400000000000e-01 -1.190720000000e+01
 4.000000000000e+00 -3.600000000000e-01 -1.113920000000e+01
 4.000000000000e+00 -2.800000000000e-01 -1.039680000000e+01
 4.000000000000e+00 -2.000000000000e-01 -9.680000000000e+00
 4.000000000000e+00 -1.200000000000e-01 -8.988800000000e+00
 4.000000000000e+00 -4.000000000000e-02 -8.323200000000e+00
 4.000000000000e+00  4.000000000000e-02 -7.683200000000e+00
 4.000000000000e+00  1.200000000000e-01 -7.068800000000e+00
 4.000000000000e+00  2.000000000000e-01 -6.480000000000e+00
 4.000000000000e+00  2.800000000000e-01 -5.916800000000e+00
 4.000000000000e+00  3.600000000000e-01 -5.379200000000e+00
 4.000000000000e+00  4.400000000000e-01 -4.867200000000e+00
 4.000000000000e+00  5.200000000000e-01 -4.380800000000e+00
 4.000000000000e+00  6.000000000000e-01 -3.920000000000e+00
 4.000000000000e+00  6.800000000000e-01 -3.484800000000e+00
 4.000000000000e+00  7.600000000000e-01 -3.075200000000e+00
 4.000000000000e+00  8.400000000000e-01 -2.691200000000e+00
 4.000000000000e+00  9.200000000000e-01 -2.332800000000e+00
 4.000000000000e+00  1.000000000000e+00 -2.000000000000e+00
 4.000000000000e+00  1.080000000000e+00 -1.692800000000e+00
 4.000000000000e+00  1.160000000000e+00 -1.411200000000e+00
 4.000000000000e+00  1.240000000000e+00 -1.155200000000e+00
 4.000000000000e+00  1.320000000000e+00 -9.248000000000e-01
 4.000000000000e+00  1.400000000000e+00 -7.200000000000e-01
 4.000000000000e+00  1.480000000000e+00 -5.408000000000e-01
 4.000000000000e+00  1.560000000000e+00 -3.872000000000e-01
 4.000000000000e+00  1.640000000000e+00 -2.592000000000e-01
 4.000000000000e+00  1.720000000000e+00 -1.568000000000e-01
 4.000000000000e+00  1.800000000000e+00 -8.000000000000e-02
 4.000000000000e+00  1.880000000000e+00 -2.880000000000e-02
 4.000000000000e+00  1.960000000000e+00 -3.200000000000e-03
 4.000000000000e+00  2.040000000000e+00 -3.200000000000e-03
 4.000000000000e+00  2.120000000000e+00 -2.880000000000e-02
 4.000000000000e+00  2.200000000000e+00 -8.000000000000e-02
 4.000000000000e+00  2.280000000000e+00 -1.568000000000e-01
 4.000000000000e+00  2.360000000000e+00 -2.592000000000e-01
 4.000000000000e+00  2.440000000000e+00 -3.872000000000e-01
 4.000000000000e+00  2.520000000000e+00 -5.408000000000e-01
 4.000000000000e+00  2.600000000000e+00 -7.200000000000e-01
 4.000000000000e+00  2.680000000000e+00 -9.248000000000e-01
 4.000000000000e+00  2.760000000000e+00 -1.155200000000e+00
 4.000000000000e+00  2.840000000000e+00 -1.411200000000e+00
 4.000000000000e+00  2.920000000000e+00 -1.692800000000e+00
 4.000000000000e+00  3.000000000000e+00 -2.000000000000e+00
 4.000000000000e+00  3.080000000000e+00 -2.332800000000e+00
 4.000000000000e+00  3.160000000000e+00 -2.691200000000e+00
 4.000000000000e+00  3.240000000000e+00 -3.075200000000e+00
 4.000000000000e+00  3.320000000000e+00 -3.484800000000e+00
 4.000000000000e+00  3.400000000000e+00 -3.920000000000e+00
 4.000000000000e+00  3.480000000000e+00 -4.380800000000e+00
 4.000000000000e+00  3.560000000000e+00 -4.867200000000e+00
 4.000000000000e+00  3.640000000000e+00 -5.379200000000e+00
 4.000000000000e+00  3.720000000000e+00 -5.916800000000e+00
 4.000000000000e+00  3.800000000000e+00 -6.480000000000e+00
 4.000000000000e+00  3.880000000000e+00 -7.068800000000e+00
 4.000000000000e+00  3.960000000000e+00 -7.683200000000e+00
 4.000000000000e+00  4.040000000000e+00 -8.323200000000e+00
 4.000000000000e+00  4.120000000000e+00 -8.988800000000e+00
 4.000000000000e+00  4.200000000000e+00 -9.680000000000e+00
 4.000000000000e+00  4.280000000000e+00 -1.039680000000e+01
 4.000000000000e+00  4.360000000000e+00 -1.113920000000e+01
 4.000000000000e+00  4.440000000000e+00 -1.190720000000e+01
 4.000000000000e+00  4.520000000000e+00 -1.270080000000e+01
 4.000000000000e+00  4.600000000000e+00 -1.352000000000e+01
 4.000000000000e+00  4.680000000000e+00 -1.436480000000e+01
 4.000000000000e+00  4.760000000000e+00 -1.523520000000e+01
 4.000000000000e+00  4.840000000000e+00 -1.613120000000e+01
 4.000000000000e+00  4.920000000000e+00 -1.705280000000e+01
 4.000000000000e+00  5.000000000000e+00 -1.800000000000e+01

